[07-02 13:18:51] CAPP Binder worker 'AD-XOS-4SJ3WH3' polling https://capp-data-server.onrender.com every 5s (headless; log = pb_worker.log).
[07-02 13:26:27]   converting [vsdx] 2026 GAME PLAN/01 - DUQUESNE (SEP 5)/03 - LINEBACKERS/VISIO TEST/03 PASS GAME IDENTIFICATION ...
[07-02 13:26:28] starting Visio (kept warm for later jobs)...
[07-02 13:26:50]   done: 03 PASS GAME IDENTIFICATION
[07-02 13:27:33]   converting [vsdx] 2026 GAME PLAN/01 - DUQUESNE (SEP 5)/03 - LINEBACKERS/VISIO TEST/02 OFFENSIVE RUN SCHEMES ...
[07-02 13:27:44]   done: 02 OFFENSIVE RUN SCHEMES
[07-02 13:27:45]   converting [vsdx] 2026 GAME PLAN/01 - DUQUESNE (SEP 5)/03 - LINEBACKERS/VISIO TEST/03 PASS GAME IDENTIFICATION ...
[07-02 13:28:00]   done: 03 PASS GAME IDENTIFICATION
[07-02 13:33:37]   converting [vsdx] 2026 GAME PLAN/01 - DUQUESNE (SEP 5)/03 - LINEBACKERS/NEW TIPS/02 OFFENSIVE RUN SCHEMES ...
[07-02 13:33:50]   done: 02 OFFENSIVE RUN SCHEMES
[07-02 13:33:50]   converting [vsdx] 2026 GAME PLAN/01 - DUQUESNE (SEP 5)/03 - LINEBACKERS/NEW TIPS/03 PASS GAME IDENTIFICATION ...
[07-02 13:34:08]   done: 03 PASS GAME IDENTIFICATION
[07-02 13:34:08]   converting [vsdx] 2026 GAME PLAN/01 - DUQUESNE (SEP 5)/03 - LINEBACKERS/NEW TIPS/07 COVERAGE TOOLS ...
[07-02 13:34:13]   done: 07 COVERAGE TOOLS
[07-02 13:34:14]   converting [vsdx] 2026 GAME PLAN/01 - DUQUESNE (SEP 5)/03 - LINEBACKERS/NEW TIPS/08 DEFENSIVE RULES ...
[07-02 13:34:20]   done: 08 DEFENSIVE RULES
[07-02 13:46:02]   converting [vsdx] 2026 GAME PLAN/01 - DUQUESNE (SEP 5)/03 - LINEBACKERS/VISIO TEST/00 DEFENSIVE PHILOSOPHY ...
[07-02 13:46:11]   normalized 1 page(s) to 8.5 x 11.0 in
[07-02 13:46:13]   done: 00 DEFENSIVE PHILOSOPHY
[07-02 13:46:14]   converting [vsdx] 2026 GAME PLAN/01 - DUQUESNE (SEP 5)/03 - LINEBACKERS/VISIO TEST/02 OFFENSIVE RUN SCHEMES ...
[07-02 13:46:25]   done: 02 OFFENSIVE RUN SCHEMES
[07-02 13:46:26]   converting [vsdx] 2026 GAME PLAN/01 - DUQUESNE (SEP 5)/03 - LINEBACKERS/VISIO TEST/03 PASS GAME IDENTIFICATION ...
[07-02 13:46:42]   done: 03 PASS GAME IDENTIFICATION
[07-02 13:46:42]   converting [vsdx] 2026 GAME PLAN/01 - DUQUESNE (SEP 5)/03 - LINEBACKERS/VISIO TEST/04 PROTECTION SYSTEM ...
[07-02 13:46:45]   done: 04 PROTECTION SYSTEM
[07-02 14:02:10]   converting [vsdx] 2026 GAME PLAN/00 - FALL CAMP/03 - LINEBACKERS/00 DEFENSIVE PHILOSOPHY ...
[07-02 14:02:18]   normalized 1 page(s) to 8.5 x 11.0 in
[07-02 14:02:19]   done: 00 DEFENSIVE PHILOSOPHY
[07-02 14:02:20]   converting [vsdx] 2026 GAME PLAN/00 - FALL CAMP/03 - LINEBACKERS/01 OFFENSIVE TERMINOLOGY ...
[07-02 14:02:34]   done: 01 OFFENSIVE TERMINOLOGY
[07-02 14:02:34]   converting [vsdx] 2026 GAME PLAN/00 - FALL CAMP/03 - LINEBACKERS/02 OFFENSIVE RUN SCHEMES ...
[07-02 14:02:45]   done: 02 OFFENSIVE RUN SCHEMES
[07-02 14:02:45]   converting [vsdx] 2026 GAME PLAN/00 - FALL CAMP/03 - LINEBACKERS/03 PASS GAME IDENTIFICATION ...
[07-02 14:03:02]   done: 03 PASS GAME IDENTIFICATION
[07-02 14:06:15]   converting [vsdx] 2026 GAME PLAN/00 - FALL CAMP/04 - CORNERS/PRACTICE 1 TIPS/02 OFFENSIVE RUN SCHEMES ...
[07-02 14:06:26]   done: 02 OFFENSIVE RUN SCHEMES
[07-02 14:15:24] CAPP Binder worker 'AD-XOS-4SJ3WH3' polling https://capp-data-server.onrender.com every 5s (headless; log = pb_worker.log).
[07-02 14:15:45] loaded 34 bundled font file(s) into the session (C:\Users\roger.hayhurst.ctr\VisioToPPT\Fonts)
[07-02 14:24:28]   converting [vsdx] 2026 GAME PLAN/00 - FALL CAMP/04 - CORNERS/PRACTICE 1 TIPS/00 DEFENSIVE PHILOSOPHY ...
[07-02 14:24:28] starting Visio (kept warm for later jobs)...
[07-02 14:24:37]   normalized 1 page(s) to 8.5 x 11.0 in
[07-02 14:24:39]   done: 00 DEFENSIVE PHILOSOPHY
[07-02 14:24:39]   converting [vsdx] 2026 GAME PLAN/00 - FALL CAMP/04 - CORNERS/PRACTICE 1 TIPS/01 OFFENSIVE TERMINOLOGY ...
[07-02 14:26:20]   done: 01 OFFENSIVE TERMINOLOGY
[07-02 14:26:20]   converting [vsdx] 2026 GAME PLAN/00 - FALL CAMP/04 - CORNERS/PRACTICE 1 TIPS/02 OFFENSIVE RUN SCHEMES ...
[07-02 14:26:39]   done: 02 OFFENSIVE RUN SCHEMES
[07-02 14:26:39]   converting [vsdx] 2026 GAME PLAN/00 - FALL CAMP/04 - CORNERS/PRACTICE 1 TIPS/03 PASS GAME IDENTIFICATION ...
[07-02 14:27:10]   done: 03 PASS GAME IDENTIFICATION
[07-02 19:57:29] claim failed (<urlopen error [Errno 11001] getaddrinfo failed>); retrying in 5s
[07-02 19:57:35] claim failed (<urlopen error [Errno 11001] getaddrinfo failed>); retrying in 5s
[07-02 19:57:40] claim failed (<urlopen error [Errno 11001] getaddrinfo failed>); retrying in 5s
[07-02 19:57:45] claim failed (<urlopen error [Errno 11001] getaddrinfo failed>); retrying in 5s
[07-02 19:57:50] claim failed (<urlopen error [Errno 11001] getaddrinfo failed>); retrying in 5s
[07-02 19:57:55] claim failed (<urlopen error [Errno 11001] getaddrinfo failed>); retrying in 5s
[07-02 19:58:00] claim failed (<urlopen error [Errno 11001] getaddrinfo failed>); retrying in 5s
[07-02 19:58:05] claim failed (<urlopen error [Errno 11001] getaddrinfo failed>); retrying in 5s
[07-03 11:07:20] claim failed (Remote end closed connection without response); retrying in 5s
[07-03 11:24:24] claim failed (<urlopen error [WinError 10051] A socket operation was attempted to an unreachable network>); retrying in 5s
[07-03 15:39:14] claim failed (<urlopen error [Errno 11001] getaddrinfo failed>); retrying in 5s
[07-03 15:39:20] claim failed (<urlopen error [Errno 11001] getaddrinfo failed>); retrying in 5s
[07-06 08:51:02] claim failed (<urlopen error [Errno 11001] getaddrinfo failed>); retrying in 5s
[07-06 13:52:12] claim failed (The read operation timed out); retrying in 5s
[07-06 13:54:41] claim failed (The read operation timed out); retrying in 5s
[07-06 14:40:37] claim failed (HTTP Error 500: Internal Server Error); retrying in 5s
[07-06 14:40:48] claim failed (HTTP Error 500: Internal Server Error); retrying in 5s
[07-06 17:49:56] claim failed (<urlopen error [Errno 11004] getaddrinfo failed>); retrying in 5s
[07-06 17:50:01] claim failed (<urlopen error [Errno 11001] getaddrinfo failed>); retrying in 5s
[07-06 17:50:06] claim failed (<urlopen error [Errno 11001] getaddrinfo failed>); retrying in 5s
[07-06 17:50:11] claim failed (<urlopen error [Errno 11001] getaddrinfo failed>); retrying in 5s
[07-06 17:51:43] claim failed (<urlopen error [WinError 10065] A socket operation was attempted to an unreachable host>); retrying in 5s
[07-06 17:51:48] claim failed (<urlopen error [Errno 11001] getaddrinfo failed>); retrying in 5s
[07-06 17:51:53] claim failed (<urlopen error [Errno 11001] getaddrinfo failed>); retrying in 5s
[07-06 17:51:58] claim failed (<urlopen error [Errno 11001] getaddrinfo failed>); retrying in 5s
[07-06 17:52:03] claim failed (<urlopen error [Errno 11001] getaddrinfo failed>); retrying in 5s
[07-06 17:52:08] claim failed (<urlopen error [Errno 11001] getaddrinfo failed>); retrying in 5s
[07-06 17:52:14] claim failed (<urlopen error [Errno 11001] getaddrinfo failed>); retrying in 5s
[07-06 17:52:19] claim failed (<urlopen error [Errno 11001] getaddrinfo failed>); retrying in 5s
[07-06 17:52:24] claim failed (<urlopen error [Errno 11001] getaddrinfo failed>); retrying in 5s
[07-06 17:52:29] claim failed (<urlopen error [Errno 11001] getaddrinfo failed>); retrying in 5s
[07-06 17:52:34] claim failed (<urlopen error [Errno 11001] getaddrinfo failed>); retrying in 5s
[07-06 17:52:39] claim failed (<urlopen error [Errno 11001] getaddrinfo failed>); retrying in 5s
[07-06 17:52:44] claim failed (<urlopen error [Errno 11001] getaddrinfo failed>); retrying in 5s
[07-06 17:52:49] claim failed (<urlopen error [Errno 11001] getaddrinfo failed>); retrying in 5s
[07-06 17:52:54] claim failed (<urlopen error [Errno 11001] getaddrinfo failed>); retrying in 5s
[07-06 17:52:59] claim failed (<urlopen error [Errno 11001] getaddrinfo failed>); retrying in 5s
[07-06 17:53:04] claim failed (<urlopen error [Errno 11001] getaddrinfo failed>); retrying in 5s
[07-06 17:53:09] claim failed (<urlopen error [Errno 11001] getaddrinfo failed>); retrying in 5s
[07-06 17:53:15] claim failed (<urlopen error [Errno 11001] getaddrinfo failed>); retrying in 5s
[07-06 17:53:20] claim failed (<urlopen error [Errno 11001] getaddrinfo failed>); retrying in 5s
[07-06 17:53:25] claim failed (<urlopen error [Errno 11001] getaddrinfo failed>); retrying in 5s
[07-06 17:53:30] claim failed (<urlopen error [Errno 11001] getaddrinfo failed>); retrying in 5s
[07-06 17:53:35] claim failed (<urlopen error [Errno 11001] getaddrinfo failed>); retrying in 5s
[07-06 17:53:40] claim failed (<urlopen error [Errno 11001] getaddrinfo failed>); retrying in 5s
[07-06 17:53:45] claim failed (<urlopen error [Errno 11001] getaddrinfo failed>); retrying in 5s
[07-06 17:53:50] claim failed (<urlopen error [Errno 11001] getaddrinfo failed>); retrying in 5s
[07-06 17:53:55] claim failed (<urlopen error [Errno 11001] getaddrinfo failed>); retrying in 5s
[07-06 17:54:00] claim failed (<urlopen error [Errno 11001] getaddrinfo failed>); retrying in 5s
[07-06 17:54:05] claim failed (<urlopen error [Errno 11001] getaddrinfo failed>); retrying in 5s
[07-06 17:54:10] claim failed (<urlopen error [Errno 11001] getaddrinfo failed>); retrying in 5s
[07-06 17:54:16] claim failed (<urlopen error [Errno 11001] getaddrinfo failed>); retrying in 5s
[07-06 17:54:21] claim failed (<urlopen error [Errno 11001] getaddrinfo failed>); retrying in 5s
[07-06 17:54:26] claim failed (<urlopen error [Errno 11001] getaddrinfo failed>); retrying in 5s
[07-06 17:54:31] claim failed (<urlopen error [Errno 11001] getaddrinfo failed>); retrying in 5s
[07-06 17:54:36] claim failed (<urlopen error [Errno 11001] getaddrinfo failed>); retrying in 5s
[07-06 17:54:41] claim failed (<urlopen error [Errno 11001] getaddrinfo failed>); retrying in 5s
[07-06 17:54:46] claim failed (<urlopen error [Errno 11001] getaddrinfo failed>); retrying in 5s
[07-06 17:54:51] claim failed (<urlopen error [Errno 11001] getaddrinfo failed>); retrying in 5s
[07-06 17:54:56] claim failed (<urlopen error [Errno 11001] getaddrinfo failed>); retrying in 5s
[07-06 17:55:01] claim failed (<urlopen error [Errno 11001] getaddrinfo failed>); retrying in 5s
[07-06 17:55:06] claim failed (<urlopen error [Errno 11001] getaddrinfo failed>); retrying in 5s
[07-06 17:55:12] claim failed (<urlopen error [Errno 11001] getaddrinfo failed>); retrying in 5s
[07-06 17:55:17] claim failed (<urlopen error [Errno 11001] getaddrinfo failed>); retrying in 5s
[07-06 17:55:22] claim failed (<urlopen error [Errno 11001] getaddrinfo failed>); retrying in 5s
[07-06 17:55:27] claim failed (<urlopen error [Errno 11001] getaddrinfo failed>); retrying in 5s
[07-06 17:55:32] claim failed (<urlopen error [Errno 11001] getaddrinfo failed>); retrying in 5s
[07-06 17:55:37] claim failed (<urlopen error [Errno 11001] getaddrinfo failed>); retrying in 5s
[07-06 17:55:42] claim failed (<urlopen error [Errno 11001] getaddrinfo failed>); retrying in 5s
[07-06 17:55:47] claim failed (<urlopen error [Errno 11001] getaddrinfo failed>); retrying in 5s
[07-06 17:55:52] claim failed (<urlopen error [Errno 11001] getaddrinfo failed>); retrying in 5s
[07-06 17:55:57] claim failed (<urlopen error [Errno 11001] getaddrinfo failed>); retrying in 5s
[07-06 17:56:02] claim failed (<urlopen error [Errno 11001] getaddrinfo failed>); retrying in 5s
[07-06 17:56:07] claim failed (<urlopen error [Errno 11001] getaddrinfo failed>); retrying in 5s
[07-06 17:56:13] claim failed (<urlopen error [Errno 11001] getaddrinfo failed>); retrying in 5s
[07-06 17:56:18] claim failed (<urlopen error [Errno 11001] getaddrinfo failed>); retrying in 5s
[07-06 17:56:23] claim failed (<urlopen error [Errno 11001] getaddrinfo failed>); retrying in 5s
[07-06 17:56:28] claim failed (<urlopen error [Errno 11001] getaddrinfo failed>); retrying in 5s
[07-06 17:56:33] claim failed (<urlopen error [Errno 11001] getaddrinfo failed>); retrying in 5s
[07-06 17:56:38] claim failed (<urlopen error [Errno 11001] getaddrinfo failed>); retrying in 5s
[07-06 17:56:43] claim failed (<urlopen error [Errno 11001] getaddrinfo failed>); retrying in 5s
[07-06 17:56:48] claim failed (<urlopen error [Errno 11001] getaddrinfo failed>); retrying in 5s
[07-06 17:56:53] claim failed (<urlopen error [Errno 11001] getaddrinfo failed>); retrying in 5s
[07-06 17:56:58] claim failed (<urlopen error [Errno 11001] getaddrinfo failed>); retrying in 5s
[07-06 17:57:03] claim failed (<urlopen error [Errno 11001] getaddrinfo failed>); retrying in 5s
[07-06 17:57:08] claim failed (<urlopen error [Errno 11001] getaddrinfo failed>); retrying in 5s
[07-06 17:57:14] claim failed (<urlopen error [Errno 11001] getaddrinfo failed>); retrying in 5s
[07-06 17:57:19] claim failed (<urlopen error [Errno 11001] getaddrinfo failed>); retrying in 5s
[07-06 17:57:24] claim failed (<urlopen error [Errno 11001] getaddrinfo failed>); retrying in 5s
[07-06 17:57:29] claim failed (<urlopen error [Errno 11001] getaddrinfo failed>); retrying in 5s
[07-06 17:57:34] claim failed (<urlopen error [Errno 11001] getaddrinfo failed>); retrying in 5s
[07-06 17:57:39] claim failed (<urlopen error [Errno 11001] getaddrinfo failed>); retrying in 5s
[07-06 17:57:44] claim failed (<urlopen error [Errno 11001] getaddrinfo failed>); retrying in 5s
[07-06 17:57:49] claim failed (<urlopen error [Errno 11001] getaddrinfo failed>); retrying in 5s
[07-06 17:57:54] claim failed (<urlopen error [Errno 11001] getaddrinfo failed>); retrying in 5s
[07-06 17:57:59] claim failed (<urlopen error [Errno 11001] getaddrinfo failed>); retrying in 5s
[07-06 17:58:04] claim failed (<urlopen error [Errno 11001] getaddrinfo failed>); retrying in 5s
[07-06 17:58:10] claim failed (<urlopen error [Errno 11001] getaddrinfo failed>); retrying in 5s
[07-06 17:58:15] claim failed (<urlopen error [Errno 11001] getaddrinfo failed>); retrying in 5s
[07-06 17:58:20] claim failed (<urlopen error [Errno 11001] getaddrinfo failed>); retrying in 5s
[07-06 17:58:25] claim failed (<urlopen error [Errno 11001] getaddrinfo failed>); retrying in 5s
[07-06 17:58:30] claim failed (<urlopen error [Errno 11001] getaddrinfo failed>); retrying in 5s
[07-06 17:58:35] claim failed (<urlopen error [Errno 11001] getaddrinfo failed>); retrying in 5s
[07-06 17:58:40] claim failed (<urlopen error [Errno 11001] getaddrinfo failed>); retrying in 5s
[07-06 17:58:45] claim failed (<urlopen error [Errno 11001] getaddrinfo failed>); retrying in 5s
[07-06 17:58:50] claim failed (<urlopen error [Errno 11001] getaddrinfo failed>); retrying in 5s
[07-06 17:58:55] claim failed (<urlopen error [Errno 11001] getaddrinfo failed>); retrying in 5s
[07-06 17:59:00] claim failed (<urlopen error [Errno 11001] getaddrinfo failed>); retrying in 5s
[07-06 17:59:06] claim failed (<urlopen error [Errno 11001] getaddrinfo failed>); retrying in 5s
[07-06 17:59:11] claim failed (<urlopen error [Errno 11001] getaddrinfo failed>); retrying in 5s
[07-06 17:59:16] claim failed (<urlopen error [Errno 11001] getaddrinfo failed>); retrying in 5s
[07-06 17:59:21] claim failed (<urlopen error [Errno 11001] getaddrinfo failed>); retrying in 5s
[07-06 17:59:26] claim failed (<urlopen error [Errno 11001] getaddrinfo failed>); retrying in 5s
[07-06 17:59:31] claim failed (<urlopen error [Errno 11001] getaddrinfo failed>); retrying in 5s
[07-06 17:59:36] claim failed (<urlopen error [Errno 11001] getaddrinfo failed>); retrying in 5s
[07-06 17:59:41] claim failed (<urlopen error [Errno 11001] getaddrinfo failed>); retrying in 5s
[07-06 17:59:46] claim failed (<urlopen error [Errno 11001] getaddrinfo failed>); retrying in 5s
[07-06 17:59:51] claim failed (<urlopen error [Errno 11001] getaddrinfo failed>); retrying in 5s
[07-06 17:59:56] claim failed (<urlopen error [Errno 11001] getaddrinfo failed>); retrying in 5s
[07-06 18:00:01] claim failed (<urlopen error [Errno 11001] getaddrinfo failed>); retrying in 5s
[07-06 18:00:07] claim failed (<urlopen error [Errno 11001] getaddrinfo failed>); retrying in 5s
[07-06 18:00:12] claim failed (<urlopen error [Errno 11001] getaddrinfo failed>); retrying in 5s
[07-06 18:00:17] claim failed (<urlopen error [Errno 11001] getaddrinfo failed>); retrying in 5s
[07-06 18:00:22] claim failed (<urlopen error [Errno 11001] getaddrinfo failed>); retrying in 5s
[07-06 18:00:27] claim failed (<urlopen error [Errno 11001] getaddrinfo failed>); retrying in 5s
[07-06 18:00:32] claim failed (<urlopen error [Errno 11001] getaddrinfo failed>); retrying in 5s
[07-06 18:00:37] claim failed (<urlopen error [Errno 11001] getaddrinfo failed>); retrying in 5s
[07-06 18:00:42] claim failed (<urlopen error [Errno 11001] getaddrinfo failed>); retrying in 5s
[07-06 18:00:47] claim failed (<urlopen error [Errno 11001] getaddrinfo failed>); retrying in 5s
[07-06 18:00:52] claim failed (<urlopen error [Errno 11001] getaddrinfo failed>); retrying in 5s
[07-06 18:00:57] claim failed (<urlopen error [Errno 11001] getaddrinfo failed>); retrying in 5s
[07-06 18:01:03] claim failed (<urlopen error [Errno 11001] getaddrinfo failed>); retrying in 5s
[07-06 18:01:08] claim failed (<urlopen error [Errno 11001] getaddrinfo failed>); retrying in 5s
[07-06 18:01:13] claim failed (<urlopen error [Errno 11001] getaddrinfo failed>); retrying in 5s
[07-06 18:01:18] claim failed (<urlopen error [Errno 11001] getaddrinfo failed>); retrying in 5s
[07-06 18:01:23] claim failed (<urlopen error [Errno 11001] getaddrinfo failed>); retrying in 5s
[07-06 18:01:28] claim failed (<urlopen error [Errno 11001] getaddrinfo failed>); retrying in 5s
[07-06 18:01:33] claim failed (<urlopen error [Errno 11001] getaddrinfo failed>); retrying in 5s
[07-06 18:01:38] claim failed (<urlopen error [Errno 11001] getaddrinfo failed>); retrying in 5s
[07-06 18:01:43] claim failed (<urlopen error [Errno 11001] getaddrinfo failed>); retrying in 5s
[07-06 18:01:48] claim failed (<urlopen error [Errno 11001] getaddrinfo failed>); retrying in 5s
[07-06 18:01:53] claim failed (<urlopen error [Errno 11001] getaddrinfo failed>); retrying in 5s
[07-06 18:01:58] claim failed (<urlopen error [Errno 11001] getaddrinfo failed>); retrying in 5s
[07-06 18:02:04] claim failed (<urlopen error [Errno 11001] getaddrinfo failed>); retrying in 5s
[07-06 18:02:09] claim failed (<urlopen error [Errno 11001] getaddrinfo failed>); retrying in 5s
[07-06 18:02:14] claim failed (<urlopen error [Errno 11001] getaddrinfo failed>); retrying in 5s
[07-06 18:02:19] claim failed (<urlopen error [Errno 11001] getaddrinfo failed>); retrying in 5s
[07-06 18:02:24] claim failed (<urlopen error [Errno 11001] getaddrinfo failed>); retrying in 5s
[07-06 18:02:29] claim failed (<urlopen error [Errno 11001] getaddrinfo failed>); retrying in 5s
[07-06 18:02:34] claim failed (<urlopen error [Errno 11001] getaddrinfo failed>); retrying in 5s
[07-06 18:02:39] claim failed (<urlopen error [Errno 11001] getaddrinfo failed>); retrying in 5s
[07-06 18:02:44] claim failed (<urlopen error [Errno 11001] getaddrinfo failed>); retrying in 5s
[07-06 18:02:49] claim failed (<urlopen error [Errno 11001] getaddrinfo failed>); retrying in 5s
[07-06 18:02:54] claim failed (<urlopen error [Errno 11001] getaddrinfo failed>); retrying in 5s
[07-06 18:03:00] claim failed (<urlopen error [Errno 11001] getaddrinfo failed>); retrying in 5s
[07-06 18:03:05] claim failed (<urlopen error [Errno 11001] getaddrinfo failed>); retrying in 5s
[07-06 18:03:10] claim failed (<urlopen error [Errno 11001] getaddrinfo failed>); retrying in 5s
[07-06 18:03:15] claim failed (<urlopen error [Errno 11001] getaddrinfo failed>); retrying in 5s
[07-06 18:03:20] claim failed (<urlopen error [Errno 11001] getaddrinfo failed>); retrying in 5s
[07-06 18:03:25] claim failed (<urlopen error [Errno 11001] getaddrinfo failed>); retrying in 5s
[07-06 18:03:30] claim failed (<urlopen error [Errno 11001] getaddrinfo failed>); retrying in 5s
[07-06 18:03:35] claim failed (<urlopen error [Errno 11001] getaddrinfo failed>); retrying in 5s
[07-06 18:03:40] claim failed (<urlopen error [Errno 11001] getaddrinfo failed>); retrying in 5s
[07-06 18:03:45] claim failed (<urlopen error [Errno 11001] getaddrinfo failed>); retrying in 5s
[07-06 18:03:50] claim failed (<urlopen error [Errno 11001] getaddrinfo failed>); retrying in 5s
[07-06 18:03:55] claim failed (<urlopen error [Errno 11001] getaddrinfo failed>); retrying in 5s
[07-06 18:04:01] claim failed (<urlopen error [Errno 11001] getaddrinfo failed>); retrying in 5s
[07-06 18:04:06] claim failed (<urlopen error [Errno 11001] getaddrinfo failed>); retrying in 5s
[07-06 18:04:11] claim failed (<urlopen error [Errno 11001] getaddrinfo failed>); retrying in 5s
[07-06 18:04:16] claim failed (<urlopen error [Errno 11001] getaddrinfo failed>); retrying in 5s
[07-06 18:04:21] claim failed (<urlopen error [Errno 11001] getaddrinfo failed>); retrying in 5s
[07-06 18:04:26] claim failed (<urlopen error [Errno 11001] getaddrinfo failed>); retrying in 5s
[07-06 18:04:31] claim failed (<urlopen error [Errno 11001] getaddrinfo failed>); retrying in 5s
[07-06 18:04:36] claim failed (<urlopen error [Errno 11001] getaddrinfo failed>); retrying in 5s
[07-06 18:04:41] claim failed (<urlopen error [Errno 11001] getaddrinfo failed>); retrying in 5s
[07-06 18:04:46] claim failed (<urlopen error [Errno 11001] getaddrinfo failed>); retrying in 5s
[07-06 18:04:51] claim failed (<urlopen error [Errno 11001] getaddrinfo failed>); retrying in 5s
[07-06 18:04:57] claim failed (<urlopen error [Errno 11001] getaddrinfo failed>); retrying in 5s
[07-06 18:05:02] claim failed (<urlopen error [Errno 11001] getaddrinfo failed>); retrying in 5s
[07-06 18:05:07] claim failed (<urlopen error [Errno 11001] getaddrinfo failed>); retrying in 5s
[07-06 18:05:12] claim failed (<urlopen error [Errno 11001] getaddrinfo failed>); retrying in 5s
[07-06 18:05:17] claim failed (<urlopen error [Errno 11001] getaddrinfo failed>); retrying in 5s
[07-06 18:05:22] claim failed (<urlopen error [Errno 11001] getaddrinfo failed>); retrying in 5s
[07-06 18:05:27] claim failed (<urlopen error [Errno 11001] getaddrinfo failed>); retrying in 5s
[07-06 18:05:32] claim failed (<urlopen error [Errno 11001] getaddrinfo failed>); retrying in 5s
[07-06 18:05:37] claim failed (<urlopen error [Errno 11001] getaddrinfo failed>); retrying in 5s
[07-06 18:05:42] claim failed (<urlopen error [Errno 11001] getaddrinfo failed>); retrying in 5s
[07-06 18:05:47] claim failed (<urlopen error [Errno 11001] getaddrinfo failed>); retrying in 5s
[07-06 18:05:53] claim failed (<urlopen error [Errno 11001] getaddrinfo failed>); retrying in 5s
[07-06 18:05:58] claim failed (<urlopen error [Errno 11001] getaddrinfo failed>); retrying in 5s
[07-06 18:06:03] claim failed (<urlopen error [Errno 11001] getaddrinfo failed>); retrying in 5s
[07-06 18:06:08] claim failed (<urlopen error [Errno 11001] getaddrinfo failed>); retrying in 5s
[07-06 18:06:13] claim failed (<urlopen error [Errno 11001] getaddrinfo failed>); retrying in 5s
[07-06 18:06:18] claim failed (<urlopen error [Errno 11001] getaddrinfo failed>); retrying in 5s
[07-06 18:06:23] claim failed (<urlopen error [Errno 11001] getaddrinfo failed>); retrying in 5s
[07-06 18:06:28] claim failed (<urlopen error [Errno 11001] getaddrinfo failed>); retrying in 5s
[07-06 18:06:33] claim failed (<urlopen error [Errno 11001] getaddrinfo failed>); retrying in 5s
[07-06 18:06:38] claim failed (<urlopen error [Errno 11001] getaddrinfo failed>); retrying in 5s
[07-06 18:06:43] claim failed (<urlopen error [Errno 11001] getaddrinfo failed>); retrying in 5s
[07-06 18:06:48] claim failed (<urlopen error [Errno 11001] getaddrinfo failed>); retrying in 5s
[07-06 18:06:54] claim failed (<urlopen error [Errno 11001] getaddrinfo failed>); retrying in 5s
[07-06 18:06:59] claim failed (<urlopen error [Errno 11001] getaddrinfo failed>); retrying in 5s
[07-06 18:07:04] claim failed (<urlopen error [Errno 11001] getaddrinfo failed>); retrying in 5s
[07-06 18:07:09] claim failed (<urlopen error [Errno 11001] getaddrinfo failed>); retrying in 5s
[07-06 18:07:14] claim failed (<urlopen error [Errno 11001] getaddrinfo failed>); retrying in 5s
[07-06 18:07:19] claim failed (<urlopen error [Errno 11001] getaddrinfo failed>); retrying in 5s
[07-06 18:07:24] claim failed (<urlopen error [Errno 11001] getaddrinfo failed>); retrying in 5s
[07-06 18:07:29] claim failed (<urlopen error [Errno 11001] getaddrinfo failed>); retrying in 5s
[07-06 18:07:34] claim failed (<urlopen error [Errno 11001] getaddrinfo failed>); retrying in 5s
[07-06 18:07:39] claim failed (<urlopen error [Errno 11001] getaddrinfo failed>); retrying in 5s
[07-06 18:07:44] claim failed (<urlopen error [Errno 11001] getaddrinfo failed>); retrying in 5s
[07-06 18:07:50] claim failed (<urlopen error [Errno 11001] getaddrinfo failed>); retrying in 5s
[07-06 18:07:55] claim failed (<urlopen error [Errno 11001] getaddrinfo failed>); retrying in 5s
[07-06 18:08:00] claim failed (<urlopen error [Errno 11001] getaddrinfo failed>); retrying in 5s
[07-06 18:08:05] claim failed (<urlopen error [Errno 11001] getaddrinfo failed>); retrying in 5s
[07-06 18:08:10] claim failed (<urlopen error [Errno 11001] getaddrinfo failed>); retrying in 5s
[07-06 18:08:15] claim failed (<urlopen error [Errno 11001] getaddrinfo failed>); retrying in 5s
[07-06 18:08:20] claim failed (<urlopen error [Errno 11001] getaddrinfo failed>); retrying in 5s
[07-06 18:08:25] claim failed (<urlopen error [Errno 11001] getaddrinfo failed>); retrying in 5s
[07-06 18:08:30] claim failed (<urlopen error [Errno 11001] getaddrinfo failed>); retrying in 5s
[07-06 18:08:35] claim failed (<urlopen error [Errno 11001] getaddrinfo failed>); retrying in 5s
[07-06 18:08:40] claim failed (<urlopen error [Errno 11001] getaddrinfo failed>); retrying in 5s
[07-06 18:08:45] claim failed (<urlopen error [Errno 11001] getaddrinfo failed>); retrying in 5s
[07-06 18:08:51] claim failed (<urlopen error [Errno 11001] getaddrinfo failed>); retrying in 5s
[07-06 18:08:56] claim failed (<urlopen error [Errno 11001] getaddrinfo failed>); retrying in 5s
[07-06 18:09:01] claim failed (<urlopen error [Errno 11001] getaddrinfo failed>); retrying in 5s
[07-06 18:09:06] claim failed (<urlopen error [Errno 11001] getaddrinfo failed>); retrying in 5s
[07-06 18:09:11] claim failed (<urlopen error [Errno 11001] getaddrinfo failed>); retrying in 5s
[07-06 18:09:16] claim failed (<urlopen error [Errno 11001] getaddrinfo failed>); retrying in 5s
[07-06 18:09:21] claim failed (<urlopen error [Errno 11001] getaddrinfo failed>); retrying in 5s
[07-06 18:09:26] claim failed (<urlopen error [Errno 11001] getaddrinfo failed>); retrying in 5s
[07-06 18:09:31] claim failed (<urlopen error [Errno 11001] getaddrinfo failed>); retrying in 5s
[07-06 18:09:36] claim failed (<urlopen error [Errno 11001] getaddrinfo failed>); retrying in 5s
[07-06 18:09:41] claim failed (<urlopen error [Errno 11001] getaddrinfo failed>); retrying in 5s
[07-06 18:09:47] claim failed (<urlopen error [Errno 11001] getaddrinfo failed>); retrying in 5s
[07-06 18:09:52] claim failed (<urlopen error [Errno 11001] getaddrinfo failed>); retrying in 5s
[07-06 18:09:57] claim failed (<urlopen error [Errno 11001] getaddrinfo failed>); retrying in 5s
[07-06 18:10:02] claim failed (<urlopen error [Errno 11001] getaddrinfo failed>); retrying in 5s
[07-06 18:10:07] claim failed (<urlopen error [Errno 11001] getaddrinfo failed>); retrying in 5s
[07-06 18:10:12] claim failed (<urlopen error [Errno 11001] getaddrinfo failed>); retrying in 5s
[07-06 18:10:17] claim failed (<urlopen error [Errno 11001] getaddrinfo failed>); retrying in 5s
[07-06 18:10:22] claim failed (<urlopen error [Errno 11001] getaddrinfo failed>); retrying in 5s
[07-06 18:10:27] claim failed (<urlopen error [Errno 11001] getaddrinfo failed>); retrying in 5s
[07-06 18:10:32] claim failed (<urlopen error [Errno 11001] getaddrinfo failed>); retrying in 5s
[07-06 18:10:37] claim failed (<urlopen error [Errno 11001] getaddrinfo failed>); retrying in 5s
[07-06 18:10:43] claim failed (<urlopen error [Errno 11001] getaddrinfo failed>); retrying in 5s
[07-06 18:10:48] claim failed (<urlopen error [Errno 11001] getaddrinfo failed>); retrying in 5s
[07-06 18:10:53] claim failed (<urlopen error [Errno 11001] getaddrinfo failed>); retrying in 5s
[07-06 18:10:58] claim failed (<urlopen error [Errno 11001] getaddrinfo failed>); retrying in 5s
[07-06 18:11:03] claim failed (<urlopen error [Errno 11001] getaddrinfo failed>); retrying in 5s
[07-06 18:11:08] claim failed (<urlopen error [Errno 11001] getaddrinfo failed>); retrying in 5s
[07-06 18:11:13] claim failed (<urlopen error [Errno 11001] getaddrinfo failed>); retrying in 5s
[07-06 18:11:18] claim failed (<urlopen error [Errno 11001] getaddrinfo failed>); retrying in 5s
[07-06 18:11:23] claim failed (<urlopen error [Errno 11001] getaddrinfo failed>); retrying in 5s
[07-06 18:11:28] claim failed (<urlopen error [Errno 11001] getaddrinfo failed>); retrying in 5s
[07-06 18:11:33] claim failed (<urlopen error [Errno 11001] getaddrinfo failed>); retrying in 5s
[07-06 18:11:38] claim failed (<urlopen error [Errno 11001] getaddrinfo failed>); retrying in 5s
[07-06 18:11:44] claim failed (<urlopen error [Errno 11001] getaddrinfo failed>); retrying in 5s
[07-06 18:11:49] claim failed (<urlopen error [Errno 11001] getaddrinfo failed>); retrying in 5s
[07-06 18:11:54] claim failed (<urlopen error [Errno 11001] getaddrinfo failed>); retrying in 5s
[07-06 18:11:59] claim failed (<urlopen error [Errno 11001] getaddrinfo failed>); retrying in 5s
[07-06 18:12:04] claim failed (<urlopen error [Errno 11001] getaddrinfo failed>); retrying in 5s
[07-06 18:12:09] claim failed (<urlopen error [Errno 11001] getaddrinfo failed>); retrying in 5s
[07-06 18:12:14] claim failed (<urlopen error [Errno 11001] getaddrinfo failed>); retrying in 5s
[07-06 18:12:19] claim failed (<urlopen error [Errno 11001] getaddrinfo failed>); retrying in 5s
[07-06 18:12:24] claim failed (<urlopen error [Errno 11001] getaddrinfo failed>); retrying in 5s
[07-06 18:12:29] claim failed (<urlopen error [Errno 11001] getaddrinfo failed>); retrying in 5s
[07-06 18:12:34] claim failed (<urlopen error [Errno 11001] getaddrinfo failed>); retrying in 5s
[07-06 18:12:39] claim failed (<urlopen error [Errno 11001] getaddrinfo failed>); retrying in 5s
[07-06 18:12:45] claim failed (<urlopen error [Errno 11001] getaddrinfo failed>); retrying in 5s
[07-06 18:12:50] claim failed (<urlopen error [Errno 11001] getaddrinfo failed>); retrying in 5s
[07-06 18:12:55] claim failed (<urlopen error [Errno 11001] getaddrinfo failed>); retrying in 5s
[07-06 18:13:00] claim failed (<urlopen error [Errno 11001] getaddrinfo failed>); retrying in 5s
[07-06 18:13:05] claim failed (<urlopen error [Errno 11001] getaddrinfo failed>); retrying in 5s
[07-06 18:13:10] claim failed (<urlopen error [Errno 11001] getaddrinfo failed>); retrying in 5s
[07-06 18:13:15] claim failed (<urlopen error [Errno 11001] getaddrinfo failed>); retrying in 5s
[07-06 18:13:20] claim failed (<urlopen error [Errno 11001] getaddrinfo failed>); retrying in 5s
[07-06 18:13:25] claim failed (<urlopen error [Errno 11001] getaddrinfo failed>); retrying in 5s
[07-06 18:13:30] claim failed (<urlopen error [Errno 11001] getaddrinfo failed>); retrying in 5s
[07-06 18:13:35] claim failed (<urlopen error [Errno 11001] getaddrinfo failed>); retrying in 5s
[07-06 18:13:40] claim failed (<urlopen error [Errno 11001] getaddrinfo failed>); retrying in 5s
[07-06 18:13:46] claim failed (<urlopen error [Errno 11001] getaddrinfo failed>); retrying in 5s
[07-06 18:13:51] claim failed (<urlopen error [Errno 11001] getaddrinfo failed>); retrying in 5s
[07-06 18:13:56] claim failed (<urlopen error [Errno 11001] getaddrinfo failed>); retrying in 5s
[07-06 18:14:01] claim failed (<urlopen error [Errno 11001] getaddrinfo failed>); retrying in 5s
[07-06 18:14:06] claim failed (<urlopen error [Errno 11001] getaddrinfo failed>); retrying in 5s
[07-06 18:14:11] claim failed (<urlopen error [Errno 11001] getaddrinfo failed>); retrying in 5s
[07-06 18:14:16] claim failed (<urlopen error [Errno 11001] getaddrinfo failed>); retrying in 5s
[07-06 18:14:21] claim failed (<urlopen error [Errno 11001] getaddrinfo failed>); retrying in 5s
[07-06 18:14:26] claim failed (<urlopen error [Errno 11001] getaddrinfo failed>); retrying in 5s
[07-06 18:14:31] claim failed (<urlopen error [Errno 11001] getaddrinfo failed>); retrying in 5s
[07-06 18:14:36] claim failed (<urlopen error [Errno 11001] getaddrinfo failed>); retrying in 5s
[07-06 18:14:42] claim failed (<urlopen error [Errno 11001] getaddrinfo failed>); retrying in 5s
[07-06 18:14:47] claim failed (<urlopen error [Errno 11001] getaddrinfo failed>); retrying in 5s
[07-06 18:14:52] claim failed (<urlopen error [Errno 11001] getaddrinfo failed>); retrying in 5s
[07-06 18:14:57] claim failed (<urlopen error [Errno 11001] getaddrinfo failed>); retrying in 5s
[07-06 18:15:02] claim failed (<urlopen error [Errno 11001] getaddrinfo failed>); retrying in 5s
[07-06 18:15:07] claim failed (<urlopen error [Errno 11001] getaddrinfo failed>); retrying in 5s
[07-06 18:15:12] claim failed (<urlopen error [Errno 11001] getaddrinfo failed>); retrying in 5s
[07-06 18:15:17] claim failed (<urlopen error [Errno 11001] getaddrinfo failed>); retrying in 5s
[07-06 18:15:22] claim failed (<urlopen error [Errno 11001] getaddrinfo failed>); retrying in 5s
[07-06 18:15:27] claim failed (<urlopen error [Errno 11001] getaddrinfo failed>); retrying in 5s
[07-06 18:15:32] claim failed (<urlopen error [Errno 11001] getaddrinfo failed>); retrying in 5s
[07-06 18:15:38] claim failed (<urlopen error [Errno 11001] getaddrinfo failed>); retrying in 5s
[07-06 18:15:43] claim failed (<urlopen error [Errno 11001] getaddrinfo failed>); retrying in 5s
[07-06 18:15:48] claim failed (<urlopen error [Errno 11001] getaddrinfo failed>); retrying in 5s
[07-06 18:15:53] claim failed (<urlopen error [Errno 11001] getaddrinfo failed>); retrying in 5s
[07-06 18:15:58] claim failed (<urlopen error [Errno 11001] getaddrinfo failed>); retrying in 5s
[07-06 18:16:03] claim failed (<urlopen error [Errno 11001] getaddrinfo failed>); retrying in 5s
[07-06 18:16:08] claim failed (<urlopen error [Errno 11001] getaddrinfo failed>); retrying in 5s
[07-06 18:16:13] claim failed (<urlopen error [Errno 11001] getaddrinfo failed>); retrying in 5s
[07-06 18:16:18] claim failed (<urlopen error [Errno 11001] getaddrinfo failed>); retrying in 5s
[07-06 18:16:23] claim failed (<urlopen error [Errno 11001] getaddrinfo failed>); retrying in 5s
[07-06 18:16:28] claim failed (<urlopen error [Errno 11001] getaddrinfo failed>); retrying in 5s
[07-06 18:16:33] claim failed (<urlopen error [Errno 11001] getaddrinfo failed>); retrying in 5s
[07-06 18:16:39] claim failed (<urlopen error [Errno 11001] getaddrinfo failed>); retrying in 5s
[07-06 18:16:44] claim failed (<urlopen error [Errno 11001] getaddrinfo failed>); retrying in 5s
[07-06 18:16:49] claim failed (<urlopen error [Errno 11001] getaddrinfo failed>); retrying in 5s
[07-06 18:16:54] claim failed (<urlopen error [Errno 11001] getaddrinfo failed>); retrying in 5s
[07-06 18:16:59] claim failed (<urlopen error [Errno 11001] getaddrinfo failed>); retrying in 5s
[07-06 18:17:04] claim failed (<urlopen error [Errno 11001] getaddrinfo failed>); retrying in 5s
[07-06 18:17:09] claim failed (<urlopen error [Errno 11001] getaddrinfo failed>); retrying in 5s
[07-06 18:17:14] claim failed (<urlopen error [Errno 11001] getaddrinfo failed>); retrying in 5s
[07-06 18:17:19] claim failed (<urlopen error [Errno 11001] getaddrinfo failed>); retrying in 5s
[07-06 18:17:24] claim failed (<urlopen error [Errno 11001] getaddrinfo failed>); retrying in 5s
[07-06 18:17:29] claim failed (<urlopen error [Errno 11001] getaddrinfo failed>); retrying in 5s
[07-06 18:17:35] claim failed (<urlopen error [Errno 11001] getaddrinfo failed>); retrying in 5s
[07-06 18:17:40] claim failed (<urlopen error [Errno 11001] getaddrinfo failed>); retrying in 5s
[07-06 18:17:45] claim failed (<urlopen error [Errno 11001] getaddrinfo failed>); retrying in 5s
[07-06 18:17:50] claim failed (<urlopen error [Errno 11001] getaddrinfo failed>); retrying in 5s
[07-06 18:17:55] claim failed (<urlopen error [Errno 11001] getaddrinfo failed>); retrying in 5s
[07-06 18:18:00] claim failed (<urlopen error [Errno 11001] getaddrinfo failed>); retrying in 5s
[07-06 18:18:05] claim failed (<urlopen error [Errno 11001] getaddrinfo failed>); retrying in 5s
[07-06 18:18:10] claim failed (<urlopen error [Errno 11001] getaddrinfo failed>); retrying in 5s
[07-06 18:18:15] claim failed (<urlopen error [Errno 11001] getaddrinfo failed>); retrying in 5s
[07-06 18:18:20] claim failed (<urlopen error [Errno 11001] getaddrinfo failed>); retrying in 5s
[07-06 18:18:25] claim failed (<urlopen error [Errno 11001] getaddrinfo failed>); retrying in 5s
[07-06 18:18:31] claim failed (<urlopen error [Errno 11001] getaddrinfo failed>); retrying in 5s
[07-06 18:18:36] claim failed (<urlopen error [Errno 11001] getaddrinfo failed>); retrying in 5s
[07-06 18:18:41] claim failed (<urlopen error [Errno 11001] getaddrinfo failed>); retrying in 5s
[07-06 18:18:46] claim failed (<urlopen error [Errno 11001] getaddrinfo failed>); retrying in 5s
[07-06 18:18:51] claim failed (<urlopen error [Errno 11001] getaddrinfo failed>); retrying in 5s
[07-06 18:18:56] claim failed (<urlopen error [Errno 11001] getaddrinfo failed>); retrying in 5s
[07-06 18:19:01] claim failed (<urlopen error [Errno 11001] getaddrinfo failed>); retrying in 5s
[07-06 18:19:06] claim failed (<urlopen error [Errno 11001] getaddrinfo failed>); retrying in 5s
[07-06 18:19:11] claim failed (<urlopen error [Errno 11001] getaddrinfo failed>); retrying in 5s
[07-06 18:19:16] claim failed (<urlopen error [Errno 11001] getaddrinfo failed>); retrying in 5s
[07-06 18:19:21] claim failed (<urlopen error [Errno 11001] getaddrinfo failed>); retrying in 5s
[07-06 18:19:26] claim failed (<urlopen error [Errno 11001] getaddrinfo failed>); retrying in 5s
[07-06 18:19:32] claim failed (<urlopen error [Errno 11001] getaddrinfo failed>); retrying in 5s
[07-06 18:19:37] claim failed (<urlopen error [Errno 11001] getaddrinfo failed>); retrying in 5s
[07-06 18:19:42] claim failed (<urlopen error [Errno 11001] getaddrinfo failed>); retrying in 5s
[07-06 18:19:47] claim failed (<urlopen error [Errno 11001] getaddrinfo failed>); retrying in 5s
[07-06 18:19:52] claim failed (<urlopen error [Errno 11001] getaddrinfo failed>); retrying in 5s
[07-06 18:19:57] claim failed (<urlopen error [Errno 11001] getaddrinfo failed>); retrying in 5s
[07-06 18:20:02] claim failed (<urlopen error [Errno 11001] getaddrinfo failed>); retrying in 5s
[07-06 18:20:07] claim failed (<urlopen error [Errno 11001] getaddrinfo failed>); retrying in 5s
[07-06 18:20:12] claim failed (<urlopen error [Errno 11001] getaddrinfo failed>); retrying in 5s
[07-06 18:20:17] claim failed (<urlopen error [Errno 11001] getaddrinfo failed>); retrying in 5s
[07-06 18:20:22] claim failed (<urlopen error [Errno 11001] getaddrinfo failed>); retrying in 5s
[07-06 18:20:28] claim failed (<urlopen error [Errno 11001] getaddrinfo failed>); retrying in 5s
[07-06 18:20:33] claim failed (<urlopen error [Errno 11001] getaddrinfo failed>); retrying in 5s
[07-06 18:20:38] claim failed (<urlopen error [Errno 11001] getaddrinfo failed>); retrying in 5s
[07-06 18:20:43] claim failed (<urlopen error [Errno 11001] getaddrinfo failed>); retrying in 5s
[07-06 18:20:48] claim failed (<urlopen error [Errno 11001] getaddrinfo failed>); retrying in 5s
[07-06 18:20:53] claim failed (<urlopen error [Errno 11001] getaddrinfo failed>); retrying in 5s
[07-06 18:20:58] claim failed (<urlopen error [Errno 11001] getaddrinfo failed>); retrying in 5s
[07-06 18:21:03] claim failed (<urlopen error [Errno 11001] getaddrinfo failed>); retrying in 5s
[07-06 18:21:08] claim failed (<urlopen error [Errno 11001] getaddrinfo failed>); retrying in 5s
[07-06 18:21:13] claim failed (<urlopen error [Errno 11001] getaddrinfo failed>); retrying in 5s
[07-06 18:21:18] claim failed (<urlopen error [Errno 11001] getaddrinfo failed>); retrying in 5s
[07-06 18:21:23] claim failed (<urlopen error [Errno 11001] getaddrinfo failed>); retrying in 5s
[07-06 18:21:29] claim failed (<urlopen error [Errno 11001] getaddrinfo failed>); retrying in 5s
[07-06 18:21:34] claim failed (<urlopen error [Errno 11001] getaddrinfo failed>); retrying in 5s
[07-06 18:21:39] claim failed (<urlopen error [Errno 11001] getaddrinfo failed>); retrying in 5s
[07-06 18:21:44] claim failed (<urlopen error [Errno 11001] getaddrinfo failed>); retrying in 5s
[07-06 18:21:49] claim failed (<urlopen error [Errno 11001] getaddrinfo failed>); retrying in 5s
[07-06 18:21:54] claim failed (<urlopen error [Errno 11001] getaddrinfo failed>); retrying in 5s
[07-06 18:21:59] claim failed (<urlopen error [Errno 11001] getaddrinfo failed>); retrying in 5s
[07-06 18:22:04] claim failed (<urlopen error [Errno 11001] getaddrinfo failed>); retrying in 5s
[07-06 18:22:09] claim failed (<urlopen error [Errno 11001] getaddrinfo failed>); retrying in 5s
[07-06 18:22:14] claim failed (<urlopen error [Errno 11001] getaddrinfo failed>); retrying in 5s
[07-06 18:22:19] claim failed (<urlopen error [Errno 11001] getaddrinfo failed>); retrying in 5s
[07-06 18:22:25] claim failed (<urlopen error [Errno 11001] getaddrinfo failed>); retrying in 5s
[07-06 18:22:30] claim failed (<urlopen error [Errno 11001] getaddrinfo failed>); retrying in 5s
[07-06 18:22:35] claim failed (<urlopen error [Errno 11001] getaddrinfo failed>); retrying in 5s
[07-06 18:22:40] claim failed (<urlopen error [Errno 11001] getaddrinfo failed>); retrying in 5s
[07-06 18:22:45] claim failed (<urlopen error [Errno 11001] getaddrinfo failed>); retrying in 5s
[07-06 18:22:50] claim failed (<urlopen error [Errno 11001] getaddrinfo failed>); retrying in 5s
[07-06 18:22:55] claim failed (<urlopen error [Errno 11001] getaddrinfo failed>); retrying in 5s
[07-06 18:23:00] claim failed (<urlopen error [Errno 11001] getaddrinfo failed>); retrying in 5s
[07-06 18:23:05] claim failed (<urlopen error [Errno 11001] getaddrinfo failed>); retrying in 5s
[07-06 18:23:10] claim failed (<urlopen error [Errno 11001] getaddrinfo failed>); retrying in 5s
[07-06 18:23:15] claim failed (<urlopen error [Errno 11001] getaddrinfo failed>); retrying in 5s
[07-06 18:23:20] claim failed (<urlopen error [Errno 11001] getaddrinfo failed>); retrying in 5s
[07-06 18:23:26] claim failed (<urlopen error [Errno 11001] getaddrinfo failed>); retrying in 5s
[07-06 18:23:31] claim failed (<urlopen error [Errno 11001] getaddrinfo failed>); retrying in 5s
[07-06 18:23:36] claim failed (<urlopen error [Errno 11001] getaddrinfo failed>); retrying in 5s
[07-06 18:23:41] claim failed (<urlopen error [Errno 11001] getaddrinfo failed>); retrying in 5s
[07-06 18:23:46] claim failed (<urlopen error [Errno 11001] getaddrinfo failed>); retrying in 5s
[07-06 18:23:51] claim failed (<urlopen error [Errno 11001] getaddrinfo failed>); retrying in 5s
[07-06 18:23:56] claim failed (<urlopen error [Errno 11001] getaddrinfo failed>); retrying in 5s
[07-06 18:24:01] claim failed (<urlopen error [Errno 11001] getaddrinfo failed>); retrying in 5s
[07-06 18:24:06] claim failed (<urlopen error [Errno 11001] getaddrinfo failed>); retrying in 5s
[07-06 18:24:11] claim failed (<urlopen error [Errno 11001] getaddrinfo failed>); retrying in 5s
[07-06 18:24:16] claim failed (<urlopen error [Errno 11001] getaddrinfo failed>); retrying in 5s
[07-06 18:24:22] claim failed (<urlopen error [Errno 11001] getaddrinfo failed>); retrying in 5s
[07-06 18:24:27] claim failed (<urlopen error [Errno 11001] getaddrinfo failed>); retrying in 5s
[07-06 18:24:32] claim failed (<urlopen error [Errno 11001] getaddrinfo failed>); retrying in 5s
[07-06 18:24:37] claim failed (<urlopen error [Errno 11001] getaddrinfo failed>); retrying in 5s
[07-06 18:24:42] claim failed (<urlopen error [Errno 11001] getaddrinfo failed>); retrying in 5s
[07-06 18:24:47] claim failed (<urlopen error [Errno 11001] getaddrinfo failed>); retrying in 5s
[07-06 18:24:52] claim failed (<urlopen error [Errno 11001] getaddrinfo failed>); retrying in 5s
[07-06 18:24:57] claim failed (<urlopen error [Errno 11001] getaddrinfo failed>); retrying in 5s
[07-06 18:25:02] claim failed (<urlopen error [Errno 11001] getaddrinfo failed>); retrying in 5s
[07-06 18:25:07] claim failed (<urlopen error [Errno 11001] getaddrinfo failed>); retrying in 5s
[07-06 18:25:12] claim failed (<urlopen error [Errno 11001] getaddrinfo failed>); retrying in 5s
[07-06 18:25:17] claim failed (<urlopen error [Errno 11001] getaddrinfo failed>); retrying in 5s
[07-06 18:25:23] claim failed (<urlopen error [Errno 11001] getaddrinfo failed>); retrying in 5s
[07-06 18:25:28] claim failed (<urlopen error [Errno 11001] getaddrinfo failed>); retrying in 5s
[07-06 18:25:33] claim failed (<urlopen error [Errno 11001] getaddrinfo failed>); retrying in 5s
[07-06 18:25:38] claim failed (<urlopen error [Errno 11001] getaddrinfo failed>); retrying in 5s
[07-06 18:25:43] claim failed (<urlopen error [Errno 11001] getaddrinfo failed>); retrying in 5s
[07-06 18:25:48] claim failed (<urlopen error [Errno 11001] getaddrinfo failed>); retrying in 5s
[07-06 18:25:53] claim failed (<urlopen error [Errno 11001] getaddrinfo failed>); retrying in 5s
[07-06 18:25:58] claim failed (<urlopen error [Errno 11001] getaddrinfo failed>); retrying in 5s
[07-06 18:26:03] claim failed (<urlopen error [Errno 11001] getaddrinfo failed>); retrying in 5s
[07-06 18:26:08] claim failed (<urlopen error [Errno 11001] getaddrinfo failed>); retrying in 5s
[07-06 18:26:13] claim failed (<urlopen error [Errno 11001] getaddrinfo failed>); retrying in 5s
[07-06 18:26:19] claim failed (<urlopen error [Errno 11001] getaddrinfo failed>); retrying in 5s
[07-06 18:26:24] claim failed (<urlopen error [Errno 11001] getaddrinfo failed>); retrying in 5s
[07-06 18:26:29] claim failed (<urlopen error [Errno 11001] getaddrinfo failed>); retrying in 5s
[07-06 18:26:34] claim failed (<urlopen error [Errno 11001] getaddrinfo failed>); retrying in 5s
[07-06 18:26:39] claim failed (<urlopen error [Errno 11001] getaddrinfo failed>); retrying in 5s
[07-06 18:26:44] claim failed (<urlopen error [Errno 11001] getaddrinfo failed>); retrying in 5s
[07-06 18:26:49] claim failed (<urlopen error [Errno 11001] getaddrinfo failed>); retrying in 5s
[07-06 18:26:54] claim failed (<urlopen error [Errno 11001] getaddrinfo failed>); retrying in 5s
[07-06 18:26:59] claim failed (<urlopen error [Errno 11001] getaddrinfo failed>); retrying in 5s
[07-06 18:27:04] claim failed (<urlopen error [Errno 11001] getaddrinfo failed>); retrying in 5s
[07-06 18:27:09] claim failed (<urlopen error [Errno 11001] getaddrinfo failed>); retrying in 5s
[07-06 18:27:14] claim failed (<urlopen error [Errno 11001] getaddrinfo failed>); retrying in 5s
[07-06 18:27:20] claim failed (<urlopen error [Errno 11001] getaddrinfo failed>); retrying in 5s
[07-06 18:27:25] claim failed (<urlopen error [Errno 11001] getaddrinfo failed>); retrying in 5s
[07-06 18:27:30] claim failed (<urlopen error [Errno 11001] getaddrinfo failed>); retrying in 5s
[07-06 18:27:35] claim failed (<urlopen error [Errno 11001] getaddrinfo failed>); retrying in 5s
[07-06 18:27:40] claim failed (<urlopen error [Errno 11001] getaddrinfo failed>); retrying in 5s
[07-06 18:27:45] claim failed (<urlopen error [Errno 11001] getaddrinfo failed>); retrying in 5s
[07-06 18:27:50] claim failed (<urlopen error [Errno 11001] getaddrinfo failed>); retrying in 5s
[07-06 18:27:55] claim failed (<urlopen error [Errno 11001] getaddrinfo failed>); retrying in 5s
[07-06 18:28:00] claim failed (<urlopen error [Errno 11001] getaddrinfo failed>); retrying in 5s
[07-06 18:28:05] claim failed (<urlopen error [Errno 11001] getaddrinfo failed>); retrying in 5s
[07-06 18:28:10] claim failed (<urlopen error [Errno 11001] getaddrinfo failed>); retrying in 5s
[07-06 18:28:16] claim failed (<urlopen error [Errno 11001] getaddrinfo failed>); retrying in 5s
[07-06 18:28:21] claim failed (<urlopen error [Errno 11001] getaddrinfo failed>); retrying in 5s
[07-06 18:28:26] claim failed (<urlopen error [Errno 11001] getaddrinfo failed>); retrying in 5s
[07-06 18:28:31] claim failed (<urlopen error [Errno 11001] getaddrinfo failed>); retrying in 5s
[07-06 18:28:36] claim failed (<urlopen error [Errno 11001] getaddrinfo failed>); retrying in 5s
[07-06 18:28:41] claim failed (<urlopen error [Errno 11001] getaddrinfo failed>); retrying in 5s
[07-06 18:28:46] claim failed (<urlopen error [Errno 11001] getaddrinfo failed>); retrying in 5s
[07-06 18:28:51] claim failed (<urlopen error [Errno 11001] getaddrinfo failed>); retrying in 5s
[07-06 18:28:56] claim failed (<urlopen error [Errno 11001] getaddrinfo failed>); retrying in 5s
[07-06 18:29:01] claim failed (<urlopen error [Errno 11001] getaddrinfo failed>); retrying in 5s
[07-06 18:29:06] claim failed (<urlopen error [Errno 11001] getaddrinfo failed>); retrying in 5s
[07-06 18:29:11] claim failed (<urlopen error [Errno 11001] getaddrinfo failed>); retrying in 5s
[07-06 18:29:16] claim failed (<urlopen error [Errno 11001] getaddrinfo failed>); retrying in 5s
[07-06 18:29:22] claim failed (<urlopen error [Errno 11001] getaddrinfo failed>); retrying in 5s
[07-06 18:29:27] claim failed (<urlopen error [Errno 11001] getaddrinfo failed>); retrying in 5s
[07-06 18:29:32] claim failed (<urlopen error [Errno 11001] getaddrinfo failed>); retrying in 5s
[07-06 18:29:37] claim failed (<urlopen error [Errno 11001] getaddrinfo failed>); retrying in 5s
[07-06 18:29:42] claim failed (<urlopen error [Errno 11001] getaddrinfo failed>); retrying in 5s
[07-06 18:29:47] claim failed (<urlopen error [Errno 11001] getaddrinfo failed>); retrying in 5s
[07-06 18:29:52] claim failed (<urlopen error [Errno 11001] getaddrinfo failed>); retrying in 5s
[07-06 18:29:57] claim failed (<urlopen error [Errno 11001] getaddrinfo failed>); retrying in 5s
[07-06 18:30:02] claim failed (<urlopen error [Errno 11001] getaddrinfo failed>); retrying in 5s
[07-06 18:30:07] claim failed (<urlopen error [Errno 11001] getaddrinfo failed>); retrying in 5s
[07-06 18:30:12] claim failed (<urlopen error [Errno 11001] getaddrinfo failed>); retrying in 5s
[07-06 18:30:18] claim failed (<urlopen error [Errno 11001] getaddrinfo failed>); retrying in 5s
[07-06 18:30:23] claim failed (<urlopen error [Errno 11001] getaddrinfo failed>); retrying in 5s
[07-06 18:30:28] claim failed (<urlopen error [Errno 11001] getaddrinfo failed>); retrying in 5s
[07-06 18:30:33] claim failed (<urlopen error [Errno 11001] getaddrinfo failed>); retrying in 5s
[07-06 18:30:38] claim failed (<urlopen error [Errno 11001] getaddrinfo failed>); retrying in 5s
[07-06 18:30:43] claim failed (<urlopen error [Errno 11001] getaddrinfo failed>); retrying in 5s
[07-06 18:30:48] claim failed (<urlopen error [Errno 11001] getaddrinfo failed>); retrying in 5s
[07-06 18:30:53] claim failed (<urlopen error [Errno 11001] getaddrinfo failed>); retrying in 5s
[07-06 18:30:58] claim failed (<urlopen error [Errno 11001] getaddrinfo failed>); retrying in 5s
[07-06 18:31:03] claim failed (<urlopen error [Errno 11001] getaddrinfo failed>); retrying in 5s
[07-06 18:31:08] claim failed (<urlopen error [Errno 11001] getaddrinfo failed>); retrying in 5s
[07-06 18:31:13] claim failed (<urlopen error [Errno 11001] getaddrinfo failed>); retrying in 5s
[07-06 18:31:19] claim failed (<urlopen error [Errno 11001] getaddrinfo failed>); retrying in 5s
[07-06 18:31:24] claim failed (<urlopen error [Errno 11001] getaddrinfo failed>); retrying in 5s
[07-06 18:31:29] claim failed (<urlopen error [Errno 11001] getaddrinfo failed>); retrying in 5s
[07-06 18:31:34] claim failed (<urlopen error [Errno 11001] getaddrinfo failed>); retrying in 5s
[07-06 18:31:39] claim failed (<urlopen error [Errno 11001] getaddrinfo failed>); retrying in 5s
[07-06 18:31:44] claim failed (<urlopen error [Errno 11001] getaddrinfo failed>); retrying in 5s
[07-06 18:31:49] claim failed (<urlopen error [Errno 11001] getaddrinfo failed>); retrying in 5s
[07-06 18:31:54] claim failed (<urlopen error [Errno 11001] getaddrinfo failed>); retrying in 5s
[07-06 18:31:59] claim failed (<urlopen error [Errno 11001] getaddrinfo failed>); retrying in 5s
[07-06 18:32:04] claim failed (<urlopen error [Errno 11001] getaddrinfo failed>); retrying in 5s
[07-06 18:32:09] claim failed (<urlopen error [Errno 11001] getaddrinfo failed>); retrying in 5s
[07-06 18:32:15] claim failed (<urlopen error [Errno 11001] getaddrinfo failed>); retrying in 5s
[07-06 18:32:20] claim failed (<urlopen error [Errno 11001] getaddrinfo failed>); retrying in 5s
[07-06 18:32:25] claim failed (<urlopen error [Errno 11001] getaddrinfo failed>); retrying in 5s
[07-06 18:32:30] claim failed (<urlopen error [Errno 11001] getaddrinfo failed>); retrying in 5s
[07-06 18:32:35] claim failed (<urlopen error [Errno 11001] getaddrinfo failed>); retrying in 5s
[07-06 18:32:40] claim failed (<urlopen error [Errno 11001] getaddrinfo failed>); retrying in 5s
[07-06 18:32:45] claim failed (<urlopen error [Errno 11001] getaddrinfo failed>); retrying in 5s
[07-06 18:32:50] claim failed (<urlopen error [Errno 11001] getaddrinfo failed>); retrying in 5s
[07-06 18:32:55] claim failed (<urlopen error [Errno 11001] getaddrinfo failed>); retrying in 5s
[07-06 18:33:00] claim failed (<urlopen error [Errno 11001] getaddrinfo failed>); retrying in 5s
[07-06 18:33:05] claim failed (<urlopen error [Errno 11001] getaddrinfo failed>); retrying in 5s
[07-06 18:33:11] claim failed (<urlopen error [Errno 11001] getaddrinfo failed>); retrying in 5s
[07-06 18:33:16] claim failed (<urlopen error [Errno 11001] getaddrinfo failed>); retrying in 5s
[07-06 18:33:21] claim failed (<urlopen error [Errno 11001] getaddrinfo failed>); retrying in 5s
[07-06 18:33:26] claim failed (<urlopen error [Errno 11001] getaddrinfo failed>); retrying in 5s
[07-06 18:33:31] claim failed (<urlopen error [Errno 11001] getaddrinfo failed>); retrying in 5s
[07-06 18:33:36] claim failed (<urlopen error [Errno 11001] getaddrinfo failed>); retrying in 5s
[07-06 18:33:41] claim failed (<urlopen error [Errno 11001] getaddrinfo failed>); retrying in 5s
[07-06 18:33:46] claim failed (<urlopen error [Errno 11001] getaddrinfo failed>); retrying in 5s
[07-06 18:33:51] claim failed (<urlopen error [Errno 11001] getaddrinfo failed>); retrying in 5s
[07-06 18:33:56] claim failed (<urlopen error [Errno 11001] getaddrinfo failed>); retrying in 5s
[07-06 18:34:01] claim failed (<urlopen error [Errno 11001] getaddrinfo failed>); retrying in 5s
[07-06 18:34:06] claim failed (<urlopen error [Errno 11001] getaddrinfo failed>); retrying in 5s
[07-06 18:34:12] claim failed (<urlopen error [Errno 11001] getaddrinfo failed>); retrying in 5s
[07-06 18:34:17] claim failed (<urlopen error [Errno 11001] getaddrinfo failed>); retrying in 5s
[07-06 18:34:22] claim failed (<urlopen error [Errno 11001] getaddrinfo failed>); retrying in 5s
[07-06 18:34:27] claim failed (<urlopen error [Errno 11001] getaddrinfo failed>); retrying in 5s
[07-06 18:34:32] claim failed (<urlopen error [Errno 11001] getaddrinfo failed>); retrying in 5s
[07-06 18:34:37] claim failed (<urlopen error [Errno 11001] getaddrinfo failed>); retrying in 5s
[07-06 18:34:42] claim failed (<urlopen error [Errno 11001] getaddrinfo failed>); retrying in 5s
[07-06 18:34:47] claim failed (<urlopen error [Errno 11001] getaddrinfo failed>); retrying in 5s
[07-06 18:34:52] claim failed (<urlopen error [Errno 11001] getaddrinfo failed>); retrying in 5s
[07-06 18:34:57] claim failed (<urlopen error [Errno 11001] getaddrinfo failed>); retrying in 5s
[07-06 18:35:02] claim failed (<urlopen error [Errno 11001] getaddrinfo failed>); retrying in 5s
[07-06 18:35:08] claim failed (<urlopen error [Errno 11001] getaddrinfo failed>); retrying in 5s
[07-06 18:35:13] claim failed (<urlopen error [Errno 11001] getaddrinfo failed>); retrying in 5s
[07-06 18:35:18] claim failed (<urlopen error [Errno 11001] getaddrinfo failed>); retrying in 5s
[07-06 18:35:23] claim failed (<urlopen error [Errno 11001] getaddrinfo failed>); retrying in 5s
[07-06 18:35:28] claim failed (<urlopen error [Errno 11001] getaddrinfo failed>); retrying in 5s
[07-08 17:27:36]   converting [vsdx] TEST/VISIO TEST/02 OFFENSIVE RUN SCHEMES ...
[07-08 17:27:37]   convert failed ((-2147023174, 'The RPC server is unavailable.', None, None)); retrying with a fresh Office instance...
[07-08 17:27:37] starting Visio (kept warm for later jobs)...
[07-08 17:27:49]   done: 02 OFFENSIVE RUN SCHEMES
[07-08 17:59:27] claim failed (<urlopen error [WinError 10065] A socket operation was attempted to an unreachable host>); retrying in 5s
[07-08 17:59:32] claim failed (<urlopen error [Errno 11001] getaddrinfo failed>); retrying in 5s
[07-08 17:59:37] claim failed (<urlopen error [Errno 11001] getaddrinfo failed>); retrying in 5s
[07-08 17:59:42] claim failed (<urlopen error [Errno 11001] getaddrinfo failed>); retrying in 5s
[07-08 17:59:47] claim failed (<urlopen error [Errno 11001] getaddrinfo failed>); retrying in 5s
[07-08 17:59:52] claim failed (<urlopen error [Errno 11001] getaddrinfo failed>); retrying in 5s
[07-08 17:59:57] claim failed (<urlopen error [Errno 11001] getaddrinfo failed>); retrying in 5s
[07-08 18:00:02] claim failed (<urlopen error [Errno 11001] getaddrinfo failed>); retrying in 5s
[07-08 18:00:07] claim failed (<urlopen error [Errno 11001] getaddrinfo failed>); retrying in 5s
[07-08 18:00:13] claim failed (<urlopen error [Errno 11001] getaddrinfo failed>); retrying in 5s
[07-08 18:00:18] claim failed (<urlopen error [Errno 11001] getaddrinfo failed>); retrying in 5s
[07-08 18:00:23] claim failed (<urlopen error [Errno 11001] getaddrinfo failed>); retrying in 5s
[07-08 18:00:28] claim failed (<urlopen error [Errno 11001] getaddrinfo failed>); retrying in 5s
[07-08 18:00:33] claim failed (<urlopen error [Errno 11001] getaddrinfo failed>); retrying in 5s
[07-08 18:00:38] claim failed (<urlopen error [Errno 11001] getaddrinfo failed>); retrying in 5s
[07-08 18:00:43] claim failed (<urlopen error [Errno 11001] getaddrinfo failed>); retrying in 5s
[07-08 18:00:48] claim failed (<urlopen error [Errno 11001] getaddrinfo failed>); retrying in 5s
[07-08 18:00:53] claim failed (<urlopen error [Errno 11001] getaddrinfo failed>); retrying in 5s
[07-08 18:00:58] claim failed (<urlopen error [Errno 11001] getaddrinfo failed>); retrying in 5s
[07-08 18:01:03] claim failed (<urlopen error [Errno 11001] getaddrinfo failed>); retrying in 5s
[07-08 18:01:09] claim failed (<urlopen error [Errno 11001] getaddrinfo failed>); retrying in 5s
[07-08 18:01:14] claim failed (<urlopen error [Errno 11001] getaddrinfo failed>); retrying in 5s
[07-08 18:01:19] claim failed (<urlopen error [Errno 11001] getaddrinfo failed>); retrying in 5s
[07-08 18:01:24] claim failed (<urlopen error [Errno 11001] getaddrinfo failed>); retrying in 5s
[07-08 18:01:29] claim failed (<urlopen error [Errno 11001] getaddrinfo failed>); retrying in 5s
[07-08 18:01:34] claim failed (<urlopen error [Errno 11001] getaddrinfo failed>); retrying in 5s
[07-08 18:01:39] claim failed (<urlopen error [Errno 11001] getaddrinfo failed>); retrying in 5s
[07-08 18:01:44] claim failed (<urlopen error [Errno 11001] getaddrinfo failed>); retrying in 5s
[07-08 18:01:49] claim failed (<urlopen error [Errno 11001] getaddrinfo failed>); retrying in 5s
[07-08 18:01:54] claim failed (<urlopen error [Errno 11001] getaddrinfo failed>); retrying in 5s
[07-08 18:01:59] claim failed (<urlopen error [Errno 11001] getaddrinfo failed>); retrying in 5s
[07-08 18:02:05] claim failed (<urlopen error [Errno 11001] getaddrinfo failed>); retrying in 5s
[07-08 18:02:10] claim failed (<urlopen error [Errno 11001] getaddrinfo failed>); retrying in 5s
[07-08 18:02:15] claim failed (<urlopen error [Errno 11001] getaddrinfo failed>); retrying in 5s
[07-08 18:02:20] claim failed (<urlopen error [Errno 11001] getaddrinfo failed>); retrying in 5s
[07-08 18:02:25] claim failed (<urlopen error [Errno 11001] getaddrinfo failed>); retrying in 5s
[07-08 18:02:30] claim failed (<urlopen error [Errno 11001] getaddrinfo failed>); retrying in 5s
[07-08 18:02:35] claim failed (<urlopen error [Errno 11001] getaddrinfo failed>); retrying in 5s
[07-08 18:02:40] claim failed (<urlopen error [Errno 11001] getaddrinfo failed>); retrying in 5s
[07-08 18:02:45] claim failed (<urlopen error [Errno 11001] getaddrinfo failed>); retrying in 5s
[07-08 18:02:50] claim failed (<urlopen error [Errno 11001] getaddrinfo failed>); retrying in 5s
[07-08 18:02:55] claim failed (<urlopen error [Errno 11001] getaddrinfo failed>); retrying in 5s
[07-08 18:03:01] claim failed (<urlopen error [Errno 11001] getaddrinfo failed>); retrying in 5s
[07-08 18:03:06] claim failed (<urlopen error [Errno 11001] getaddrinfo failed>); retrying in 5s
[07-08 18:03:11] claim failed (<urlopen error [Errno 11001] getaddrinfo failed>); retrying in 5s
[07-08 18:03:16] claim failed (<urlopen error [Errno 11001] getaddrinfo failed>); retrying in 5s
[07-08 18:03:21] claim failed (<urlopen error [Errno 11001] getaddrinfo failed>); retrying in 5s
[07-08 18:03:26] claim failed (<urlopen error [Errno 11001] getaddrinfo failed>); retrying in 5s
[07-08 18:03:31] claim failed (<urlopen error [Errno 11001] getaddrinfo failed>); retrying in 5s
[07-08 18:03:36] claim failed (<urlopen error [Errno 11001] getaddrinfo failed>); retrying in 5s
[07-08 18:03:41] claim failed (<urlopen error [Errno 11001] getaddrinfo failed>); retrying in 5s
[07-08 18:03:46] claim failed (<urlopen error [Errno 11001] getaddrinfo failed>); retrying in 5s
[07-08 18:03:51] claim failed (<urlopen error [Errno 11001] getaddrinfo failed>); retrying in 5s
[07-08 18:03:57] claim failed (<urlopen error [Errno 11001] getaddrinfo failed>); retrying in 5s
[07-08 18:04:02] claim failed (<urlopen error [Errno 11001] getaddrinfo failed>); retrying in 5s
[07-08 18:04:07] claim failed (<urlopen error [Errno 11001] getaddrinfo failed>); retrying in 5s
[07-08 18:04:12] claim failed (<urlopen error [Errno 11001] getaddrinfo failed>); retrying in 5s
[07-08 18:04:17] claim failed (<urlopen error [Errno 11001] getaddrinfo failed>); retrying in 5s
[07-08 18:04:22] claim failed (<urlopen error [Errno 11001] getaddrinfo failed>); retrying in 5s
[07-08 18:04:27] claim failed (<urlopen error [Errno 11001] getaddrinfo failed>); retrying in 5s
[07-08 18:04:32] claim failed (<urlopen error [Errno 11001] getaddrinfo failed>); retrying in 5s
[07-08 18:04:37] claim failed (<urlopen error [Errno 11001] getaddrinfo failed>); retrying in 5s
[07-08 18:04:42] claim failed (<urlopen error [Errno 11001] getaddrinfo failed>); retrying in 5s
[07-08 18:04:47] claim failed (<urlopen error [Errno 11001] getaddrinfo failed>); retrying in 5s
[07-08 18:04:53] claim failed (<urlopen error [Errno 11001] getaddrinfo failed>); retrying in 5s
[07-08 18:04:58] claim failed (<urlopen error [Errno 11001] getaddrinfo failed>); retrying in 5s
[07-08 18:05:03] claim failed (<urlopen error [Errno 11001] getaddrinfo failed>); retrying in 5s
[07-08 18:05:08] claim failed (<urlopen error [Errno 11001] getaddrinfo failed>); retrying in 5s
[07-08 18:05:13] claim failed (<urlopen error [Errno 11001] getaddrinfo failed>); retrying in 5s
[07-08 18:05:18] claim failed (<urlopen error [Errno 11001] getaddrinfo failed>); retrying in 5s
[07-08 18:05:23] claim failed (<urlopen error [Errno 11001] getaddrinfo failed>); retrying in 5s
[07-08 18:05:28] claim failed (<urlopen error [Errno 11001] getaddrinfo failed>); retrying in 5s
[07-08 18:05:33] claim failed (<urlopen error [Errno 11001] getaddrinfo failed>); retrying in 5s
[07-08 18:05:38] claim failed (<urlopen error [Errno 11001] getaddrinfo failed>); retrying in 5s
[07-08 18:05:43] claim failed (<urlopen error [Errno 11001] getaddrinfo failed>); retrying in 5s
[07-08 18:05:49] claim failed (<urlopen error [Errno 11001] getaddrinfo failed>); retrying in 5s
[07-08 18:05:54] claim failed (<urlopen error [Errno 11001] getaddrinfo failed>); retrying in 5s
[07-08 18:05:59] claim failed (<urlopen error [Errno 11001] getaddrinfo failed>); retrying in 5s
[07-08 18:06:04] claim failed (<urlopen error [Errno 11001] getaddrinfo failed>); retrying in 5s
[07-08 18:06:09] claim failed (<urlopen error [Errno 11001] getaddrinfo failed>); retrying in 5s
[07-08 18:06:14] claim failed (<urlopen error [Errno 11001] getaddrinfo failed>); retrying in 5s
[07-08 18:06:19] claim failed (<urlopen error [Errno 11001] getaddrinfo failed>); retrying in 5s
[07-08 18:06:24] claim failed (<urlopen error [Errno 11001] getaddrinfo failed>); retrying in 5s
[07-08 18:06:29] claim failed (<urlopen error [Errno 11001] getaddrinfo failed>); retrying in 5s
[07-08 18:06:34] claim failed (<urlopen error [Errno 11001] getaddrinfo failed>); retrying in 5s
[07-08 18:06:39] claim failed (<urlopen error [Errno 11001] getaddrinfo failed>); retrying in 5s
[07-08 18:06:45] claim failed (<urlopen error [Errno 11001] getaddrinfo failed>); retrying in 5s
[07-08 18:06:50] claim failed (<urlopen error [Errno 11001] getaddrinfo failed>); retrying in 5s
[07-08 18:06:55] claim failed (<urlopen error [Errno 11001] getaddrinfo failed>); retrying in 5s
[07-08 18:07:00] claim failed (<urlopen error [Errno 11001] getaddrinfo failed>); retrying in 5s
[07-08 18:07:05] claim failed (<urlopen error [Errno 11001] getaddrinfo failed>); retrying in 5s
[07-08 18:07:10] claim failed (<urlopen error [Errno 11001] getaddrinfo failed>); retrying in 5s
[07-08 18:07:15] claim failed (<urlopen error [Errno 11001] getaddrinfo failed>); retrying in 5s
[07-08 18:07:20] claim failed (<urlopen error [Errno 11001] getaddrinfo failed>); retrying in 5s
[07-08 18:07:25] claim failed (<urlopen error [Errno 11001] getaddrinfo failed>); retrying in 5s
[07-08 18:07:30] claim failed (<urlopen error [Errno 11001] getaddrinfo failed>); retrying in 5s
[07-08 18:07:35] claim failed (<urlopen error [Errno 11001] getaddrinfo failed>); retrying in 5s
[07-08 18:07:41] claim failed (<urlopen error [Errno 11001] getaddrinfo failed>); retrying in 5s
[07-08 18:07:46] claim failed (<urlopen error [Errno 11001] getaddrinfo failed>); retrying in 5s
[07-08 18:07:51] claim failed (<urlopen error [Errno 11001] getaddrinfo failed>); retrying in 5s
[07-08 18:07:56] claim failed (<urlopen error [Errno 11001] getaddrinfo failed>); retrying in 5s
[07-08 18:08:01] claim failed (<urlopen error [Errno 11001] getaddrinfo failed>); retrying in 5s
[07-08 18:08:06] claim failed (<urlopen error [Errno 11001] getaddrinfo failed>); retrying in 5s
[07-08 18:08:11] claim failed (<urlopen error [Errno 11001] getaddrinfo failed>); retrying in 5s
[07-08 18:08:16] claim failed (<urlopen error [Errno 11001] getaddrinfo failed>); retrying in 5s
[07-08 18:08:21] claim failed (<urlopen error [Errno 11001] getaddrinfo failed>); retrying in 5s
[07-08 18:08:26] claim failed (<urlopen error [Errno 11001] getaddrinfo failed>); retrying in 5s
[07-08 18:08:31] claim failed (<urlopen error [Errno 11001] getaddrinfo failed>); retrying in 5s
[07-08 18:08:37] claim failed (<urlopen error [Errno 11001] getaddrinfo failed>); retrying in 5s
[07-08 18:08:42] claim failed (<urlopen error [Errno 11001] getaddrinfo failed>); retrying in 5s
[07-08 18:08:47] claim failed (<urlopen error [Errno 11001] getaddrinfo failed>); retrying in 5s
[07-08 18:08:52] claim failed (<urlopen error [Errno 11001] getaddrinfo failed>); retrying in 5s
[07-08 18:08:57] claim failed (<urlopen error [Errno 11001] getaddrinfo failed>); retrying in 5s
[07-08 18:09:02] claim failed (<urlopen error [Errno 11001] getaddrinfo failed>); retrying in 5s
[07-08 18:09:07] claim failed (<urlopen error [Errno 11001] getaddrinfo failed>); retrying in 5s
[07-08 18:09:12] claim failed (<urlopen error [Errno 11001] getaddrinfo failed>); retrying in 5s
[07-08 18:09:17] claim failed (<urlopen error [Errno 11001] getaddrinfo failed>); retrying in 5s
[07-08 18:09:22] claim failed (<urlopen error [Errno 11001] getaddrinfo failed>); retrying in 5s
[07-08 18:09:27] claim failed (<urlopen error [Errno 11001] getaddrinfo failed>); retrying in 5s
[07-08 18:09:33] claim failed (<urlopen error [Errno 11001] getaddrinfo failed>); retrying in 5s
[07-08 18:09:38] claim failed (<urlopen error [Errno 11001] getaddrinfo failed>); retrying in 5s
[07-08 18:09:43] claim failed (<urlopen error [Errno 11001] getaddrinfo failed>); retrying in 5s
[07-08 18:09:48] claim failed (<urlopen error [Errno 11001] getaddrinfo failed>); retrying in 5s
[07-08 18:09:53] claim failed (<urlopen error [Errno 11001] getaddrinfo failed>); retrying in 5s
[07-08 18:09:58] claim failed (<urlopen error [Errno 11001] getaddrinfo failed>); retrying in 5s
[07-08 18:10:03] claim failed (<urlopen error [Errno 11001] getaddrinfo failed>); retrying in 5s
[07-08 18:10:08] claim failed (<urlopen error [Errno 11001] getaddrinfo failed>); retrying in 5s
[07-08 18:10:13] claim failed (<urlopen error [Errno 11001] getaddrinfo failed>); retrying in 5s
[07-08 18:10:18] claim failed (<urlopen error [Errno 11001] getaddrinfo failed>); retrying in 5s
[07-08 18:10:23] claim failed (<urlopen error [Errno 11001] getaddrinfo failed>); retrying in 5s
[07-08 18:10:29] claim failed (<urlopen error [Errno 11001] getaddrinfo failed>); retrying in 5s
[07-08 18:10:34] claim failed (<urlopen error [Errno 11001] getaddrinfo failed>); retrying in 5s
[07-08 18:10:39] claim failed (<urlopen error [Errno 11001] getaddrinfo failed>); retrying in 5s
[07-08 18:10:44] claim failed (<urlopen error [Errno 11001] getaddrinfo failed>); retrying in 5s
[07-08 18:10:49] claim failed (<urlopen error [Errno 11001] getaddrinfo failed>); retrying in 5s
[07-08 18:10:54] claim failed (<urlopen error [Errno 11001] getaddrinfo failed>); retrying in 5s
[07-08 18:10:59] claim failed (<urlopen error [Errno 11001] getaddrinfo failed>); retrying in 5s
[07-08 18:11:04] claim failed (<urlopen error [Errno 11001] getaddrinfo failed>); retrying in 5s
[07-08 18:11:09] claim failed (<urlopen error [Errno 11001] getaddrinfo failed>); retrying in 5s
[07-08 18:11:14] claim failed (<urlopen error [Errno 11001] getaddrinfo failed>); retrying in 5s
[07-08 18:11:19] claim failed (<urlopen error [Errno 11001] getaddrinfo failed>); retrying in 5s
[07-08 18:11:25] claim failed (<urlopen error [Errno 11001] getaddrinfo failed>); retrying in 5s
[07-08 18:11:30] claim failed (<urlopen error [Errno 11001] getaddrinfo failed>); retrying in 5s
[07-08 18:11:35] claim failed (<urlopen error [Errno 11001] getaddrinfo failed>); retrying in 5s
[07-08 18:11:40] claim failed (<urlopen error [Errno 11001] getaddrinfo failed>); retrying in 5s
[07-08 18:11:45] claim failed (<urlopen error [Errno 11001] getaddrinfo failed>); retrying in 5s
[07-08 18:11:50] claim failed (<urlopen error [Errno 11001] getaddrinfo failed>); retrying in 5s
[07-08 18:11:55] claim failed (<urlopen error [Errno 11001] getaddrinfo failed>); retrying in 5s
[07-08 18:12:00] claim failed (<urlopen error [Errno 11001] getaddrinfo failed>); retrying in 5s
[07-08 18:12:05] claim failed (<urlopen error [Errno 11001] getaddrinfo failed>); retrying in 5s
[07-08 18:12:10] claim failed (<urlopen error [Errno 11001] getaddrinfo failed>); retrying in 5s
[07-08 18:12:15] claim failed (<urlopen error [Errno 11001] getaddrinfo failed>); retrying in 5s
[07-08 18:12:21] claim failed (<urlopen error [Errno 11001] getaddrinfo failed>); retrying in 5s
[07-08 18:12:26] claim failed (<urlopen error [Errno 11001] getaddrinfo failed>); retrying in 5s
[07-08 18:12:31] claim failed (<urlopen error [Errno 11001] getaddrinfo failed>); retrying in 5s
[07-08 18:12:36] claim failed (<urlopen error [Errno 11001] getaddrinfo failed>); retrying in 5s
[07-08 18:12:41] claim failed (<urlopen error [Errno 11001] getaddrinfo failed>); retrying in 5s
[07-08 18:12:46] claim failed (<urlopen error [Errno 11001] getaddrinfo failed>); retrying in 5s
[07-08 18:12:51] claim failed (<urlopen error [Errno 11001] getaddrinfo failed>); retrying in 5s
[07-08 18:12:56] claim failed (<urlopen error [Errno 11001] getaddrinfo failed>); retrying in 5s
[07-08 18:13:01] claim failed (<urlopen error [Errno 11001] getaddrinfo failed>); retrying in 5s
[07-08 18:13:06] claim failed (<urlopen error [Errno 11001] getaddrinfo failed>); retrying in 5s
[07-08 18:13:11] claim failed (<urlopen error [Errno 11001] getaddrinfo failed>); retrying in 5s
[07-08 18:13:17] claim failed (<urlopen error [Errno 11001] getaddrinfo failed>); retrying in 5s
[07-08 18:13:22] claim failed (<urlopen error [Errno 11001] getaddrinfo failed>); retrying in 5s
[07-08 18:13:27] claim failed (<urlopen error [Errno 11001] getaddrinfo failed>); retrying in 5s
[07-08 18:13:32] claim failed (<urlopen error [Errno 11001] getaddrinfo failed>); retrying in 5s
[07-08 18:13:37] claim failed (<urlopen error [Errno 11001] getaddrinfo failed>); retrying in 5s
[07-08 18:13:42] claim failed (<urlopen error [Errno 11001] getaddrinfo failed>); retrying in 5s
[07-08 18:13:47] claim failed (<urlopen error [Errno 11001] getaddrinfo failed>); retrying in 5s
[07-08 18:13:52] claim failed (<urlopen error [Errno 11001] getaddrinfo failed>); retrying in 5s
[07-08 18:13:57] claim failed (<urlopen error [Errno 11001] getaddrinfo failed>); retrying in 5s
[07-08 18:14:02] claim failed (<urlopen error [Errno 11001] getaddrinfo failed>); retrying in 5s
[07-08 18:14:07] claim failed (<urlopen error [Errno 11001] getaddrinfo failed>); retrying in 5s
[07-08 18:14:13] claim failed (<urlopen error [Errno 11001] getaddrinfo failed>); retrying in 5s
[07-08 18:14:18] claim failed (<urlopen error [Errno 11001] getaddrinfo failed>); retrying in 5s
[07-08 18:14:23] claim failed (<urlopen error [Errno 11001] getaddrinfo failed>); retrying in 5s
[07-08 18:14:28] claim failed (<urlopen error [Errno 11001] getaddrinfo failed>); retrying in 5s
[07-08 18:14:33] claim failed (<urlopen error [Errno 11001] getaddrinfo failed>); retrying in 5s
[07-08 18:14:38] claim failed (<urlopen error [Errno 11001] getaddrinfo failed>); retrying in 5s
[07-08 18:14:43] claim failed (<urlopen error [Errno 11001] getaddrinfo failed>); retrying in 5s
[07-08 18:14:48] claim failed (<urlopen error [Errno 11001] getaddrinfo failed>); retrying in 5s
[07-08 18:14:53] claim failed (<urlopen error [Errno 11001] getaddrinfo failed>); retrying in 5s
[07-08 18:14:58] claim failed (<urlopen error [Errno 11001] getaddrinfo failed>); retrying in 5s
[07-08 18:15:03] claim failed (<urlopen error [Errno 11001] getaddrinfo failed>); retrying in 5s
[07-08 18:15:09] claim failed (<urlopen error [Errno 11001] getaddrinfo failed>); retrying in 5s
[07-08 18:15:14] claim failed (<urlopen error [Errno 11001] getaddrinfo failed>); retrying in 5s
[07-08 18:15:19] claim failed (<urlopen error [Errno 11001] getaddrinfo failed>); retrying in 5s
[07-08 18:15:24] claim failed (<urlopen error [Errno 11001] getaddrinfo failed>); retrying in 5s
[07-08 18:15:29] claim failed (<urlopen error [Errno 11001] getaddrinfo failed>); retrying in 5s
[07-08 18:15:34] claim failed (<urlopen error [Errno 11001] getaddrinfo failed>); retrying in 5s
[07-08 18:15:39] claim failed (<urlopen error [Errno 11001] getaddrinfo failed>); retrying in 5s
[07-08 18:15:44] claim failed (<urlopen error [Errno 11001] getaddrinfo failed>); retrying in 5s
[07-08 18:15:49] claim failed (<urlopen error [Errno 11001] getaddrinfo failed>); retrying in 5s
[07-08 18:15:54] claim failed (<urlopen error [Errno 11001] getaddrinfo failed>); retrying in 5s
[07-08 18:16:00] claim failed (<urlopen error [Errno 11001] getaddrinfo failed>); retrying in 5s
[07-08 18:16:05] claim failed (<urlopen error [Errno 11001] getaddrinfo failed>); retrying in 5s
[07-08 18:16:10] claim failed (<urlopen error [Errno 11001] getaddrinfo failed>); retrying in 5s
[07-08 18:16:15] claim failed (<urlopen error [Errno 11001] getaddrinfo failed>); retrying in 5s
[07-08 18:16:20] claim failed (<urlopen error [Errno 11001] getaddrinfo failed>); retrying in 5s
[07-08 18:16:25] claim failed (<urlopen error [Errno 11001] getaddrinfo failed>); retrying in 5s
[07-08 18:16:30] claim failed (<urlopen error [Errno 11001] getaddrinfo failed>); retrying in 5s
[07-08 18:16:35] claim failed (<urlopen error [Errno 11001] getaddrinfo failed>); retrying in 5s
[07-08 18:16:40] claim failed (<urlopen error [Errno 11001] getaddrinfo failed>); retrying in 5s
[07-08 18:16:45] claim failed (<urlopen error [Errno 11001] getaddrinfo failed>); retrying in 5s
[07-08 18:16:50] claim failed (<urlopen error [Errno 11001] getaddrinfo failed>); retrying in 5s
[07-08 18:16:56] claim failed (<urlopen error [Errno 11001] getaddrinfo failed>); retrying in 5s
[07-08 18:17:01] claim failed (<urlopen error [Errno 11001] getaddrinfo failed>); retrying in 5s
[07-08 18:17:06] claim failed (<urlopen error [Errno 11001] getaddrinfo failed>); retrying in 5s
[07-08 18:17:11] claim failed (<urlopen error [Errno 11001] getaddrinfo failed>); retrying in 5s
[07-08 18:17:16] claim failed (<urlopen error [Errno 11001] getaddrinfo failed>); retrying in 5s
[07-08 18:17:21] claim failed (<urlopen error [Errno 11001] getaddrinfo failed>); retrying in 5s
[07-08 18:17:26] claim failed (<urlopen error [Errno 11001] getaddrinfo failed>); retrying in 5s
[07-08 18:17:31] claim failed (<urlopen error [Errno 11001] getaddrinfo failed>); retrying in 5s
[07-08 18:17:36] claim failed (<urlopen error [Errno 11001] getaddrinfo failed>); retrying in 5s
[07-08 18:17:41] claim failed (<urlopen error [Errno 11001] getaddrinfo failed>); retrying in 5s
[07-08 18:17:46] claim failed (<urlopen error [Errno 11001] getaddrinfo failed>); retrying in 5s
[07-08 18:17:52] claim failed (<urlopen error [Errno 11001] getaddrinfo failed>); retrying in 5s
[07-08 18:17:57] claim failed (<urlopen error [Errno 11001] getaddrinfo failed>); retrying in 5s
[07-08 18:18:02] claim failed (<urlopen error [Errno 11001] getaddrinfo failed>); retrying in 5s
[07-08 18:18:07] claim failed (<urlopen error [Errno 11001] getaddrinfo failed>); retrying in 5s
[07-08 18:18:12] claim failed (<urlopen error [Errno 11001] getaddrinfo failed>); retrying in 5s
[07-08 18:18:17] claim failed (<urlopen error [Errno 11001] getaddrinfo failed>); retrying in 5s
[07-08 18:18:22] claim failed (<urlopen error [Errno 11001] getaddrinfo failed>); retrying in 5s
[07-08 18:18:27] claim failed (<urlopen error [Errno 11001] getaddrinfo failed>); retrying in 5s
[07-08 18:18:32] claim failed (<urlopen error [Errno 11001] getaddrinfo failed>); retrying in 5s
[07-08 18:18:37] claim failed (<urlopen error [Errno 11001] getaddrinfo failed>); retrying in 5s
[07-08 18:18:42] claim failed (<urlopen error [Errno 11001] getaddrinfo failed>); retrying in 5s
[07-08 18:18:48] claim failed (<urlopen error [Errno 11001] getaddrinfo failed>); retrying in 5s
[07-08 18:18:53] claim failed (<urlopen error [Errno 11001] getaddrinfo failed>); retrying in 5s
[07-08 18:18:58] claim failed (<urlopen error [Errno 11001] getaddrinfo failed>); retrying in 5s
[07-08 18:19:03] claim failed (<urlopen error [Errno 11001] getaddrinfo failed>); retrying in 5s
[07-08 18:19:08] claim failed (<urlopen error [Errno 11001] getaddrinfo failed>); retrying in 5s
[07-08 18:19:13] claim failed (<urlopen error [Errno 11001] getaddrinfo failed>); retrying in 5s
[07-08 18:19:18] claim failed (<urlopen error [Errno 11001] getaddrinfo failed>); retrying in 5s
[07-08 18:19:23] claim failed (<urlopen error [Errno 11001] getaddrinfo failed>); retrying in 5s
[07-08 18:19:28] claim failed (<urlopen error [Errno 11001] getaddrinfo failed>); retrying in 5s
[07-08 18:19:33] claim failed (<urlopen error [Errno 11001] getaddrinfo failed>); retrying in 5s
[07-08 18:19:38] claim failed (<urlopen error [Errno 11001] getaddrinfo failed>); retrying in 5s
[07-08 18:19:44] claim failed (<urlopen error [Errno 11001] getaddrinfo failed>); retrying in 5s
[07-08 18:19:49] claim failed (<urlopen error [Errno 11001] getaddrinfo failed>); retrying in 5s
[07-08 18:19:54] claim failed (<urlopen error [Errno 11001] getaddrinfo failed>); retrying in 5s
[07-08 18:19:59] claim failed (<urlopen error [Errno 11001] getaddrinfo failed>); retrying in 5s
[07-08 18:20:04] claim failed (<urlopen error [Errno 11001] getaddrinfo failed>); retrying in 5s
[07-08 18:20:09] claim failed (<urlopen error [Errno 11001] getaddrinfo failed>); retrying in 5s
[07-08 18:20:14] claim failed (<urlopen error [Errno 11001] getaddrinfo failed>); retrying in 5s
[07-08 18:20:19] claim failed (<urlopen error [Errno 11001] getaddrinfo failed>); retrying in 5s
[07-08 18:20:24] claim failed (<urlopen error [Errno 11001] getaddrinfo failed>); retrying in 5s
[07-08 18:20:29] claim failed (<urlopen error [Errno 11001] getaddrinfo failed>); retrying in 5s
[07-08 18:20:34] claim failed (<urlopen error [Errno 11001] getaddrinfo failed>); retrying in 5s
[07-08 18:20:40] claim failed (<urlopen error [Errno 11001] getaddrinfo failed>); retrying in 5s
[07-08 18:20:45] claim failed (<urlopen error [Errno 11001] getaddrinfo failed>); retrying in 5s
[07-08 18:20:50] claim failed (<urlopen error [Errno 11001] getaddrinfo failed>); retrying in 5s
[07-08 18:20:55] claim failed (<urlopen error [Errno 11001] getaddrinfo failed>); retrying in 5s
[07-08 18:21:00] claim failed (<urlopen error [Errno 11001] getaddrinfo failed>); retrying in 5s
[07-08 18:21:05] claim failed (<urlopen error [Errno 11001] getaddrinfo failed>); retrying in 5s
[07-08 18:21:10] claim failed (<urlopen error [Errno 11001] getaddrinfo failed>); retrying in 5s
[07-08 18:21:15] claim failed (<urlopen error [Errno 11001] getaddrinfo failed>); retrying in 5s
[07-08 18:21:20] claim failed (<urlopen error [Errno 11001] getaddrinfo failed>); retrying in 5s
[07-08 18:21:25] claim failed (<urlopen error [Errno 11001] getaddrinfo failed>); retrying in 5s
[07-08 18:21:30] claim failed (<urlopen error [Errno 11001] getaddrinfo failed>); retrying in 5s
[07-08 18:21:35] claim failed (<urlopen error [Errno 11001] getaddrinfo failed>); retrying in 5s
[07-08 18:21:41] claim failed (<urlopen error [Errno 11001] getaddrinfo failed>); retrying in 5s
[07-08 18:21:46] claim failed (<urlopen error [Errno 11001] getaddrinfo failed>); retrying in 5s
[07-08 18:21:51] claim failed (<urlopen error [Errno 11001] getaddrinfo failed>); retrying in 5s
[07-08 18:21:56] claim failed (<urlopen error [Errno 11001] getaddrinfo failed>); retrying in 5s
[07-08 18:22:01] claim failed (<urlopen error [Errno 11001] getaddrinfo failed>); retrying in 5s
[07-08 18:22:06] claim failed (<urlopen error [Errno 11001] getaddrinfo failed>); retrying in 5s
[07-08 18:22:11] claim failed (<urlopen error [Errno 11001] getaddrinfo failed>); retrying in 5s
[07-08 18:22:16] claim failed (<urlopen error [Errno 11001] getaddrinfo failed>); retrying in 5s
[07-08 18:22:21] claim failed (<urlopen error [Errno 11001] getaddrinfo failed>); retrying in 5s
[07-08 18:22:26] claim failed (<urlopen error [Errno 11001] getaddrinfo failed>); retrying in 5s
[07-08 18:22:31] claim failed (<urlopen error [Errno 11001] getaddrinfo failed>); retrying in 5s
[07-08 18:22:37] claim failed (<urlopen error [Errno 11001] getaddrinfo failed>); retrying in 5s
[07-08 18:22:42] claim failed (<urlopen error [Errno 11001] getaddrinfo failed>); retrying in 5s
[07-08 18:22:47] claim failed (<urlopen error [Errno 11001] getaddrinfo failed>); retrying in 5s
[07-08 18:22:52] claim failed (<urlopen error [Errno 11001] getaddrinfo failed>); retrying in 5s
[07-08 18:22:57] claim failed (<urlopen error [Errno 11001] getaddrinfo failed>); retrying in 5s
[07-08 18:23:02] claim failed (<urlopen error [Errno 11001] getaddrinfo failed>); retrying in 5s
[07-08 18:23:07] claim failed (<urlopen error [Errno 11001] getaddrinfo failed>); retrying in 5s
[07-08 18:23:12] claim failed (<urlopen error [Errno 11001] getaddrinfo failed>); retrying in 5s
[07-08 18:23:17] claim failed (<urlopen error [Errno 11001] getaddrinfo failed>); retrying in 5s
[07-08 18:23:22] claim failed (<urlopen error [Errno 11001] getaddrinfo failed>); retrying in 5s
[07-08 18:23:27] claim failed (<urlopen error [Errno 11001] getaddrinfo failed>); retrying in 5s
[07-08 18:23:33] claim failed (<urlopen error [Errno 11001] getaddrinfo failed>); retrying in 5s
[07-08 18:23:38] claim failed (<urlopen error [Errno 11001] getaddrinfo failed>); retrying in 5s
[07-08 18:23:43] claim failed (<urlopen error [Errno 11001] getaddrinfo failed>); retrying in 5s
[07-08 18:23:48] claim failed (<urlopen error [Errno 11001] getaddrinfo failed>); retrying in 5s
[07-08 18:23:53] claim failed (<urlopen error [Errno 11001] getaddrinfo failed>); retrying in 5s
[07-08 18:23:58] claim failed (<urlopen error [Errno 11001] getaddrinfo failed>); retrying in 5s
[07-08 18:24:03] claim failed (<urlopen error [Errno 11001] getaddrinfo failed>); retrying in 5s
[07-08 18:24:08] claim failed (<urlopen error [Errno 11001] getaddrinfo failed>); retrying in 5s
[07-08 18:24:13] claim failed (<urlopen error [Errno 11001] getaddrinfo failed>); retrying in 5s
[07-08 18:24:18] claim failed (<urlopen error [Errno 11001] getaddrinfo failed>); retrying in 5s
[07-08 18:24:23] claim failed (<urlopen error [Errno 11001] getaddrinfo failed>); retrying in 5s
[07-08 18:24:29] claim failed (<urlopen error [Errno 11001] getaddrinfo failed>); retrying in 5s
[07-08 18:24:34] claim failed (<urlopen error [Errno 11001] getaddrinfo failed>); retrying in 5s
[07-08 18:24:39] claim failed (<urlopen error [Errno 11001] getaddrinfo failed>); retrying in 5s
[07-08 18:24:44] claim failed (<urlopen error [Errno 11001] getaddrinfo failed>); retrying in 5s
[07-08 18:24:49] claim failed (<urlopen error [Errno 11001] getaddrinfo failed>); retrying in 5s
[07-08 18:24:54] claim failed (<urlopen error [Errno 11001] getaddrinfo failed>); retrying in 5s
[07-08 18:24:59] claim failed (<urlopen error [Errno 11001] getaddrinfo failed>); retrying in 5s
[07-08 18:25:04] claim failed (<urlopen error [Errno 11001] getaddrinfo failed>); retrying in 5s
[07-08 18:25:09] claim failed (<urlopen error [Errno 11001] getaddrinfo failed>); retrying in 5s
[07-08 18:25:14] claim failed (<urlopen error [Errno 11001] getaddrinfo failed>); retrying in 5s
[07-08 18:25:19] claim failed (<urlopen error [Errno 11001] getaddrinfo failed>); retrying in 5s
[07-08 18:25:25] claim failed (<urlopen error [Errno 11001] getaddrinfo failed>); retrying in 5s
[07-08 18:25:30] claim failed (<urlopen error [Errno 11001] getaddrinfo failed>); retrying in 5s
[07-08 18:25:35] claim failed (<urlopen error [Errno 11001] getaddrinfo failed>); retrying in 5s
[07-08 18:25:40] claim failed (<urlopen error [Errno 11001] getaddrinfo failed>); retrying in 5s
[07-08 18:25:45] claim failed (<urlopen error [Errno 11001] getaddrinfo failed>); retrying in 5s
[07-08 18:25:50] claim failed (<urlopen error [Errno 11001] getaddrinfo failed>); retrying in 5s
[07-08 18:25:55] claim failed (<urlopen error [Errno 11001] getaddrinfo failed>); retrying in 5s
[07-08 18:26:00] claim failed (<urlopen error [Errno 11001] getaddrinfo failed>); retrying in 5s
[07-08 18:26:05] claim failed (<urlopen error [Errno 11001] getaddrinfo failed>); retrying in 5s
[07-08 18:26:10] claim failed (<urlopen error [Errno 11001] getaddrinfo failed>); retrying in 5s
[07-08 18:26:15] claim failed (<urlopen error [Errno 11001] getaddrinfo failed>); retrying in 5s
[07-08 18:26:20] claim failed (<urlopen error [Errno 11001] getaddrinfo failed>); retrying in 5s
[07-08 18:26:26] claim failed (<urlopen error [Errno 11001] getaddrinfo failed>); retrying in 5s
[07-08 18:26:31] claim failed (<urlopen error [Errno 11001] getaddrinfo failed>); retrying in 5s
[07-08 18:26:36] claim failed (<urlopen error [Errno 11001] getaddrinfo failed>); retrying in 5s
[07-08 18:26:41] claim failed (<urlopen error [Errno 11001] getaddrinfo failed>); retrying in 5s
[07-08 18:26:46] claim failed (<urlopen error [Errno 11001] getaddrinfo failed>); retrying in 5s
[07-08 18:26:51] claim failed (<urlopen error [Errno 11001] getaddrinfo failed>); retrying in 5s
[07-08 18:26:56] claim failed (<urlopen error [Errno 11001] getaddrinfo failed>); retrying in 5s
[07-08 18:27:01] claim failed (<urlopen error [Errno 11001] getaddrinfo failed>); retrying in 5s
[07-08 18:27:06] claim failed (<urlopen error [Errno 11001] getaddrinfo failed>); retrying in 5s
[07-08 18:27:12] claim failed (<urlopen error [Errno 11001] getaddrinfo failed>); retrying in 5s
[07-08 18:27:17] claim failed (<urlopen error [Errno 11001] getaddrinfo failed>); retrying in 5s
[07-08 18:27:22] claim failed (<urlopen error [Errno 11001] getaddrinfo failed>); retrying in 5s
[07-08 18:27:27] claim failed (<urlopen error [Errno 11001] getaddrinfo failed>); retrying in 5s
[07-08 18:27:32] claim failed (<urlopen error [Errno 11001] getaddrinfo failed>); retrying in 5s
[07-08 18:27:37] claim failed (<urlopen error [Errno 11001] getaddrinfo failed>); retrying in 5s
[07-08 18:27:42] claim failed (<urlopen error [Errno 11001] getaddrinfo failed>); retrying in 5s
[07-08 18:27:47] claim failed (<urlopen error [Errno 11001] getaddrinfo failed>); retrying in 5s
[07-08 18:27:52] claim failed (<urlopen error [Errno 11001] getaddrinfo failed>); retrying in 5s
[07-08 18:27:57] claim failed (<urlopen error [Errno 11001] getaddrinfo failed>); retrying in 5s
[07-08 18:28:03] claim failed (<urlopen error [Errno 11001] getaddrinfo failed>); retrying in 5s
[07-08 18:28:08] claim failed (<urlopen error [Errno 11001] getaddrinfo failed>); retrying in 5s
[07-08 18:28:13] claim failed (<urlopen error [Errno 11001] getaddrinfo failed>); retrying in 5s
[07-08 18:28:18] claim failed (<urlopen error [Errno 11001] getaddrinfo failed>); retrying in 5s
[07-08 18:28:23] claim failed (<urlopen error [Errno 11001] getaddrinfo failed>); retrying in 5s
[07-08 18:28:28] claim failed (<urlopen error [Errno 11001] getaddrinfo failed>); retrying in 5s
[07-08 18:28:33] claim failed (<urlopen error [Errno 11001] getaddrinfo failed>); retrying in 5s
[07-08 18:28:38] claim failed (<urlopen error [Errno 11001] getaddrinfo failed>); retrying in 5s
[07-08 18:28:43] claim failed (<urlopen error [Errno 11001] getaddrinfo failed>); retrying in 5s
[07-08 18:28:48] claim failed (<urlopen error [Errno 11001] getaddrinfo failed>); retrying in 5s
[07-08 18:28:53] claim failed (<urlopen error [Errno 11001] getaddrinfo failed>); retrying in 5s
[07-08 18:28:59] claim failed (<urlopen error [Errno 11001] getaddrinfo failed>); retrying in 5s
[07-08 18:29:04] claim failed (<urlopen error [Errno 11001] getaddrinfo failed>); retrying in 5s
[07-08 18:29:09] claim failed (<urlopen error [Errno 11001] getaddrinfo failed>); retrying in 5s
[07-08 18:29:14] claim failed (<urlopen error [Errno 11001] getaddrinfo failed>); retrying in 5s
[07-08 18:29:19] claim failed (<urlopen error [Errno 11001] getaddrinfo failed>); retrying in 5s
[07-08 18:29:24] claim failed (<urlopen error [Errno 11001] getaddrinfo failed>); retrying in 5s
[07-08 18:29:29] claim failed (<urlopen error [Errno 11001] getaddrinfo failed>); retrying in 5s
[07-08 18:29:34] claim failed (<urlopen error [Errno 11001] getaddrinfo failed>); retrying in 5s
[07-08 18:29:39] claim failed (<urlopen error [Errno 11001] getaddrinfo failed>); retrying in 5s
[07-08 18:29:44] claim failed (<urlopen error [Errno 11001] getaddrinfo failed>); retrying in 5s
[07-08 18:29:50] claim failed (<urlopen error [Errno 11001] getaddrinfo failed>); retrying in 5s
[07-08 18:29:55] claim failed (<urlopen error [Errno 11001] getaddrinfo failed>); retrying in 5s
[07-08 18:30:00] claim failed (<urlopen error [Errno 11001] getaddrinfo failed>); retrying in 5s
[07-08 18:30:05] claim failed (<urlopen error [Errno 11001] getaddrinfo failed>); retrying in 5s
[07-08 18:30:10] claim failed (<urlopen error [Errno 11001] getaddrinfo failed>); retrying in 5s
[07-08 18:30:15] claim failed (<urlopen error [Errno 11001] getaddrinfo failed>); retrying in 5s
[07-08 18:30:20] claim failed (<urlopen error [Errno 11001] getaddrinfo failed>); retrying in 5s
[07-08 18:30:25] claim failed (<urlopen error [Errno 11001] getaddrinfo failed>); retrying in 5s
[07-08 18:30:30] claim failed (<urlopen error [Errno 11001] getaddrinfo failed>); retrying in 5s
[07-08 18:30:35] claim failed (<urlopen error [Errno 11001] getaddrinfo failed>); retrying in 5s
[07-08 18:30:41] claim failed (<urlopen error [Errno 11001] getaddrinfo failed>); retrying in 5s
[07-08 18:30:46] claim failed (<urlopen error [Errno 11001] getaddrinfo failed>); retrying in 5s
[07-08 18:30:51] claim failed (<urlopen error [Errno 11001] getaddrinfo failed>); retrying in 5s
[07-08 18:30:56] claim failed (<urlopen error [Errno 11001] getaddrinfo failed>); retrying in 5s
[07-08 18:31:01] claim failed (<urlopen error [Errno 11001] getaddrinfo failed>); retrying in 5s
[07-08 18:31:06] claim failed (<urlopen error [Errno 11001] getaddrinfo failed>); retrying in 5s
[07-08 18:31:11] claim failed (<urlopen error [Errno 11001] getaddrinfo failed>); retrying in 5s
[07-08 18:31:16] claim failed (<urlopen error [Errno 11001] getaddrinfo failed>); retrying in 5s
[07-08 18:31:21] claim failed (<urlopen error [Errno 11001] getaddrinfo failed>); retrying in 5s
[07-08 18:31:26] claim failed (<urlopen error [Errno 11001] getaddrinfo failed>); retrying in 5s
[07-08 18:31:31] claim failed (<urlopen error [Errno 11001] getaddrinfo failed>); retrying in 5s
[07-08 18:31:37] claim failed (<urlopen error [Errno 11001] getaddrinfo failed>); retrying in 5s
[07-08 18:31:42] claim failed (<urlopen error [Errno 11001] getaddrinfo failed>); retrying in 5s
[07-08 18:31:47] claim failed (<urlopen error [Errno 11001] getaddrinfo failed>); retrying in 5s
[07-08 18:31:52] claim failed (<urlopen error [Errno 11001] getaddrinfo failed>); retrying in 5s
[07-08 18:31:57] claim failed (<urlopen error [Errno 11001] getaddrinfo failed>); retrying in 5s
[07-08 18:32:02] claim failed (<urlopen error [Errno 11001] getaddrinfo failed>); retrying in 5s
[07-08 18:32:07] claim failed (<urlopen error [Errno 11001] getaddrinfo failed>); retrying in 5s
[07-08 18:32:12] claim failed (<urlopen error [Errno 11001] getaddrinfo failed>); retrying in 5s
[07-08 18:32:17] claim failed (<urlopen error [Errno 11001] getaddrinfo failed>); retrying in 5s
[07-08 18:32:22] claim failed (<urlopen error [Errno 11001] getaddrinfo failed>); retrying in 5s
[07-08 18:32:27] claim failed (<urlopen error [Errno 11001] getaddrinfo failed>); retrying in 5s
[07-08 18:32:33] claim failed (<urlopen error [Errno 11001] getaddrinfo failed>); retrying in 5s
[07-08 18:32:38] claim failed (<urlopen error [Errno 11001] getaddrinfo failed>); retrying in 5s
[07-08 18:32:43] claim failed (<urlopen error [Errno 11001] getaddrinfo failed>); retrying in 5s
[07-08 18:32:48] claim failed (<urlopen error [Errno 11001] getaddrinfo failed>); retrying in 5s
[07-08 18:32:53] claim failed (<urlopen error [Errno 11001] getaddrinfo failed>); retrying in 5s
[07-08 18:32:58] claim failed (<urlopen error [Errno 11001] getaddrinfo failed>); retrying in 5s
[07-08 18:33:03] claim failed (<urlopen error [Errno 11001] getaddrinfo failed>); retrying in 5s
[07-08 18:33:08] claim failed (<urlopen error [Errno 11001] getaddrinfo failed>); retrying in 5s
[07-08 18:33:13] claim failed (<urlopen error [Errno 11001] getaddrinfo failed>); retrying in 5s
[07-08 18:33:18] claim failed (<urlopen error [Errno 11001] getaddrinfo failed>); retrying in 5s
[07-08 18:33:23] claim failed (<urlopen error [Errno 11001] getaddrinfo failed>); retrying in 5s
[07-08 18:33:29] claim failed (<urlopen error [Errno 11001] getaddrinfo failed>); retrying in 5s
[07-08 18:33:34] claim failed (<urlopen error [Errno 11001] getaddrinfo failed>); retrying in 5s
[07-08 18:33:39] claim failed (<urlopen error [Errno 11001] getaddrinfo failed>); retrying in 5s
[07-08 18:33:44] claim failed (<urlopen error [Errno 11001] getaddrinfo failed>); retrying in 5s
[07-08 18:33:49] claim failed (<urlopen error [Errno 11001] getaddrinfo failed>); retrying in 5s
[07-08 18:33:54] claim failed (<urlopen error [Errno 11001] getaddrinfo failed>); retrying in 5s
[07-08 18:33:59] claim failed (<urlopen error [Errno 11001] getaddrinfo failed>); retrying in 5s
[07-08 18:34:04] claim failed (<urlopen error [Errno 11001] getaddrinfo failed>); retrying in 5s
[07-08 18:34:09] claim failed (<urlopen error [Errno 11001] getaddrinfo failed>); retrying in 5s
[07-08 18:34:14] claim failed (<urlopen error [Errno 11001] getaddrinfo failed>); retrying in 5s
[07-08 18:34:19] claim failed (<urlopen error [Errno 11001] getaddrinfo failed>); retrying in 5s
[07-08 18:34:25] claim failed (<urlopen error [Errno 11001] getaddrinfo failed>); retrying in 5s
[07-08 18:34:30] claim failed (<urlopen error [Errno 11001] getaddrinfo failed>); retrying in 5s
[07-08 18:34:35] claim failed (<urlopen error [Errno 11001] getaddrinfo failed>); retrying in 5s
[07-08 18:34:40] claim failed (<urlopen error [Errno 11001] getaddrinfo failed>); retrying in 5s
[07-08 18:34:45] claim failed (<urlopen error [Errno 11001] getaddrinfo failed>); retrying in 5s
[07-08 18:34:50] claim failed (<urlopen error [Errno 11001] getaddrinfo failed>); retrying in 5s
[07-08 18:34:55] claim failed (<urlopen error [Errno 11001] getaddrinfo failed>); retrying in 5s
[07-08 18:35:00] claim failed (<urlopen error [Errno 11001] getaddrinfo failed>); retrying in 5s
[07-08 18:35:05] claim failed (<urlopen error [Errno 11001] getaddrinfo failed>); retrying in 5s
[07-08 18:35:10] claim failed (<urlopen error [Errno 11001] getaddrinfo failed>); retrying in 5s
[07-08 18:35:15] claim failed (<urlopen error [Errno 11001] getaddrinfo failed>); retrying in 5s
[07-08 18:35:21] claim failed (<urlopen error [Errno 11001] getaddrinfo failed>); retrying in 5s
[07-08 18:35:26] claim failed (<urlopen error [Errno 11001] getaddrinfo failed>); retrying in 5s
[07-08 18:35:31] claim failed (<urlopen error [Errno 11001] getaddrinfo failed>); retrying in 5s
[07-08 18:35:36] claim failed (<urlopen error [Errno 11001] getaddrinfo failed>); retrying in 5s
[07-08 18:35:41] claim failed (<urlopen error [Errno 11001] getaddrinfo failed>); retrying in 5s
[07-08 18:35:46] claim failed (<urlopen error [Errno 11001] getaddrinfo failed>); retrying in 5s
[07-08 18:35:51] claim failed (<urlopen error [Errno 11001] getaddrinfo failed>); retrying in 5s
[07-08 18:35:56] claim failed (<urlopen error [Errno 11001] getaddrinfo failed>); retrying in 5s
[07-08 18:36:01] claim failed (<urlopen error [Errno 11001] getaddrinfo failed>); retrying in 5s
[07-08 18:36:06] claim failed (<urlopen error [Errno 11001] getaddrinfo failed>); retrying in 5s
[07-08 18:36:11] claim failed (<urlopen error [Errno 11001] getaddrinfo failed>); retrying in 5s
[07-08 18:36:17] claim failed (<urlopen error [Errno 11001] getaddrinfo failed>); retrying in 5s
[07-08 18:36:22] claim failed (<urlopen error [Errno 11001] getaddrinfo failed>); retrying in 5s
[07-08 18:36:27] claim failed (<urlopen error [Errno 11001] getaddrinfo failed>); retrying in 5s
[07-08 18:36:32] claim failed (<urlopen error [Errno 11001] getaddrinfo failed>); retrying in 5s
[07-08 18:36:37] claim failed (<urlopen error [Errno 11001] getaddrinfo failed>); retrying in 5s
[07-08 18:36:42] claim failed (<urlopen error [Errno 11001] getaddrinfo failed>); retrying in 5s
[07-08 18:36:47] claim failed (<urlopen error [Errno 11001] getaddrinfo failed>); retrying in 5s
[07-08 18:36:52] claim failed (<urlopen error [Errno 11001] getaddrinfo failed>); retrying in 5s
[07-08 18:36:57] claim failed (<urlopen error [Errno 11001] getaddrinfo failed>); retrying in 5s
[07-08 18:37:02] claim failed (<urlopen error [Errno 11001] getaddrinfo failed>); retrying in 5s
[07-08 18:37:07] claim failed (<urlopen error [Errno 11001] getaddrinfo failed>); retrying in 5s
[07-08 18:37:12] claim failed (<urlopen error [Errno 11001] getaddrinfo failed>); retrying in 5s
[07-08 18:37:18] claim failed (<urlopen error [Errno 11001] getaddrinfo failed>); retrying in 5s
[07-08 18:37:23] claim failed (<urlopen error [Errno 11001] getaddrinfo failed>); retrying in 5s
[07-08 18:37:28] claim failed (<urlopen error [Errno 11001] getaddrinfo failed>); retrying in 5s
[07-08 18:37:33] claim failed (<urlopen error [Errno 11001] getaddrinfo failed>); retrying in 5s
[07-08 18:37:38] claim failed (<urlopen error [Errno 11001] getaddrinfo failed>); retrying in 5s
[07-08 18:37:43] claim failed (<urlopen error [Errno 11001] getaddrinfo failed>); retrying in 5s
[07-08 18:37:48] claim failed (<urlopen error [Errno 11001] getaddrinfo failed>); retrying in 5s
[07-08 18:37:53] claim failed (<urlopen error [Errno 11001] getaddrinfo failed>); retrying in 5s
[07-08 18:37:58] claim failed (<urlopen error [Errno 11001] getaddrinfo failed>); retrying in 5s
[07-08 18:38:03] claim failed (<urlopen error [Errno 11001] getaddrinfo failed>); retrying in 5s
[07-08 18:38:08] claim failed (<urlopen error [Errno 11001] getaddrinfo failed>); retrying in 5s
[07-08 18:38:14] claim failed (<urlopen error [Errno 11001] getaddrinfo failed>); retrying in 5s
[07-08 18:38:19] claim failed (<urlopen error [Errno 11001] getaddrinfo failed>); retrying in 5s
[07-08 18:38:24] claim failed (<urlopen error [Errno 11001] getaddrinfo failed>); retrying in 5s
[07-08 18:38:29] claim failed (<urlopen error [Errno 11001] getaddrinfo failed>); retrying in 5s
[07-08 18:38:34] claim failed (<urlopen error [Errno 11001] getaddrinfo failed>); retrying in 5s
[07-08 18:38:39] claim failed (<urlopen error [Errno 11001] getaddrinfo failed>); retrying in 5s
[07-08 18:38:44] claim failed (<urlopen error [Errno 11001] getaddrinfo failed>); retrying in 5s
[07-08 18:38:49] claim failed (<urlopen error [Errno 11001] getaddrinfo failed>); retrying in 5s
[07-08 18:38:54] claim failed (<urlopen error [Errno 11001] getaddrinfo failed>); retrying in 5s
[07-08 18:38:59] claim failed (<urlopen error [Errno 11001] getaddrinfo failed>); retrying in 5s
[07-08 18:39:04] claim failed (<urlopen error [Errno 11001] getaddrinfo failed>); retrying in 5s
[07-08 18:39:10] claim failed (<urlopen error [Errno 11001] getaddrinfo failed>); retrying in 5s
[07-08 18:39:15] claim failed (<urlopen error [Errno 11001] getaddrinfo failed>); retrying in 5s
[07-08 18:39:20] claim failed (<urlopen error [Errno 11001] getaddrinfo failed>); retrying in 5s
[07-08 18:39:25] claim failed (<urlopen error [Errno 11001] getaddrinfo failed>); retrying in 5s
[07-08 18:39:30] claim failed (<urlopen error [Errno 11001] getaddrinfo failed>); retrying in 5s
[07-08 18:39:35] claim failed (<urlopen error [Errno 11001] getaddrinfo failed>); retrying in 5s
[07-08 18:39:40] claim failed (<urlopen error [Errno 11001] getaddrinfo failed>); retrying in 5s
[07-08 18:39:45] claim failed (<urlopen error [Errno 11001] getaddrinfo failed>); retrying in 5s
[07-08 18:39:50] claim failed (<urlopen error [Errno 11001] getaddrinfo failed>); retrying in 5s
[07-08 18:39:55] claim failed (<urlopen error [Errno 11001] getaddrinfo failed>); retrying in 5s
[07-08 18:40:00] claim failed (<urlopen error [Errno 11001] getaddrinfo failed>); retrying in 5s
[07-08 18:40:06] claim failed (<urlopen error [Errno 11001] getaddrinfo failed>); retrying in 5s
[07-08 18:40:11] claim failed (<urlopen error [Errno 11001] getaddrinfo failed>); retrying in 5s
[07-08 18:40:16] claim failed (<urlopen error [Errno 11001] getaddrinfo failed>); retrying in 5s
[07-08 18:40:21] claim failed (<urlopen error [Errno 11001] getaddrinfo failed>); retrying in 5s
[07-08 18:40:26] claim failed (<urlopen error [Errno 11001] getaddrinfo failed>); retrying in 5s
[07-08 18:40:31] claim failed (<urlopen error [Errno 11001] getaddrinfo failed>); retrying in 5s
[07-08 18:40:36] claim failed (<urlopen error [Errno 11001] getaddrinfo failed>); retrying in 5s
[07-08 18:40:41] claim failed (<urlopen error [Errno 11001] getaddrinfo failed>); retrying in 5s
[07-08 18:40:46] claim failed (<urlopen error [Errno 11001] getaddrinfo failed>); retrying in 5s
[07-08 18:40:51] claim failed (<urlopen error [Errno 11001] getaddrinfo failed>); retrying in 5s
[07-08 18:40:56] claim failed (<urlopen error [Errno 11001] getaddrinfo failed>); retrying in 5s
[07-08 18:41:01] claim failed (<urlopen error [Errno 11001] getaddrinfo failed>); retrying in 5s
[07-08 18:41:07] claim failed (<urlopen error [Errno 11001] getaddrinfo failed>); retrying in 5s
[07-08 18:41:12] claim failed (<urlopen error [Errno 11001] getaddrinfo failed>); retrying in 5s
[07-08 18:41:17] claim failed (<urlopen error [Errno 11001] getaddrinfo failed>); retrying in 5s
[07-08 18:41:22] claim failed (<urlopen error [Errno 11001] getaddrinfo failed>); retrying in 5s
[07-08 18:41:27] claim failed (<urlopen error [Errno 11001] getaddrinfo failed>); retrying in 5s
[07-08 18:41:32] claim failed (<urlopen error [Errno 11001] getaddrinfo failed>); retrying in 5s
[07-08 18:41:37] claim failed (<urlopen error [Errno 11001] getaddrinfo failed>); retrying in 5s
[07-08 18:41:42] claim failed (<urlopen error [Errno 11001] getaddrinfo failed>); retrying in 5s
[07-08 18:41:47] claim failed (<urlopen error [Errno 11001] getaddrinfo failed>); retrying in 5s
[07-08 18:41:52] claim failed (<urlopen error [Errno 11001] getaddrinfo failed>); retrying in 5s
[07-08 18:41:57] claim failed (<urlopen error [Errno 11001] getaddrinfo failed>); retrying in 5s
[07-08 18:42:02] claim failed (<urlopen error [Errno 11001] getaddrinfo failed>); retrying in 5s
[07-08 18:42:08] claim failed (<urlopen error [Errno 11001] getaddrinfo failed>); retrying in 5s
[07-08 18:42:13] claim failed (<urlopen error [Errno 11001] getaddrinfo failed>); retrying in 5s
[07-08 18:42:18] claim failed (<urlopen error [Errno 11001] getaddrinfo failed>); retrying in 5s
[07-08 18:42:23] claim failed (<urlopen error [Errno 11001] getaddrinfo failed>); retrying in 5s
[07-08 18:42:28] claim failed (<urlopen error [Errno 11001] getaddrinfo failed>); retrying in 5s
[07-08 18:42:33] claim failed (<urlopen error [Errno 11001] getaddrinfo failed>); retrying in 5s
[07-08 18:42:38] claim failed (<urlopen error [Errno 11001] getaddrinfo failed>); retrying in 5s
[07-08 18:42:43] claim failed (<urlopen error [Errno 11001] getaddrinfo failed>); retrying in 5s
[07-08 18:42:48] claim failed (<urlopen error [Errno 11001] getaddrinfo failed>); retrying in 5s
[07-08 18:42:53] claim failed (<urlopen error [Errno 11001] getaddrinfo failed>); retrying in 5s
[07-08 18:42:58] claim failed (<urlopen error [Errno 11001] getaddrinfo failed>); retrying in 5s
[07-08 18:43:04] claim failed (<urlopen error [Errno 11001] getaddrinfo failed>); retrying in 5s
[07-08 18:43:09] claim failed (<urlopen error [Errno 11001] getaddrinfo failed>); retrying in 5s
[07-08 18:43:14] claim failed (<urlopen error [Errno 11001] getaddrinfo failed>); retrying in 5s
[07-08 18:43:19] claim failed (<urlopen error [Errno 11001] getaddrinfo failed>); retrying in 5s
[07-08 18:43:24] claim failed (<urlopen error [Errno 11001] getaddrinfo failed>); retrying in 5s
[07-08 18:43:29] claim failed (<urlopen error [Errno 11001] getaddrinfo failed>); retrying in 5s
[07-08 18:43:34] claim failed (<urlopen error [Errno 11001] getaddrinfo failed>); retrying in 5s
[07-08 18:43:39] claim failed (<urlopen error [Errno 11001] getaddrinfo failed>); retrying in 5s
[07-08 18:43:44] claim failed (<urlopen error [Errno 11001] getaddrinfo failed>); retrying in 5s
[07-08 18:43:49] claim failed (<urlopen error [Errno 11001] getaddrinfo failed>); retrying in 5s
[07-08 18:43:55] claim failed (<urlopen error [Errno 11001] getaddrinfo failed>); retrying in 5s
[07-08 18:44:00] claim failed (<urlopen error [Errno 11001] getaddrinfo failed>); retrying in 5s
[07-08 18:44:05] claim failed (<urlopen error [Errno 11001] getaddrinfo failed>); retrying in 5s
[07-08 18:44:10] claim failed (<urlopen error [Errno 11001] getaddrinfo failed>); retrying in 5s
[07-08 18:44:15] claim failed (<urlopen error [Errno 11001] getaddrinfo failed>); retrying in 5s
[07-08 18:44:20] claim failed (<urlopen error [Errno 11001] getaddrinfo failed>); retrying in 5s
[07-08 18:44:25] claim failed (<urlopen error [Errno 11001] getaddrinfo failed>); retrying in 5s
[07-08 18:44:30] claim failed (<urlopen error [Errno 11001] getaddrinfo failed>); retrying in 5s
[07-08 18:44:35] claim failed (<urlopen error [Errno 11001] getaddrinfo failed>); retrying in 5s
[07-08 18:44:40] claim failed (<urlopen error [Errno 11001] getaddrinfo failed>); retrying in 5s
[07-08 18:44:45] claim failed (<urlopen error [Errno 11001] getaddrinfo failed>); retrying in 5s
[07-08 18:44:50] claim failed (<urlopen error [Errno 11001] getaddrinfo failed>); retrying in 5s
[07-08 18:44:56] claim failed (<urlopen error [Errno 11001] getaddrinfo failed>); retrying in 5s
[07-08 18:45:01] claim failed (<urlopen error [Errno 11001] getaddrinfo failed>); retrying in 5s
[07-08 18:45:06] claim failed (<urlopen error [Errno 11001] getaddrinfo failed>); retrying in 5s
[07-08 18:45:11] claim failed (<urlopen error [Errno 11001] getaddrinfo failed>); retrying in 5s
[07-08 18:45:16] claim failed (<urlopen error [Errno 11001] getaddrinfo failed>); retrying in 5s
[07-08 18:45:21] claim failed (<urlopen error [Errno 11001] getaddrinfo failed>); retrying in 5s
[07-08 18:45:26] claim failed (<urlopen error [Errno 11001] getaddrinfo failed>); retrying in 5s
[07-08 18:45:31] claim failed (<urlopen error [Errno 11001] getaddrinfo failed>); retrying in 5s
[07-08 18:45:36] claim failed (<urlopen error [Errno 11001] getaddrinfo failed>); retrying in 5s
[07-08 18:45:41] claim failed (<urlopen error [Errno 11001] getaddrinfo failed>); retrying in 5s
[07-08 18:45:47] claim failed (<urlopen error [Errno 11001] getaddrinfo failed>); retrying in 5s
[07-08 18:45:52] claim failed (<urlopen error [Errno 11001] getaddrinfo failed>); retrying in 5s
[07-08 18:45:57] claim failed (<urlopen error [Errno 11001] getaddrinfo failed>); retrying in 5s
[07-08 18:46:02] claim failed (<urlopen error [Errno 11001] getaddrinfo failed>); retrying in 5s
[07-08 18:46:07] claim failed (<urlopen error [Errno 11001] getaddrinfo failed>); retrying in 5s
[07-08 18:46:12] claim failed (<urlopen error [Errno 11001] getaddrinfo failed>); retrying in 5s
[07-08 18:46:17] claim failed (<urlopen error [Errno 11001] getaddrinfo failed>); retrying in 5s
[07-08 18:46:22] claim failed (<urlopen error [Errno 11001] getaddrinfo failed>); retrying in 5s
[07-08 18:46:27] claim failed (<urlopen error [Errno 11001] getaddrinfo failed>); retrying in 5s
[07-08 18:46:32] claim failed (<urlopen error [Errno 11001] getaddrinfo failed>); retrying in 5s
[07-08 18:46:37] claim failed (<urlopen error [Errno 11001] getaddrinfo failed>); retrying in 5s
[07-08 18:46:42] claim failed (<urlopen error [Errno 11001] getaddrinfo failed>); retrying in 5s
[07-08 18:46:48] claim failed (<urlopen error [Errno 11001] getaddrinfo failed>); retrying in 5s
[07-08 18:46:53] claim failed (<urlopen error [Errno 11001] getaddrinfo failed>); retrying in 5s
[07-08 18:46:58] claim failed (<urlopen error [Errno 11001] getaddrinfo failed>); retrying in 5s
[07-08 18:47:03] claim failed (<urlopen error [Errno 11001] getaddrinfo failed>); retrying in 5s
[07-08 18:47:08] claim failed (<urlopen error [Errno 11001] getaddrinfo failed>); retrying in 5s
[07-08 18:47:13] claim failed (<urlopen error [Errno 11001] getaddrinfo failed>); retrying in 5s
[07-08 18:47:18] claim failed (<urlopen error [Errno 11001] getaddrinfo failed>); retrying in 5s
[07-08 18:47:23] claim failed (<urlopen error [Errno 11001] getaddrinfo failed>); retrying in 5s
[07-08 18:47:28] claim failed (<urlopen error [Errno 11001] getaddrinfo failed>); retrying in 5s
[07-08 18:47:33] claim failed (<urlopen error [Errno 11001] getaddrinfo failed>); retrying in 5s
[07-08 18:47:38] claim failed (<urlopen error [Errno 11001] getaddrinfo failed>); retrying in 5s
[07-08 18:47:44] claim failed (<urlopen error [Errno 11001] getaddrinfo failed>); retrying in 5s
[07-08 18:47:49] claim failed (<urlopen error [Errno 11001] getaddrinfo failed>); retrying in 5s
[07-08 18:47:54] claim failed (<urlopen error [Errno 11001] getaddrinfo failed>); retrying in 5s
[07-08 18:47:59] claim failed (<urlopen error [Errno 11001] getaddrinfo failed>); retrying in 5s
[07-08 18:48:04] claim failed (<urlopen error [Errno 11001] getaddrinfo failed>); retrying in 5s
[07-08 18:48:09] claim failed (<urlopen error [Errno 11001] getaddrinfo failed>); retrying in 5s
[07-08 18:48:14] claim failed (<urlopen error [Errno 11001] getaddrinfo failed>); retrying in 5s
[07-08 18:48:19] claim failed (<urlopen error [Errno 11001] getaddrinfo failed>); retrying in 5s
[07-08 18:48:24] claim failed (<urlopen error [Errno 11001] getaddrinfo failed>); retrying in 5s
[07-08 18:48:29] claim failed (<urlopen error [Errno 11001] getaddrinfo failed>); retrying in 5s
[07-08 18:48:34] claim failed (<urlopen error [Errno 11001] getaddrinfo failed>); retrying in 5s
[07-08 18:48:40] claim failed (<urlopen error [Errno 11001] getaddrinfo failed>); retrying in 5s
[07-08 18:48:45] claim failed (<urlopen error [Errno 11001] getaddrinfo failed>); retrying in 5s
[07-08 18:48:50] claim failed (<urlopen error [Errno 11001] getaddrinfo failed>); retrying in 5s
[07-08 18:48:55] claim failed (<urlopen error [Errno 11001] getaddrinfo failed>); retrying in 5s
[07-08 18:49:00] claim failed (<urlopen error [Errno 11001] getaddrinfo failed>); retrying in 5s
[07-08 18:49:05] claim failed (<urlopen error [Errno 11001] getaddrinfo failed>); retrying in 5s
[07-08 18:49:10] claim failed (<urlopen error [Errno 11001] getaddrinfo failed>); retrying in 5s
[07-08 18:49:15] claim failed (<urlopen error [Errno 11001] getaddrinfo failed>); retrying in 5s
[07-08 18:49:20] claim failed (<urlopen error [Errno 11001] getaddrinfo failed>); retrying in 5s
[07-08 18:49:25] claim failed (<urlopen error [Errno 11001] getaddrinfo failed>); retrying in 5s
[07-08 18:49:31] claim failed (<urlopen error [Errno 11001] getaddrinfo failed>); retrying in 5s
[07-08 18:49:36] claim failed (<urlopen error [Errno 11001] getaddrinfo failed>); retrying in 5s
[07-08 18:49:41] claim failed (<urlopen error [Errno 11001] getaddrinfo failed>); retrying in 5s
[07-08 18:49:46] claim failed (<urlopen error [Errno 11001] getaddrinfo failed>); retrying in 5s
[07-08 18:49:51] claim failed (<urlopen error [Errno 11001] getaddrinfo failed>); retrying in 5s
[07-08 18:49:56] claim failed (<urlopen error [Errno 11001] getaddrinfo failed>); retrying in 5s
[07-08 18:50:01] claim failed (<urlopen error [Errno 11001] getaddrinfo failed>); retrying in 5s
[07-08 18:50:06] claim failed (<urlopen error [Errno 11001] getaddrinfo failed>); retrying in 5s
[07-08 18:50:11] claim failed (<urlopen error [Errno 11001] getaddrinfo failed>); retrying in 5s
[07-08 18:50:16] claim failed (<urlopen error [Errno 11001] getaddrinfo failed>); retrying in 5s
[07-08 18:50:21] claim failed (<urlopen error [Errno 11001] getaddrinfo failed>); retrying in 5s
[07-08 18:50:26] claim failed (<urlopen error [Errno 11001] getaddrinfo failed>); retrying in 5s
[07-08 18:50:32] claim failed (<urlopen error [Errno 11001] getaddrinfo failed>); retrying in 5s
[07-08 18:50:37] claim failed (<urlopen error [Errno 11001] getaddrinfo failed>); retrying in 5s
[07-08 18:50:42] claim failed (<urlopen error [Errno 11001] getaddrinfo failed>); retrying in 5s
[07-08 18:50:47] claim failed (<urlopen error [Errno 11001] getaddrinfo failed>); retrying in 5s
[07-08 18:50:52] claim failed (<urlopen error [Errno 11001] getaddrinfo failed>); retrying in 5s
[07-08 18:50:57] claim failed (<urlopen error [Errno 11001] getaddrinfo failed>); retrying in 5s
[07-08 18:51:02] claim failed (<urlopen error [Errno 11001] getaddrinfo failed>); retrying in 5s
[07-08 18:51:07] claim failed (<urlopen error [Errno 11001] getaddrinfo failed>); retrying in 5s
[07-08 18:51:12] claim failed (<urlopen error [Errno 11001] getaddrinfo failed>); retrying in 5s
[07-08 18:51:17] claim failed (<urlopen error [Errno 11001] getaddrinfo failed>); retrying in 5s
[07-08 18:51:22] claim failed (<urlopen error [Errno 11001] getaddrinfo failed>); retrying in 5s
[07-08 18:51:28] claim failed (<urlopen error [Errno 11001] getaddrinfo failed>); retrying in 5s
[07-08 18:51:33] claim failed (<urlopen error [Errno 11001] getaddrinfo failed>); retrying in 5s
[07-08 18:51:38] claim failed (<urlopen error [Errno 11001] getaddrinfo failed>); retrying in 5s
[07-08 18:51:43] claim failed (<urlopen error [Errno 11001] getaddrinfo failed>); retrying in 5s
[07-08 18:51:48] claim failed (<urlopen error [Errno 11001] getaddrinfo failed>); retrying in 5s
[07-08 18:51:53] claim failed (<urlopen error [Errno 11001] getaddrinfo failed>); retrying in 5s
[07-08 18:51:58] claim failed (<urlopen error [Errno 11001] getaddrinfo failed>); retrying in 5s
[07-08 18:52:03] claim failed (<urlopen error [Errno 11001] getaddrinfo failed>); retrying in 5s
[07-08 18:52:08] claim failed (<urlopen error [Errno 11001] getaddrinfo failed>); retrying in 5s
[07-08 18:52:13] claim failed (<urlopen error [Errno 11001] getaddrinfo failed>); retrying in 5s
[07-09 10:02:47] claim failed (HTTP Error 520: <none>); retrying in 5s
[07-09 15:23:56]   converting [vsdx] 2026 GAME PLAN/13 - AT NEW MEXICO (NOV 28)/01 - ALL DEFENSE/03 TAMPA ...
[07-09 15:23:56]   convert failed ((-2147023174, 'The RPC server is unavailable.', None, None)); retrying with a fresh Office instance...
[07-09 15:23:57] starting Visio (kept warm for later jobs)...
[07-09 15:24:11]   "Bahnschrift" is a variable font — its pages get rasterized at high DPI (vector can't embed it)
[07-09 15:24:25]   rasterized 1 variable-font page(s)
[07-09 15:24:26]   done: 03 TAMPA
[07-09 16:52:41]   converting [pptx] 2026 GAME PLAN/13 - AT NEW MEXICO (NOV 28)/05 - SAFETIES/00 DEFENSIVE PHILOSOPHY ◀ insert (1-1) ...
[07-09 16:52:41] starting PowerPoint (kept warm for later jobs)...
[07-09 16:52:43]   done: 00 DEFENSIVE PHILOSOPHY ◀ insert (1-1)
[07-09 17:03:53] claim failed (<urlopen error [Errno 11001] getaddrinfo failed>); retrying in 5s
[07-09 17:04:21] claim failed (<urlopen error [Errno 11001] getaddrinfo failed>); retrying in 5s
[07-09 17:04:26] claim failed (<urlopen error [Errno 11001] getaddrinfo failed>); retrying in 5s
[07-09 17:04:31] claim failed (<urlopen error [Errno 11001] getaddrinfo failed>); retrying in 5s
[07-09 17:04:36] claim failed (<urlopen error [Errno 11001] getaddrinfo failed>); retrying in 5s
[07-09 17:04:41] claim failed (<urlopen error [Errno 11001] getaddrinfo failed>); retrying in 5s
[07-09 17:04:47] claim failed (<urlopen error [Errno 11001] getaddrinfo failed>); retrying in 5s
[07-09 17:04:52] claim failed (<urlopen error [Errno 11001] getaddrinfo failed>); retrying in 5s
[07-09 17:04:57] claim failed (<urlopen error [Errno 11001] getaddrinfo failed>); retrying in 5s
[07-09 17:05:02] claim failed (<urlopen error [Errno 11001] getaddrinfo failed>); retrying in 5s
[07-09 17:05:07] claim failed (<urlopen error [Errno 11001] getaddrinfo failed>); retrying in 5s
[07-09 17:05:12] claim failed (<urlopen error [Errno 11001] getaddrinfo failed>); retrying in 5s
[07-09 17:05:17] claim failed (<urlopen error [Errno 11001] getaddrinfo failed>); retrying in 5s
[07-09 17:05:22] claim failed (<urlopen error [Errno 11001] getaddrinfo failed>); retrying in 5s
[07-09 17:05:28] claim failed (<urlopen error [Errno 11001] getaddrinfo failed>); retrying in 5s
[07-09 17:05:33] claim failed (<urlopen error [Errno 11001] getaddrinfo failed>); retrying in 5s
[07-09 17:05:38] claim failed (<urlopen error [Errno 11001] getaddrinfo failed>); retrying in 5s
[07-09 17:05:43] claim failed (<urlopen error [Errno 11001] getaddrinfo failed>); retrying in 5s
[07-09 17:05:48] claim failed (<urlopen error [Errno 11001] getaddrinfo failed>); retrying in 5s
[07-09 17:05:53] claim failed (<urlopen error [Errno 11001] getaddrinfo failed>); retrying in 5s
[07-09 19:07:31] claim failed (<urlopen error [Errno 11001] getaddrinfo failed>); retrying in 5s
[07-09 19:07:36] claim failed (<urlopen error [Errno 11001] getaddrinfo failed>); retrying in 5s
[07-09 19:07:41] claim failed (<urlopen error [Errno 11001] getaddrinfo failed>); retrying in 5s
[07-09 19:07:46] claim failed (<urlopen error [Errno 11001] getaddrinfo failed>); retrying in 5s
[07-09 19:07:51] claim failed (<urlopen error [Errno 11001] getaddrinfo failed>); retrying in 5s
[07-09 19:07:56] claim failed (<urlopen error [Errno 11001] getaddrinfo failed>); retrying in 5s
[07-09 19:08:02] claim failed (<urlopen error [Errno 11001] getaddrinfo failed>); retrying in 5s
[07-09 19:08:07] claim failed (<urlopen error [Errno 11001] getaddrinfo failed>); retrying in 5s
[07-09 19:08:12] claim failed (<urlopen error [Errno 11001] getaddrinfo failed>); retrying in 5s
[07-09 19:08:17] claim failed (<urlopen error [Errno 11001] getaddrinfo failed>); retrying in 5s
[07-09 19:08:22] claim failed (<urlopen error [Errno 11001] getaddrinfo failed>); retrying in 5s
[07-09 19:08:27] claim failed (<urlopen error [Errno 11001] getaddrinfo failed>); retrying in 5s
[07-09 19:08:32] claim failed (<urlopen error [Errno 11001] getaddrinfo failed>); retrying in 5s
[07-09 19:08:38] claim failed (<urlopen error [Errno 11001] getaddrinfo failed>); retrying in 5s
[07-09 19:08:43] claim failed (<urlopen error [Errno 11001] getaddrinfo failed>); retrying in 5s
[07-09 19:08:48] claim failed (<urlopen error [Errno 11001] getaddrinfo failed>); retrying in 5s
[07-09 19:08:53] claim failed (<urlopen error [Errno 11001] getaddrinfo failed>); retrying in 5s
[07-09 19:08:58] claim failed (<urlopen error [Errno 11001] getaddrinfo failed>); retrying in 5s
[07-09 19:09:03] claim failed (<urlopen error [Errno 11001] getaddrinfo failed>); retrying in 5s
[07-09 19:09:08] claim failed (<urlopen error [Errno 11001] getaddrinfo failed>); retrying in 5s
[07-09 19:09:13] claim failed (<urlopen error [Errno 11001] getaddrinfo failed>); retrying in 5s
[07-09 19:09:19] claim failed (<urlopen error [Errno 11001] getaddrinfo failed>); retrying in 5s
[07-09 19:09:24] claim failed (<urlopen error [Errno 11001] getaddrinfo failed>); retrying in 5s
[07-09 19:09:34] claim failed (<urlopen error [Errno 11001] getaddrinfo failed>); retrying in 5s
[07-09 19:09:39] claim failed (<urlopen error [Errno 11001] getaddrinfo failed>); retrying in 5s
[07-09 19:09:44] claim failed (<urlopen error [Errno 11001] getaddrinfo failed>); retrying in 5s
[07-09 19:09:49] claim failed (<urlopen error [Errno 11001] getaddrinfo failed>); retrying in 5s
[07-09 19:09:54] claim failed (<urlopen error [Errno 11001] getaddrinfo failed>); retrying in 5s
[07-09 19:09:59] claim failed (<urlopen error [Errno 11001] getaddrinfo failed>); retrying in 5s
[07-09 19:10:04] claim failed (<urlopen error [Errno 11001] getaddrinfo failed>); retrying in 5s
[07-09 19:10:09] claim failed (<urlopen error [Errno 11001] getaddrinfo failed>); retrying in 5s
[07-09 19:10:14] claim failed (<urlopen error [Errno 11001] getaddrinfo failed>); retrying in 5s
[07-09 19:10:19] claim failed (<urlopen error [Errno 11001] getaddrinfo failed>); retrying in 5s
[07-09 19:10:24] claim failed (<urlopen error [Errno 11001] getaddrinfo failed>); retrying in 5s
[07-09 19:10:31]   converting [pptx] 2026 GAME PLAN/13 - AT NEW MEXICO (NOV 28)/04 - CORNERS/2024 PREGAME ...
[07-09 19:10:33]   done: 2024 PREGAME
[07-09 22:38:58] claim failed (HTTP Error 500: Internal Server Error); retrying in 5s
[07-09 22:39:03] claim failed (HTTP Error 500: Internal Server Error); retrying in 5s
[07-09 22:39:09] claim failed (HTTP Error 500: Internal Server Error); retrying in 5s
[07-09 22:39:14] claim failed (HTTP Error 500: Internal Server Error); retrying in 5s
[07-09 22:39:19] claim failed (HTTP Error 500: Internal Server Error); retrying in 5s
[07-09 22:39:25] claim failed (HTTP Error 500: Internal Server Error); retrying in 5s
[07-09 22:39:30] claim failed (HTTP Error 500: Internal Server Error); retrying in 5s
[07-09 22:39:35] claim failed (HTTP Error 500: Internal Server Error); retrying in 5s
[07-09 22:39:41] claim failed (HTTP Error 500: Internal Server Error); retrying in 5s
[07-09 22:39:46] claim failed (HTTP Error 500: Internal Server Error); retrying in 5s
[07-09 22:39:51] claim failed (HTTP Error 500: Internal Server Error); retrying in 5s
[07-09 23:22:41] CAPP Binder worker 'AD-XOS-4SJ3WH3' polling https://capp-data-server.onrender.com every 5s (headless; log = pb_worker.log).
[07-09 23:22:42] loaded 34 bundled font file(s) into the session (C:\Users\roger.hayhurst.ctr\VisioToPPT\Fonts)
[07-10 10:43:25] claim failed (<urlopen error [Errno 11001] getaddrinfo failed>); retrying in 5s
[07-10 11:13:37] CAPP Binder worker 'AD-XOS-4SJ3WH3' polling https://capp-data-server.onrender.com every 5s (headless; log = pb_worker.log).
[07-10 11:13:38] loaded 34 bundled font file(s) into the session (C:\Users\roger.hayhurst.ctr\VisioToPPT\Fonts)
[07-10 11:59:47] CAPP Binder worker 'AD-XOS-4SJ3WH3' polling https://capp-data-server.onrender.com every 5s (headless; log = pb_worker.log).
[07-10 11:59:49] loaded 34 bundled font file(s) into the session (C:\Users\roger.hayhurst.ctr\VisioToPPT\Fonts)
[07-10 12:33:07] CAPP Binder worker 'AD-XOS-4SJ3WH3' polling https://capp-data-server.onrender.com every 5s (headless; log = pb_worker.log).
[07-10 12:33:08] loaded 34 bundled font file(s) into the session (C:\Users\roger.hayhurst.ctr\VisioToPPT\Fonts)
[07-10 16:33:38] CAPP Binder worker 'AD-XOS-4SJ3WH3' polling https://capp-data-server.onrender.com every 5s (headless; log = pb_worker.log).
[07-10 16:33:39] loaded 34 bundled font file(s) into the session (C:\Users\roger.hayhurst.ctr\VisioToPPT\Fonts)
[07-10 16:33:39] starting Visio (kept warm for later jobs)...
[07-10 16:33:39] Visio primed and ready.
[07-11 10:41:13] CAPP Binder worker 'AD-XOS-4SJ3WH3' polling https://capp-data-server.onrender.com every 5s (headless; log = pb_worker.log).
[07-11 10:41:37] loaded 34 bundled font file(s) into the session (C:\Users\roger.hayhurst.ctr\VisioToPPT\Fonts)
[07-11 10:41:37] starting Visio (kept warm for later jobs)...
[07-11 10:41:38] Visio primed and ready.
[07-12 09:35:51] CAPP Binder worker 'AD-XOS-4SJ3WH3' polling https://capp-data-server.onrender.com every 5s (headless; log = pb_worker.log).
[07-12 09:36:08] loaded 34 bundled font file(s) into the session (C:\Users\roger.hayhurst.ctr\VisioToPPT\Fonts)
[07-12 09:36:08] starting Visio (kept warm for later jobs)...
[07-12 09:36:08] Visio primed and ready.
[07-13 11:32:54] CAPP Binder worker 'AD-XOS-4SJ3WH3' polling https://capp-data-server.onrender.com every 5s (headless; log = pb_worker.log).
[07-13 11:33:15] loaded 34 bundled font file(s) into the session (C:\Users\roger.hayhurst.ctr\VisioToPPT\Fonts)
[07-13 11:33:15] starting Visio (kept warm for later jobs)...
[07-13 11:33:15] Visio primed and ready.
[07-14 02:09:40] claim failed (<urlopen error [Errno 11001] getaddrinfo failed>); retrying in 5s
[07-15 11:53:14] CAPP Binder worker 'AD-XOS-4SJ3WH3' polling https://capp-data-server.onrender.com every 5s (headless; log = pb_worker.log).
[07-15 11:53:40] loaded 34 bundled font file(s) into the session (C:\Users\roger.hayhurst.ctr\VisioToPPT\Fonts)
[07-15 11:53:40] starting Visio (kept warm for later jobs)...
[07-15 11:53:46] Visio primed and ready.
[07-17 05:10:07] claim failed (<urlopen error [Errno 11001] getaddrinfo failed>); retrying in 5s
[07-17 14:12:08] claim failed (<urlopen error [Errno 11001] getaddrinfo failed>); retrying in 5s
[07-20 08:41:09] claim failed (Remote end closed connection without response); retrying in 5s
[07-21 13:31:03] CAPP Binder worker 'AD-XOS-4SJ3WH3' polling https://capp-data-server.onrender.com every 5s (headless; log = pb_worker.log).
[07-21 13:31:24] loaded 34 bundled font file(s) into the session (C:\Users\roger.hayhurst.ctr\VisioToPPT\Fonts)
[07-21 13:31:24] starting Visio (kept warm for later jobs)...
[07-21 13:31:24] Visio primed and ready.
[07-22 10:20:59] CAPP Binder worker 'AD-XOS-4SJ3WH3' polling https://capp-data-server.onrender.com every 5s (headless; log = pb_worker.log).
[07-22 10:21:24] loaded 34 bundled font file(s) into the session (C:\Users\roger.hayhurst.ctr\VisioToPPT\Fonts)
[07-22 10:21:24] starting Visio (kept warm for later jobs)...
[07-22 10:21:24] Visio primed and ready.
[07-22 12:04:34] claim failed (<urlopen error [WinError 10051] A socket operation was attempted to an unreachable network>); retrying in 5s
[07-22 22:24:44] claim failed (HTTP Error 500: Internal Server Error); retrying in 5s
[07-23 04:11:38] claim failed (<urlopen error [WinError 10051] A socket operation was attempted to an unreachable network>); retrying in 5s
[07-23 10:58:31] claim failed (<urlopen error [Errno 11001] getaddrinfo failed>); retrying in 5s
[07-23 11:43:17] claim failed (HTTP Error 500: Internal Server Error); retrying in 5s
[07-23 13:59:22] claim failed (HTTP Error 500: Internal Server Error); retrying in 5s
[07-23 14:43:41] claim failed (HTTP Error 500: Internal Server Error); retrying in 5s
[07-23 14:49:33] claim failed (HTTP Error 500: Internal Server Error); retrying in 5s
[07-23 15:10:42] claim failed (HTTP Error 500: Internal Server Error); retrying in 5s
[07-23 15:11:03] claim failed (HTTP Error 500: Internal Server Error); retrying in 5s
[07-23 15:11:40] claim failed (HTTP Error 500: Internal Server Error); retrying in 5s
[07-23 15:12:01] claim failed (HTTP Error 500: Internal Server Error); retrying in 5s
[07-23 15:12:28] claim failed (HTTP Error 500: Internal Server Error); retrying in 5s
[07-23 15:13:00] claim failed (HTTP Error 500: Internal Server Error); retrying in 5s
[07-23 15:13:53] claim failed (HTTP Error 500: Internal Server Error); retrying in 5s
[07-23 15:14:09] claim failed (HTTP Error 500: Internal Server Error); retrying in 5s
[07-23 15:15:55] claim failed (HTTP Error 500: Internal Server Error); retrying in 5s
[07-23 15:16:11] claim failed (HTTP Error 500: Internal Server Error); retrying in 5s
[07-23 15:16:59] claim failed (HTTP Error 500: Internal Server Error); retrying in 5s
[07-23 15:17:14] claim failed (HTTP Error 500: Internal Server Error); retrying in 5s
[07-23 15:20:11] claim failed (HTTP Error 500: Internal Server Error); retrying in 5s
[07-23 15:20:27] claim failed (HTTP Error 500: Internal Server Error); retrying in 5s
[07-23 15:21:14] claim failed (HTTP Error 500: Internal Server Error); retrying in 5s
[07-23 16:07:46] claim failed (HTTP Error 500: Internal Server Error); retrying in 5s
[07-23 16:39:16] claim failed (HTTP Error 500: Internal Server Error); retrying in 5s
[07-23 16:43:14] claim failed (HTTP Error 500: Internal Server Error); retrying in 5s
[07-23 16:43:35] claim failed (HTTP Error 500: Internal Server Error); retrying in 5s
[07-23 16:46:47] claim failed (HTTP Error 500: Internal Server Error); retrying in 5s
[07-23 17:25:43] claim failed (HTTP Error 500: Internal Server Error); retrying in 5s
[07-23 17:28:50] claim failed (HTTP Error 500: Internal Server Error); retrying in 5s
[07-23 17:32:09] claim failed (HTTP Error 500: Internal Server Error); retrying in 5s
[07-23 17:34:22] claim failed (HTTP Error 500: Internal Server Error); retrying in 5s
[07-23 17:35:31] claim failed (HTTP Error 500: Internal Server Error); retrying in 5s
[07-23 17:37:07] claim failed (HTTP Error 500: Internal Server Error); retrying in 5s
[07-23 17:37:39] claim failed (HTTP Error 500: Internal Server Error); retrying in 5s
[07-23 17:37:49] claim failed (HTTP Error 500: Internal Server Error); retrying in 5s
[07-23 17:38:21] claim failed (HTTP Error 500: Internal Server Error); retrying in 5s
[07-23 17:38:53] claim failed (HTTP Error 500: Internal Server Error); retrying in 5s
[07-23 17:42:42] claim failed (HTTP Error 500: Internal Server Error); retrying in 5s
[07-23 17:46:17] claim failed (HTTP Error 500: Internal Server Error); retrying in 5s
[07-23 17:48:20] claim failed (HTTP Error 500: Internal Server Error); retrying in 5s
[07-23 18:34:02] claim failed (HTTP Error 500: Internal Server Error); retrying in 5s
[07-23 19:48:17] claim failed (HTTP Error 500: Internal Server Error); retrying in 5s
[07-23 19:48:33] claim failed (HTTP Error 500: Internal Server Error); retrying in 5s
[07-23 19:51:24] claim failed (HTTP Error 500: Internal Server Error); retrying in 5s
[07-23 19:53:00] claim failed (HTTP Error 500: Internal Server Error); retrying in 5s
[07-23 19:53:16] claim failed (HTTP Error 500: Internal Server Error); retrying in 5s
[07-23 20:26:37] claim failed (HTTP Error 500: Internal Server Error); retrying in 5s
[07-23 20:49:17] claim failed (HTTP Error 500: Internal Server Error); retrying in 5s
[07-23 20:50:20] claim failed (HTTP Error 500: Internal Server Error); retrying in 5s
[07-23 22:10:09] claim failed (HTTP Error 500: Internal Server Error); retrying in 5s
[07-24 00:23:51] claim failed (HTTP Error 500: Internal Server Error); retrying in 5s
[07-27 23:42:58] CAPP Binder worker 'AD-XOS-4SJ3WH3' polling https://capp-data-server.onrender.com every 5s (headless; log = pb_worker.log).
[07-27 23:43:21] loaded 34 bundled font file(s) into the session (C:\Users\roger.hayhurst.ctr\VisioToPPT\Fonts)
[07-27 23:43:21] starting Visio (kept warm for later jobs)...
[07-27 23:43:21] Visio primed and ready.
[07-28 00:20:21] claim failed (<urlopen error [Errno 11001] getaddrinfo failed>); retrying in 5s
[07-28 15:43:37] claim failed (<urlopen error [WinError 10054] An existing connection was forcibly closed by the remote host>); retrying in 5s
[07-28 15:44:11] claim failed (<urlopen error [WinError 10054] An existing connection was forcibly closed by the remote host>); retrying in 5s
[07-29 16:55:21] claim failed (<urlopen error [Errno 11001] getaddrinfo failed>); retrying in 5s
[07-30 08:42:20] CAPP Binder worker 'AD-XOS-4SJ3WH3' polling https://capp-data-server.onrender.com every 5s (headless; log = pb_worker.log).
[07-30 08:42:36] loaded 34 bundled font file(s) into the session (C:\Users\roger.hayhurst.ctr\VisioToPPT\Fonts)
[07-30 08:42:36] starting Visio (kept warm for later jobs)...
[07-30 08:42:36] Visio primed and ready.
[07-30 19:39:55] claim failed (<urlopen error [Errno 11001] getaddrinfo failed>); retrying in 5s
[07-30 19:40:00] claim failed (<urlopen error [Errno 11001] getaddrinfo failed>); retrying in 5s
[07-30 19:40:05] claim failed (<urlopen error [Errno 11001] getaddrinfo failed>); retrying in 5s
[07-30 19:40:10] claim failed (<urlopen error [Errno 11001] getaddrinfo failed>); retrying in 5s
[07-30 19:40:15] claim failed (<urlopen error [Errno 11001] getaddrinfo failed>); retrying in 5s
[07-30 19:40:21] claim failed (<urlopen error [Errno 11001] getaddrinfo failed>); retrying in 5s
[07-30 19:40:26] claim failed (<urlopen error [Errno 11001] getaddrinfo failed>); retrying in 5s
[07-30 19:40:31] claim failed (<urlopen error [Errno 11001] getaddrinfo failed>); retrying in 5s
[07-30 19:40:36] claim failed (<urlopen error [Errno 11001] getaddrinfo failed>); retrying in 5s
[07-30 19:40:41] claim failed (<urlopen error [Errno 11001] getaddrinfo failed>); retrying in 5s
[07-30 19:40:46] claim failed (<urlopen error [Errno 11001] getaddrinfo failed>); retrying in 5s
[07-30 19:40:51] claim failed (<urlopen error [Errno 11001] getaddrinfo failed>); retrying in 5s
[07-30 19:40:57] claim failed (<urlopen error [Errno 11001] getaddrinfo failed>); retrying in 5s
[07-30 19:41:02] claim failed (<urlopen error [Errno 11001] getaddrinfo failed>); retrying in 5s
[07-30 19:41:07] claim failed (<urlopen error [Errno 11001] getaddrinfo failed>); retrying in 5s
[07-30 19:41:12] claim failed (<urlopen error [Errno 11001] getaddrinfo failed>); retrying in 5s
[07-30 19:41:17] claim failed (<urlopen error [Errno 11001] getaddrinfo failed>); retrying in 5s
[07-30 19:41:22] claim failed (<urlopen error [Errno 11001] getaddrinfo failed>); retrying in 5s
[07-30 19:41:27] claim failed (<urlopen error [Errno 11001] getaddrinfo failed>); retrying in 5s
[07-30 19:41:32] claim failed (<urlopen error [Errno 11001] getaddrinfo failed>); retrying in 5s
[07-30 19:41:38] claim failed (<urlopen error [Errno 11001] getaddrinfo failed>); retrying in 5s
[07-30 19:41:43] claim failed (<urlopen error [Errno 11001] getaddrinfo failed>); retrying in 5s
[07-30 19:41:48] claim failed (<urlopen error [Errno 11001] getaddrinfo failed>); retrying in 5s
[07-30 19:41:53] claim failed (<urlopen error [Errno 11001] getaddrinfo failed>); retrying in 5s
[07-30 19:41:58] claim failed (<urlopen error [Errno 11001] getaddrinfo failed>); retrying in 5s
[07-30 19:42:03] claim failed (<urlopen error [Errno 11001] getaddrinfo failed>); retrying in 5s
[07-30 19:42:08] claim failed (<urlopen error [Errno 11001] getaddrinfo failed>); retrying in 5s
[07-30 19:42:14] claim failed (<urlopen error [Errno 11001] getaddrinfo failed>); retrying in 5s
[07-30 19:42:19] claim failed (<urlopen error [Errno 11001] getaddrinfo failed>); retrying in 5s
[07-30 19:42:24] claim failed (<urlopen error [Errno 11001] getaddrinfo failed>); retrying in 5s
[07-30 19:42:29] claim failed (<urlopen error [Errno 11001] getaddrinfo failed>); retrying in 5s
[07-30 19:42:34] claim failed (<urlopen error [Errno 11001] getaddrinfo failed>); retrying in 5s
[07-30 19:42:39] claim failed (<urlopen error [Errno 11001] getaddrinfo failed>); retrying in 5s
[07-30 19:42:44] claim failed (<urlopen error [Errno 11001] getaddrinfo failed>); retrying in 5s
[07-30 19:42:49] claim failed (<urlopen error [Errno 11001] getaddrinfo failed>); retrying in 5s
[07-30 19:42:55] claim failed (<urlopen error [Errno 11001] getaddrinfo failed>); retrying in 5s
[07-30 19:43:00] claim failed (<urlopen error [Errno 11001] getaddrinfo failed>); retrying in 5s
[07-30 19:43:05] claim failed (<urlopen error [Errno 11001] getaddrinfo failed>); retrying in 5s
[07-30 19:43:10] claim failed (<urlopen error [Errno 11001] getaddrinfo failed>); retrying in 5s
[07-30 19:43:15] claim failed (<urlopen error [Errno 11001] getaddrinfo failed>); retrying in 5s
[07-30 19:43:20] claim failed (<urlopen error [Errno 11001] getaddrinfo failed>); retrying in 5s
[07-30 19:43:25] claim failed (<urlopen error [Errno 11001] getaddrinfo failed>); retrying in 5s
[07-30 19:43:31] claim failed (<urlopen error [Errno 11001] getaddrinfo failed>); retrying in 5s
[07-30 19:43:36] claim failed (<urlopen error [Errno 11001] getaddrinfo failed>); retrying in 5s
[07-30 19:43:41] claim failed (<urlopen error [Errno 11001] getaddrinfo failed>); retrying in 5s
[07-30 19:43:46] claim failed (<urlopen error [Errno 11001] getaddrinfo failed>); retrying in 5s
[07-30 19:43:51] claim failed (<urlopen error [Errno 11001] getaddrinfo failed>); retrying in 5s
[07-30 19:43:56] claim failed (<urlopen error [Errno 11001] getaddrinfo failed>); retrying in 5s
[07-30 19:44:01] claim failed (<urlopen error [Errno 11001] getaddrinfo failed>); retrying in 5s
[07-31 08:40:17] claim failed (<urlopen error [Errno 11001] getaddrinfo failed>); retrying in 5s
[07-31 10:49:49] claim failed (<urlopen error [WinError 10065] A socket operation was attempted to an unreachable host>); retrying in 5s
[07-31 10:52:25] claim failed (<urlopen error [WinError 10065] A socket operation was attempted to an unreachable host>); retrying in 5s
[07-31 10:52:31] claim failed (<urlopen error [Errno 11001] getaddrinfo failed>); retrying in 5s
[07-31 10:52:36] claim failed (<urlopen error [Errno 11001] getaddrinfo failed>); retrying in 5s
[07-31 10:52:41] claim failed (<urlopen error [Errno 11001] getaddrinfo failed>); retrying in 5s
[07-31 10:52:46] claim failed (<urlopen error [Errno 11001] getaddrinfo failed>); retrying in 5s
[07-31 10:52:51] claim failed (<urlopen error [Errno 11001] getaddrinfo failed>); retrying in 5s
[07-31 10:52:56] claim failed (<urlopen error [Errno 11001] getaddrinfo failed>); retrying in 5s
[07-31 10:53:01] claim failed (<urlopen error [Errno 11001] getaddrinfo failed>); retrying in 5s
[07-31 10:53:06] claim failed (<urlopen error [Errno 11001] getaddrinfo failed>); retrying in 5s
[07-31 10:53:12] claim failed (<urlopen error [Errno 11001] getaddrinfo failed>); retrying in 5s
[07-31 10:53:17] claim failed (<urlopen error [Errno 11001] getaddrinfo failed>); retrying in 5s
[07-31 10:53:22] claim failed (<urlopen error [Errno 11001] getaddrinfo failed>); retrying in 5s
[07-31 10:53:27] claim failed (<urlopen error [Errno 11001] getaddrinfo failed>); retrying in 5s
[07-31 10:53:32] claim failed (<urlopen error [Errno 11001] getaddrinfo failed>); retrying in 5s
[07-31 10:53:37] claim failed (<urlopen error [Errno 11001] getaddrinfo failed>); retrying in 5s
[07-31 10:53:42] claim failed (<urlopen error [Errno 11001] getaddrinfo failed>); retrying in 5s
[07-31 15:37:17] claim failed (<urlopen error [WinError 10065] A socket operation was attempted to an unreachable host>); retrying in 5s
[07-31 15:37:22] claim failed (<urlopen error [Errno 11001] getaddrinfo failed>); retrying in 5s
[07-31 15:37:28] claim failed (<urlopen error [Errno 11001] getaddrinfo failed>); retrying in 5s
[07-31 15:37:33] claim failed (<urlopen error [Errno 11001] getaddrinfo failed>); retrying in 5s
[07-31 15:37:38] claim failed (<urlopen error [Errno 11001] getaddrinfo failed>); retrying in 5s
[07-31 15:37:43] claim failed (<urlopen error [Errno 11001] getaddrinfo failed>); retrying in 5s
[07-31 15:37:48] claim failed (<urlopen error [Errno 11001] getaddrinfo failed>); retrying in 5s
[07-31 15:37:53] claim failed (<urlopen error [Errno 11001] getaddrinfo failed>); retrying in 5s
[07-31 15:37:58] claim failed (<urlopen error [Errno 11001] getaddrinfo failed>); retrying in 5s
[07-31 15:38:04] claim failed (<urlopen error [Errno 11001] getaddrinfo failed>); retrying in 5s
[07-31 15:38:09] claim failed (<urlopen error [Errno 11001] getaddrinfo failed>); retrying in 5s
[07-31 15:38:14] claim failed (<urlopen error [Errno 11001] getaddrinfo failed>); retrying in 5s
[07-31 15:38:19] claim failed (<urlopen error [Errno 11001] getaddrinfo failed>); retrying in 5s
[07-31 15:38:24] claim failed (<urlopen error [Errno 11001] getaddrinfo failed>); retrying in 5s
[07-31 15:38:29] claim failed (<urlopen error [Errno 11001] getaddrinfo failed>); retrying in 5s
[07-31 15:38:34] claim failed (<urlopen error [Errno 11001] getaddrinfo failed>); retrying in 5s
[07-31 15:38:40] claim failed (<urlopen error [Errno 11001] getaddrinfo failed>); retrying in 5s
[07-31 15:38:45] claim failed (<urlopen error [Errno 11001] getaddrinfo failed>); retrying in 5s
[07-31 15:38:50] claim failed (<urlopen error [Errno 11001] getaddrinfo failed>); retrying in 5s
[07-31 15:38:55] claim failed (<urlopen error [Errno 11001] getaddrinfo failed>); retrying in 5s
[07-31 15:39:00] claim failed (<urlopen error [Errno 11001] getaddrinfo failed>); retrying in 5s
[07-31 15:39:05] claim failed (<urlopen error [Errno 11001] getaddrinfo failed>); retrying in 5s
[07-31 15:39:10] claim failed (<urlopen error [Errno 11001] getaddrinfo failed>); retrying in 5s
[07-31 15:39:16] claim failed (<urlopen error [Errno 11001] getaddrinfo failed>); retrying in 5s
[07-31 15:39:21] claim failed (<urlopen error [Errno 11001] getaddrinfo failed>); retrying in 5s
[07-31 15:39:26] claim failed (<urlopen error [Errno 11001] getaddrinfo failed>); retrying in 5s
[07-31 15:39:31] claim failed (<urlopen error [Errno 11001] getaddrinfo failed>); retrying in 5s
[07-31 15:39:36] claim failed (<urlopen error [Errno 11001] getaddrinfo failed>); retrying in 5s
[07-31 15:39:41] claim failed (<urlopen error [Errno 11001] getaddrinfo failed>); retrying in 5s
[07-31 15:39:46] claim failed (<urlopen error [Errno 11001] getaddrinfo failed>); retrying in 5s
[07-31 15:39:52] claim failed (<urlopen error [Errno 11001] getaddrinfo failed>); retrying in 5s
[07-31 15:39:57] claim failed (<urlopen error [Errno 11001] getaddrinfo failed>); retrying in 5s
[07-31 15:40:02] claim failed (<urlopen error [Errno 11001] getaddrinfo failed>); retrying in 5s
[07-31 15:40:07] claim failed (<urlopen error [Errno 11001] getaddrinfo failed>); retrying in 5s
[07-31 15:40:12] claim failed (<urlopen error [Errno 11001] getaddrinfo failed>); retrying in 5s
[07-31 15:40:17] claim failed (<urlopen error [Errno 11001] getaddrinfo failed>); retrying in 5s
[07-31 15:40:22] claim failed (<urlopen error [Errno 11001] getaddrinfo failed>); retrying in 5s
[07-31 15:40:27] claim failed (<urlopen error [Errno 11001] getaddrinfo failed>); retrying in 5s
[07-31 15:40:33] claim failed (<urlopen error [Errno 11001] getaddrinfo failed>); retrying in 5s
[07-31 15:40:38] claim failed (<urlopen error [Errno 11001] getaddrinfo failed>); retrying in 5s
[07-31 15:40:43] claim failed (<urlopen error [Errno 11001] getaddrinfo failed>); retrying in 5s
[07-31 15:40:48] claim failed (<urlopen error [Errno 11001] getaddrinfo failed>); retrying in 5s
[07-31 15:40:53] claim failed (<urlopen error [Errno 11001] getaddrinfo failed>); retrying in 5s
[07-31 15:40:58] claim failed (<urlopen error [Errno 11001] getaddrinfo failed>); retrying in 5s
[07-31 15:41:03] claim failed (<urlopen error [Errno 11001] getaddrinfo failed>); retrying in 5s
[07-31 15:41:09] claim failed (<urlopen error [Errno 11001] getaddrinfo failed>); retrying in 5s
[07-31 15:41:14] claim failed (<urlopen error [Errno 11001] getaddrinfo failed>); retrying in 5s
[07-31 15:41:19] claim failed (<urlopen error [Errno 11001] getaddrinfo failed>); retrying in 5s
[07-31 15:41:24] claim failed (<urlopen error [Errno 11001] getaddrinfo failed>); retrying in 5s
[07-31 15:41:29] claim failed (<urlopen error [Errno 11001] getaddrinfo failed>); retrying in 5s
[07-31 15:41:34] claim failed (<urlopen error [Errno 11001] getaddrinfo failed>); retrying in 5s
[07-31 15:41:39] claim failed (<urlopen error [Errno 11001] getaddrinfo failed>); retrying in 5s
[07-31 15:41:45] claim failed (<urlopen error [Errno 11001] getaddrinfo failed>); retrying in 5s
[07-31 15:41:50] claim failed (<urlopen error [Errno 11001] getaddrinfo failed>); retrying in 5s
[07-31 15:41:55] claim failed (<urlopen error [Errno 11001] getaddrinfo failed>); retrying in 5s
[07-31 15:42:00] claim failed (<urlopen error [Errno 11001] getaddrinfo failed>); retrying in 5s
[07-31 15:42:05] claim failed (<urlopen error [Errno 11001] getaddrinfo failed>); retrying in 5s
[07-31 15:42:10] claim failed (<urlopen error [Errno 11001] getaddrinfo failed>); retrying in 5s
[07-31 15:42:15] claim failed (<urlopen error [Errno 11001] getaddrinfo failed>); retrying in 5s
[07-31 15:42:21] claim failed (<urlopen error [Errno 11001] getaddrinfo failed>); retrying in 5s
[07-31 15:42:26] claim failed (<urlopen error [Errno 11001] getaddrinfo failed>); retrying in 5s
[07-31 15:42:31] claim failed (<urlopen error [Errno 11001] getaddrinfo failed>); retrying in 5s
[07-31 15:42:36] claim failed (<urlopen error [Errno 11001] getaddrinfo failed>); retrying in 5s
[07-31 15:42:41] claim failed (<urlopen error [Errno 11001] getaddrinfo failed>); retrying in 5s
[07-31 15:42:46] claim failed (<urlopen error [Errno 11001] getaddrinfo failed>); retrying in 5s
[07-31 15:42:51] claim failed (<urlopen error [Errno 11001] getaddrinfo failed>); retrying in 5s
[07-31 15:42:57] claim failed (<urlopen error [Errno 11001] getaddrinfo failed>); retrying in 5s
[07-31 15:43:02] claim failed (<urlopen error [Errno 11001] getaddrinfo failed>); retrying in 5s
[07-31 15:43:07] claim failed (<urlopen error [Errno 11001] getaddrinfo failed>); retrying in 5s
[07-31 15:43:12] claim failed (<urlopen error [Errno 11001] getaddrinfo failed>); retrying in 5s
[07-31 15:43:17] claim failed (<urlopen error [Errno 11001] getaddrinfo failed>); retrying in 5s
[07-31 15:43:22] claim failed (<urlopen error [Errno 11001] getaddrinfo failed>); retrying in 5s
[07-31 15:43:27] claim failed (<urlopen error [Errno 11001] getaddrinfo failed>); retrying in 5s
[07-31 15:43:33] claim failed (<urlopen error [Errno 11001] getaddrinfo failed>); retrying in 5s
[07-31 15:43:38] claim failed (<urlopen error [Errno 11001] getaddrinfo failed>); retrying in 5s
[07-31 15:43:43] claim failed (<urlopen error [Errno 11001] getaddrinfo failed>); retrying in 5s
[07-31 15:43:48] claim failed (<urlopen error [Errno 11001] getaddrinfo failed>); retrying in 5s
[07-31 15:43:53] claim failed (<urlopen error [Errno 11001] getaddrinfo failed>); retrying in 5s
[07-31 15:43:58] claim failed (<urlopen error [Errno 11001] getaddrinfo failed>); retrying in 5s
[07-31 15:44:03] claim failed (<urlopen error [Errno 11001] getaddrinfo failed>); retrying in 5s
[07-31 15:44:08] claim failed (<urlopen error [Errno 11001] getaddrinfo failed>); retrying in 5s
[07-31 15:44:14] claim failed (<urlopen error [Errno 11001] getaddrinfo failed>); retrying in 5s
[07-31 15:44:19] claim failed (<urlopen error [Errno 11001] getaddrinfo failed>); retrying in 5s
[07-31 15:44:24] claim failed (<urlopen error [Errno 11001] getaddrinfo failed>); retrying in 5s
[07-31 15:44:29] claim failed (<urlopen error [Errno 11001] getaddrinfo failed>); retrying in 5s
[07-31 15:44:34] claim failed (<urlopen error [Errno 11001] getaddrinfo failed>); retrying in 5s
[07-31 15:44:39] claim failed (<urlopen error [Errno 11001] getaddrinfo failed>); retrying in 5s
[07-31 15:44:44] claim failed (<urlopen error [Errno 11001] getaddrinfo failed>); retrying in 5s
[07-31 15:44:50] claim failed (<urlopen error [Errno 11001] getaddrinfo failed>); retrying in 5s
[07-31 15:44:55] claim failed (<urlopen error [Errno 11001] getaddrinfo failed>); retrying in 5s
[07-31 15:45:00] claim failed (<urlopen error [Errno 11001] getaddrinfo failed>); retrying in 5s
[07-31 15:45:05] claim failed (<urlopen error [Errno 11001] getaddrinfo failed>); retrying in 5s
[07-31 15:45:10] claim failed (<urlopen error [Errno 11001] getaddrinfo failed>); retrying in 5s
[07-31 15:45:15] claim failed (<urlopen error [Errno 11001] getaddrinfo failed>); retrying in 5s
[07-31 15:45:20] claim failed (<urlopen error [Errno 11001] getaddrinfo failed>); retrying in 5s
[07-31 15:45:26] claim failed (<urlopen error [Errno 11001] getaddrinfo failed>); retrying in 5s
[07-31 15:45:31] claim failed (<urlopen error [Errno 11001] getaddrinfo failed>); retrying in 5s
[07-31 15:45:36] claim failed (<urlopen error [Errno 11001] getaddrinfo failed>); retrying in 5s
[07-31 15:45:41] claim failed (<urlopen error [Errno 11001] getaddrinfo failed>); retrying in 5s
[07-31 15:45:46] claim failed (<urlopen error [Errno 11001] getaddrinfo failed>); retrying in 5s
[07-31 15:45:51] claim failed (<urlopen error [Errno 11001] getaddrinfo failed>); retrying in 5s
[07-31 15:45:56] claim failed (<urlopen error [Errno 11001] getaddrinfo failed>); retrying in 5s
[07-31 15:46:02] claim failed (<urlopen error [Errno 11001] getaddrinfo failed>); retrying in 5s
[07-31 15:46:07] claim failed (<urlopen error [Errno 11001] getaddrinfo failed>); retrying in 5s
[07-31 15:46:12] claim failed (<urlopen error [Errno 11001] getaddrinfo failed>); retrying in 5s
[07-31 15:46:17] claim failed (<urlopen error [Errno 11001] getaddrinfo failed>); retrying in 5s
[07-31 15:46:22] claim failed (<urlopen error [Errno 11001] getaddrinfo failed>); retrying in 5s
[07-31 15:46:27] claim failed (<urlopen error [Errno 11001] getaddrinfo failed>); retrying in 5s
[07-31 15:46:32] claim failed (<urlopen error [Errno 11001] getaddrinfo failed>); retrying in 5s
[07-31 15:46:37] claim failed (<urlopen error [Errno 11001] getaddrinfo failed>); retrying in 5s
[07-31 15:46:43] claim failed (<urlopen error [Errno 11001] getaddrinfo failed>); retrying in 5s
[07-31 15:46:48] claim failed (<urlopen error [Errno 11001] getaddrinfo failed>); retrying in 5s
[07-31 15:46:53] claim failed (<urlopen error [Errno 11001] getaddrinfo failed>); retrying in 5s
[07-31 15:46:58] claim failed (<urlopen error [Errno 11001] getaddrinfo failed>); retrying in 5s
[07-31 15:47:03] claim failed (<urlopen error [Errno 11001] getaddrinfo failed>); retrying in 5s
[07-31 15:47:08] claim failed (<urlopen error [Errno 11001] getaddrinfo failed>); retrying in 5s
[07-31 15:47:13] claim failed (<urlopen error [Errno 11001] getaddrinfo failed>); retrying in 5s
[07-31 15:47:19] claim failed (<urlopen error [Errno 11001] getaddrinfo failed>); retrying in 5s
[07-31 15:47:24] claim failed (<urlopen error [Errno 11001] getaddrinfo failed>); retrying in 5s
[07-31 15:47:29] claim failed (<urlopen error [Errno 11001] getaddrinfo failed>); retrying in 5s
[07-31 15:47:34] claim failed (<urlopen error [Errno 11001] getaddrinfo failed>); retrying in 5s
[07-31 15:47:39] claim failed (<urlopen error [Errno 11001] getaddrinfo failed>); retrying in 5s
[07-31 15:47:44] claim failed (<urlopen error [Errno 11001] getaddrinfo failed>); retrying in 5s
[07-31 15:47:49] claim failed (<urlopen error [Errno 11001] getaddrinfo failed>); retrying in 5s
[07-31 15:47:55] claim failed (<urlopen error [Errno 11001] getaddrinfo failed>); retrying in 5s
[07-31 15:48:00] claim failed (<urlopen error [Errno 11001] getaddrinfo failed>); retrying in 5s
[07-31 15:48:05] claim failed (<urlopen error [Errno 11001] getaddrinfo failed>); retrying in 5s
[07-31 15:48:10] claim failed (<urlopen error [Errno 11001] getaddrinfo failed>); retrying in 5s
[07-31 15:48:15] claim failed (<urlopen error [Errno 11001] getaddrinfo failed>); retrying in 5s
[07-31 15:48:20] claim failed (<urlopen error [Errno 11001] getaddrinfo failed>); retrying in 5s
[07-31 15:48:25] claim failed (<urlopen error [Errno 11001] getaddrinfo failed>); retrying in 5s
[07-31 15:48:30] claim failed (<urlopen error [Errno 11001] getaddrinfo failed>); retrying in 5s
[07-31 15:48:36] claim failed (<urlopen error [Errno 11001] getaddrinfo failed>); retrying in 5s
[07-31 15:48:41] claim failed (<urlopen error [Errno 11001] getaddrinfo failed>); retrying in 5s
[07-31 15:48:46] claim failed (<urlopen error [Errno 11001] getaddrinfo failed>); retrying in 5s
[07-31 15:48:51] claim failed (<urlopen error [Errno 11001] getaddrinfo failed>); retrying in 5s
[07-31 15:48:56] claim failed (<urlopen error [Errno 11001] getaddrinfo failed>); retrying in 5s
[07-31 15:49:01] claim failed (<urlopen error [Errno 11001] getaddrinfo failed>); retrying in 5s
[07-31 15:49:06] claim failed (<urlopen error [Errno 11001] getaddrinfo failed>); retrying in 5s
[07-31 15:49:12] claim failed (<urlopen error [Errno 11001] getaddrinfo failed>); retrying in 5s
[07-31 15:49:17] claim failed (<urlopen error [Errno 11001] getaddrinfo failed>); retrying in 5s
[07-31 15:49:22] claim failed (<urlopen error [Errno 11001] getaddrinfo failed>); retrying in 5s
[07-31 15:49:27] claim failed (<urlopen error [Errno 11001] getaddrinfo failed>); retrying in 5s
[07-31 15:49:32] claim failed (<urlopen error [Errno 11001] getaddrinfo failed>); retrying in 5s
[07-31 15:49:37] claim failed (<urlopen error [Errno 11001] getaddrinfo failed>); retrying in 5s
[07-31 15:49:42] claim failed (<urlopen error [Errno 11001] getaddrinfo failed>); retrying in 5s
[07-31 15:49:48] claim failed (<urlopen error [Errno 11001] getaddrinfo failed>); retrying in 5s
[07-31 15:49:53] claim failed (<urlopen error [Errno 11001] getaddrinfo failed>); retrying in 5s
[07-31 15:49:58] claim failed (<urlopen error [Errno 11001] getaddrinfo failed>); retrying in 5s
[07-31 15:50:03] claim failed (<urlopen error [Errno 11001] getaddrinfo failed>); retrying in 5s
[07-31 15:50:08] claim failed (<urlopen error [Errno 11001] getaddrinfo failed>); retrying in 5s
[07-31 15:50:13] claim failed (<urlopen error [Errno 11001] getaddrinfo failed>); retrying in 5s
[07-31 15:50:18] claim failed (<urlopen error [Errno 11001] getaddrinfo failed>); retrying in 5s
[07-31 15:50:23] claim failed (<urlopen error [Errno 11001] getaddrinfo failed>); retrying in 5s
[07-31 15:50:29] claim failed (<urlopen error [Errno 11001] getaddrinfo failed>); retrying in 5s
[07-31 15:50:34] claim failed (<urlopen error [Errno 11001] getaddrinfo failed>); retrying in 5s
[07-31 15:50:39] claim failed (<urlopen error [Errno 11001] getaddrinfo failed>); retrying in 5s
[07-31 15:50:44] claim failed (<urlopen error [Errno 11001] getaddrinfo failed>); retrying in 5s
[07-31 15:50:49] claim failed (<urlopen error [Errno 11001] getaddrinfo failed>); retrying in 5s
[07-31 15:50:54] claim failed (<urlopen error [Errno 11001] getaddrinfo failed>); retrying in 5s
[07-31 15:50:59] claim failed (<urlopen error [Errno 11001] getaddrinfo failed>); retrying in 5s
[07-31 15:51:05] claim failed (<urlopen error [Errno 11001] getaddrinfo failed>); retrying in 5s
[07-31 15:51:10] claim failed (<urlopen error [Errno 11001] getaddrinfo failed>); retrying in 5s
[07-31 15:51:15] claim failed (<urlopen error [Errno 11001] getaddrinfo failed>); retrying in 5s
[07-31 15:51:20] claim failed (<urlopen error [Errno 11001] getaddrinfo failed>); retrying in 5s
[07-31 15:51:25] claim failed (<urlopen error [Errno 11001] getaddrinfo failed>); retrying in 5s
[07-31 15:51:30] claim failed (<urlopen error [Errno 11001] getaddrinfo failed>); retrying in 5s
[07-31 15:51:35] claim failed (<urlopen error [Errno 11001] getaddrinfo failed>); retrying in 5s
[07-31 15:51:41] claim failed (<urlopen error [Errno 11001] getaddrinfo failed>); retrying in 5s
[07-31 15:51:46] claim failed (<urlopen error [Errno 11001] getaddrinfo failed>); retrying in 5s
[07-31 15:51:51] claim failed (<urlopen error [Errno 11001] getaddrinfo failed>); retrying in 5s
[07-31 15:51:56] claim failed (<urlopen error [Errno 11001] getaddrinfo failed>); retrying in 5s
[07-31 15:52:01] claim failed (<urlopen error [Errno 11001] getaddrinfo failed>); retrying in 5s
[07-31 15:52:06] claim failed (<urlopen error [Errno 11001] getaddrinfo failed>); retrying in 5s
[07-31 15:52:11] claim failed (<urlopen error [Errno 11001] getaddrinfo failed>); retrying in 5s
[07-31 15:52:17] claim failed (<urlopen error [Errno 11001] getaddrinfo failed>); retrying in 5s
[07-31 15:52:22] claim failed (<urlopen error [Errno 11001] getaddrinfo failed>); retrying in 5s
[07-31 15:52:27] claim failed (<urlopen error [Errno 11001] getaddrinfo failed>); retrying in 5s
[07-31 15:52:32] claim failed (<urlopen error [Errno 11001] getaddrinfo failed>); retrying in 5s
[07-31 15:52:37] claim failed (<urlopen error [Errno 11001] getaddrinfo failed>); retrying in 5s
[07-31 15:52:42] claim failed (<urlopen error [Errno 11001] getaddrinfo failed>); retrying in 5s
[07-31 15:52:47] claim failed (<urlopen error [Errno 11001] getaddrinfo failed>); retrying in 5s
[07-31 15:52:52] claim failed (<urlopen error [Errno 11001] getaddrinfo failed>); retrying in 5s
[07-31 15:52:58] claim failed (<urlopen error [Errno 11001] getaddrinfo failed>); retrying in 5s
[07-31 15:53:03] claim failed (<urlopen error [Errno 11001] getaddrinfo failed>); retrying in 5s
[07-31 15:53:08] claim failed (<urlopen error [Errno 11001] getaddrinfo failed>); retrying in 5s
[07-31 15:53:13] claim failed (<urlopen error [Errno 11001] getaddrinfo failed>); retrying in 5s
[07-31 15:53:18] claim failed (<urlopen error [Errno 11001] getaddrinfo failed>); retrying in 5s
[07-31 15:53:23] claim failed (<urlopen error [Errno 11001] getaddrinfo failed>); retrying in 5s
[07-31 15:53:28] claim failed (<urlopen error [Errno 11001] getaddrinfo failed>); retrying in 5s
[07-31 15:53:34] claim failed (<urlopen error [Errno 11001] getaddrinfo failed>); retrying in 5s
[07-31 15:53:39] claim failed (<urlopen error [Errno 11001] getaddrinfo failed>); retrying in 5s
[07-31 15:53:44] claim failed (<urlopen error [Errno 11001] getaddrinfo failed>); retrying in 5s
[07-31 15:53:49] claim failed (<urlopen error [Errno 11001] getaddrinfo failed>); retrying in 5s
[07-31 15:53:54] claim failed (<urlopen error [Errno 11001] getaddrinfo failed>); retrying in 5s
[07-31 15:53:59] claim failed (<urlopen error [Errno 11001] getaddrinfo failed>); retrying in 5s
[07-31 15:54:04] claim failed (<urlopen error [Errno 11001] getaddrinfo failed>); retrying in 5s
[07-31 15:54:10] claim failed (<urlopen error [Errno 11001] getaddrinfo failed>); retrying in 5s
[07-31 15:54:15] claim failed (<urlopen error [Errno 11001] getaddrinfo failed>); retrying in 5s
[07-31 15:54:20] claim failed (<urlopen error [Errno 11001] getaddrinfo failed>); retrying in 5s
[07-31 15:54:25] claim failed (<urlopen error [Errno 11001] getaddrinfo failed>); retrying in 5s
[07-31 15:54:30] claim failed (<urlopen error [Errno 11001] getaddrinfo failed>); retrying in 5s
[07-31 15:54:35] claim failed (<urlopen error [Errno 11001] getaddrinfo failed>); retrying in 5s
[07-31 15:54:40] claim failed (<urlopen error [Errno 11001] getaddrinfo failed>); retrying in 5s
[07-31 15:54:46] claim failed (<urlopen error [Errno 11001] getaddrinfo failed>); retrying in 5s
[07-31 15:54:51] claim failed (<urlopen error [Errno 11001] getaddrinfo failed>); retrying in 5s
[07-31 15:54:56] claim failed (<urlopen error [Errno 11001] getaddrinfo failed>); retrying in 5s
[07-31 15:55:01] claim failed (<urlopen error [Errno 11001] getaddrinfo failed>); retrying in 5s
[07-31 15:55:06] claim failed (<urlopen error [Errno 11001] getaddrinfo failed>); retrying in 5s
[07-31 15:55:11] claim failed (<urlopen error [Errno 11001] getaddrinfo failed>); retrying in 5s
[07-31 15:55:16] claim failed (<urlopen error [Errno 11001] getaddrinfo failed>); retrying in 5s
[07-31 15:55:21] claim failed (<urlopen error [Errno 11001] getaddrinfo failed>); retrying in 5s
[07-31 15:55:27] claim failed (<urlopen error [Errno 11001] getaddrinfo failed>); retrying in 5s
[07-31 15:55:32] claim failed (<urlopen error [Errno 11001] getaddrinfo failed>); retrying in 5s
[07-31 15:55:37] claim failed (<urlopen error [Errno 11001] getaddrinfo failed>); retrying in 5s
[07-31 15:55:42] claim failed (<urlopen error [Errno 11001] getaddrinfo failed>); retrying in 5s
[07-31 15:55:47] claim failed (<urlopen error [Errno 11001] getaddrinfo failed>); retrying in 5s
[07-31 15:55:52] claim failed (<urlopen error [Errno 11001] getaddrinfo failed>); retrying in 5s
[07-31 15:55:57] claim failed (<urlopen error [Errno 11001] getaddrinfo failed>); retrying in 5s
[07-31 15:56:03] claim failed (<urlopen error [Errno 11001] getaddrinfo failed>); retrying in 5s
[07-31 15:56:08] claim failed (<urlopen error [Errno 11001] getaddrinfo failed>); retrying in 5s
[07-31 15:56:13] claim failed (<urlopen error [Errno 11001] getaddrinfo failed>); retrying in 5s
[07-31 15:56:18] claim failed (<urlopen error [Errno 11001] getaddrinfo failed>); retrying in 5s
[07-31 15:56:23] claim failed (<urlopen error [Errno 11001] getaddrinfo failed>); retrying in 5s
[07-31 15:56:28] claim failed (<urlopen error [Errno 11001] getaddrinfo failed>); retrying in 5s
[07-31 15:56:33] claim failed (<urlopen error [Errno 11001] getaddrinfo failed>); retrying in 5s
[07-31 15:56:39] claim failed (<urlopen error [Errno 11001] getaddrinfo failed>); retrying in 5s
[07-31 15:56:44] claim failed (<urlopen error [Errno 11001] getaddrinfo failed>); retrying in 5s
[07-31 15:56:49] claim failed (<urlopen error [Errno 11001] getaddrinfo failed>); retrying in 5s
[07-31 15:56:54] claim failed (<urlopen error [Errno 11001] getaddrinfo failed>); retrying in 5s
[07-31 15:56:59] claim failed (<urlopen error [Errno 11001] getaddrinfo failed>); retrying in 5s
[07-31 15:57:04] claim failed (<urlopen error [Errno 11001] getaddrinfo failed>); retrying in 5s
[07-31 15:57:09] claim failed (<urlopen error [Errno 11001] getaddrinfo failed>); retrying in 5s
[07-31 15:57:15] claim failed (<urlopen error [Errno 11001] getaddrinfo failed>); retrying in 5s
[07-31 15:57:20] claim failed (<urlopen error [Errno 11001] getaddrinfo failed>); retrying in 5s
[07-31 15:57:25] claim failed (<urlopen error [Errno 11001] getaddrinfo failed>); retrying in 5s
[07-31 15:57:30] claim failed (<urlopen error [Errno 11001] getaddrinfo failed>); retrying in 5s
[07-31 15:57:35] claim failed (<urlopen error [Errno 11001] getaddrinfo failed>); retrying in 5s
[07-31 15:57:40] claim failed (<urlopen error [Errno 11001] getaddrinfo failed>); retrying in 5s
[07-31 15:57:45] claim failed (<urlopen error [Errno 11001] getaddrinfo failed>); retrying in 5s
[07-31 15:57:50] claim failed (<urlopen error [Errno 11001] getaddrinfo failed>); retrying in 5s
[07-31 15:57:56] claim failed (<urlopen error [Errno 11001] getaddrinfo failed>); retrying in 5s
[07-31 15:58:01] claim failed (<urlopen error [Errno 11001] getaddrinfo failed>); retrying in 5s
[07-31 15:58:06] claim failed (<urlopen error [Errno 11001] getaddrinfo failed>); retrying in 5s
[07-31 15:58:11] claim failed (<urlopen error [Errno 11001] getaddrinfo failed>); retrying in 5s
[07-31 15:58:16] claim failed (<urlopen error [Errno 11001] getaddrinfo failed>); retrying in 5s
[07-31 15:58:21] claim failed (<urlopen error [Errno 11001] getaddrinfo failed>); retrying in 5s
[07-31 15:58:26] claim failed (<urlopen error [Errno 11001] getaddrinfo failed>); retrying in 5s
[07-31 15:58:32] claim failed (<urlopen error [Errno 11001] getaddrinfo failed>); retrying in 5s
[07-31 15:58:37] claim failed (<urlopen error [Errno 11001] getaddrinfo failed>); retrying in 5s
[07-31 15:58:42] claim failed (<urlopen error [Errno 11001] getaddrinfo failed>); retrying in 5s
[07-31 15:58:47] claim failed (<urlopen error [Errno 11001] getaddrinfo failed>); retrying in 5s
[07-31 15:58:52] claim failed (<urlopen error [Errno 11001] getaddrinfo failed>); retrying in 5s
[07-31 15:58:57] claim failed (<urlopen error [Errno 11001] getaddrinfo failed>); retrying in 5s
[07-31 15:59:02] claim failed (<urlopen error [Errno 11001] getaddrinfo failed>); retrying in 5s
[07-31 15:59:08] claim failed (<urlopen error [Errno 11001] getaddrinfo failed>); retrying in 5s
[07-31 15:59:13] claim failed (<urlopen error [Errno 11001] getaddrinfo failed>); retrying in 5s
[07-31 15:59:18] claim failed (<urlopen error [Errno 11001] getaddrinfo failed>); retrying in 5s
[07-31 15:59:23] claim failed (<urlopen error [Errno 11001] getaddrinfo failed>); retrying in 5s
[07-31 15:59:28] claim failed (<urlopen error [Errno 11001] getaddrinfo failed>); retrying in 5s
[07-31 15:59:33] claim failed (<urlopen error [Errno 11001] getaddrinfo failed>); retrying in 5s
[07-31 15:59:38] claim failed (<urlopen error [Errno 11001] getaddrinfo failed>); retrying in 5s
[07-31 15:59:44] claim failed (<urlopen error [Errno 11001] getaddrinfo failed>); retrying in 5s
[07-31 15:59:49] claim failed (<urlopen error [Errno 11001] getaddrinfo failed>); retrying in 5s
[07-31 15:59:54] claim failed (<urlopen error [Errno 11001] getaddrinfo failed>); retrying in 5s
[07-31 15:59:59] claim failed (<urlopen error [Errno 11001] getaddrinfo failed>); retrying in 5s
[07-31 16:00:04] claim failed (<urlopen error [Errno 11001] getaddrinfo failed>); retrying in 5s
[07-31 16:00:09] claim failed (<urlopen error [Errno 11001] getaddrinfo failed>); retrying in 5s
[07-31 16:00:14] claim failed (<urlopen error [Errno 11001] getaddrinfo failed>); retrying in 5s
[07-31 16:00:20] claim failed (<urlopen error [Errno 11001] getaddrinfo failed>); retrying in 5s
[07-31 16:00:25] claim failed (<urlopen error [Errno 11001] getaddrinfo failed>); retrying in 5s
[07-31 16:00:30] claim failed (<urlopen error [Errno 11001] getaddrinfo failed>); retrying in 5s
[07-31 16:00:35] claim failed (<urlopen error [Errno 11001] getaddrinfo failed>); retrying in 5s
[07-31 16:00:40] claim failed (<urlopen error [Errno 11001] getaddrinfo failed>); retrying in 5s
[07-31 16:00:45] claim failed (<urlopen error [Errno 11001] getaddrinfo failed>); retrying in 5s
[07-31 16:00:50] claim failed (<urlopen error [Errno 11001] getaddrinfo failed>); retrying in 5s
[07-31 16:00:55] claim failed (<urlopen error [Errno 11001] getaddrinfo failed>); retrying in 5s
[07-31 16:01:01] claim failed (<urlopen error [Errno 11001] getaddrinfo failed>); retrying in 5s
[07-31 16:01:06] claim failed (<urlopen error [Errno 11001] getaddrinfo failed>); retrying in 5s
[07-31 16:01:11] claim failed (<urlopen error [Errno 11001] getaddrinfo failed>); retrying in 5s
[07-31 16:01:16] claim failed (<urlopen error [Errno 11001] getaddrinfo failed>); retrying in 5s
[07-31 16:01:21] claim failed (<urlopen error [Errno 11001] getaddrinfo failed>); retrying in 5s
[07-31 16:01:26] claim failed (<urlopen error [Errno 11001] getaddrinfo failed>); retrying in 5s
[07-31 16:01:31] claim failed (<urlopen error [Errno 11001] getaddrinfo failed>); retrying in 5s
[07-31 16:01:37] claim failed (<urlopen error [Errno 11001] getaddrinfo failed>); retrying in 5s
[07-31 16:01:42] claim failed (<urlopen error [Errno 11001] getaddrinfo failed>); retrying in 5s
[07-31 16:01:47] claim failed (<urlopen error [Errno 11001] getaddrinfo failed>); retrying in 5s
[07-31 16:01:52] claim failed (<urlopen error [Errno 11001] getaddrinfo failed>); retrying in 5s
[07-31 16:01:57] claim failed (<urlopen error [Errno 11001] getaddrinfo failed>); retrying in 5s
[07-31 16:02:02] claim failed (<urlopen error [Errno 11001] getaddrinfo failed>); retrying in 5s
[07-31 16:02:07] claim failed (<urlopen error [Errno 11001] getaddrinfo failed>); retrying in 5s
[07-31 16:02:13] claim failed (<urlopen error [Errno 11001] getaddrinfo failed>); retrying in 5s
[07-31 16:02:18] claim failed (<urlopen error [Errno 11001] getaddrinfo failed>); retrying in 5s
[07-31 16:02:23] claim failed (<urlopen error [Errno 11001] getaddrinfo failed>); retrying in 5s
[07-31 16:02:28] claim failed (<urlopen error [Errno 11001] getaddrinfo failed>); retrying in 5s
[07-31 16:02:33] claim failed (<urlopen error [Errno 11001] getaddrinfo failed>); retrying in 5s
[07-31 16:02:38] claim failed (<urlopen error [Errno 11001] getaddrinfo failed>); retrying in 5s
[07-31 16:02:43] claim failed (<urlopen error [Errno 11001] getaddrinfo failed>); retrying in 5s
[07-31 16:02:49] claim failed (<urlopen error [Errno 11001] getaddrinfo failed>); retrying in 5s
[07-31 16:02:54] claim failed (<urlopen error [Errno 11001] getaddrinfo failed>); retrying in 5s
[07-31 16:02:59] claim failed (<urlopen error [Errno 11001] getaddrinfo failed>); retrying in 5s
[07-31 16:03:04] claim failed (<urlopen error [Errno 11001] getaddrinfo failed>); retrying in 5s
[07-31 16:03:09] claim failed (<urlopen error [Errno 11001] getaddrinfo failed>); retrying in 5s
[07-31 16:03:14] claim failed (<urlopen error [Errno 11001] getaddrinfo failed>); retrying in 5s
[07-31 16:03:19] claim failed (<urlopen error [Errno 11001] getaddrinfo failed>); retrying in 5s
[07-31 16:03:24] claim failed (<urlopen error [Errno 11001] getaddrinfo failed>); retrying in 5s
[07-31 16:03:30] claim failed (<urlopen error [Errno 11001] getaddrinfo failed>); retrying in 5s
[07-31 16:03:35] claim failed (<urlopen error [Errno 11001] getaddrinfo failed>); retrying in 5s
[07-31 16:03:40] claim failed (<urlopen error [Errno 11001] getaddrinfo failed>); retrying in 5s
[07-31 16:03:45] claim failed (<urlopen error [Errno 11001] getaddrinfo failed>); retrying in 5s
[07-31 16:03:50] claim failed (<urlopen error [Errno 11001] getaddrinfo failed>); retrying in 5s
[07-31 16:03:55] claim failed (<urlopen error [Errno 11001] getaddrinfo failed>); retrying in 5s
[07-31 16:04:00] claim failed (<urlopen error [Errno 11001] getaddrinfo failed>); retrying in 5s
[07-31 16:04:06] claim failed (<urlopen error [Errno 11001] getaddrinfo failed>); retrying in 5s
[07-31 16:04:11] claim failed (<urlopen error [Errno 11001] getaddrinfo failed>); retrying in 5s
[07-31 16:04:16] claim failed (<urlopen error [Errno 11001] getaddrinfo failed>); retrying in 5s
[07-31 16:04:21] claim failed (<urlopen error [Errno 11001] getaddrinfo failed>); retrying in 5s
[07-31 16:04:26] claim failed (<urlopen error [Errno 11001] getaddrinfo failed>); retrying in 5s
[07-31 16:04:31] claim failed (<urlopen error [Errno 11001] getaddrinfo failed>); retrying in 5s
[07-31 16:04:36] claim failed (<urlopen error [Errno 11001] getaddrinfo failed>); retrying in 5s
[07-31 16:04:42] claim failed (<urlopen error [Errno 11001] getaddrinfo failed>); retrying in 5s
[07-31 16:04:47] claim failed (<urlopen error [Errno 11001] getaddrinfo failed>); retrying in 5s
[07-31 16:04:52] claim failed (<urlopen error [Errno 11001] getaddrinfo failed>); retrying in 5s
[07-31 16:04:57] claim failed (<urlopen error [Errno 11001] getaddrinfo failed>); retrying in 5s
[07-31 16:05:02] claim failed (<urlopen error [Errno 11001] getaddrinfo failed>); retrying in 5s
[07-31 16:05:07] claim failed (<urlopen error [Errno 11001] getaddrinfo failed>); retrying in 5s
[07-31 16:05:12] claim failed (<urlopen error [Errno 11001] getaddrinfo failed>); retrying in 5s
[07-31 16:05:18] claim failed (<urlopen error [Errno 11001] getaddrinfo failed>); retrying in 5s
[07-31 16:05:23] claim failed (<urlopen error [Errno 11001] getaddrinfo failed>); retrying in 5s
[07-31 16:05:28] claim failed (<urlopen error [Errno 11001] getaddrinfo failed>); retrying in 5s
[07-31 16:05:33] claim failed (<urlopen error [Errno 11001] getaddrinfo failed>); retrying in 5s
[07-31 16:05:38] claim failed (<urlopen error [Errno 11001] getaddrinfo failed>); retrying in 5s
[07-31 16:05:43] claim failed (<urlopen error [Errno 11001] getaddrinfo failed>); retrying in 5s
[07-31 16:05:48] claim failed (<urlopen error [Errno 11001] getaddrinfo failed>); retrying in 5s
[07-31 16:05:54] claim failed (<urlopen error [Errno 11001] getaddrinfo failed>); retrying in 5s
[07-31 16:05:59] claim failed (<urlopen error [Errno 11001] getaddrinfo failed>); retrying in 5s
[07-31 16:06:04] claim failed (<urlopen error [Errno 11001] getaddrinfo failed>); retrying in 5s
[07-31 16:06:09] claim failed (<urlopen error [Errno 11001] getaddrinfo failed>); retrying in 5s
[07-31 16:06:14] claim failed (<urlopen error [Errno 11001] getaddrinfo failed>); retrying in 5s
[07-31 16:06:19] claim failed (<urlopen error [Errno 11001] getaddrinfo failed>); retrying in 5s
[07-31 16:06:24] claim failed (<urlopen error [Errno 11001] getaddrinfo failed>); retrying in 5s
[07-31 16:06:30] claim failed (<urlopen error [Errno 11001] getaddrinfo failed>); retrying in 5s
[07-31 16:06:35] claim failed (<urlopen error [Errno 11001] getaddrinfo failed>); retrying in 5s
[07-31 16:06:40] claim failed (<urlopen error [Errno 11001] getaddrinfo failed>); retrying in 5s
[07-31 16:06:45] claim failed (<urlopen error [Errno 11001] getaddrinfo failed>); retrying in 5s
[07-31 16:06:50] claim failed (<urlopen error [Errno 11001] getaddrinfo failed>); retrying in 5s
[07-31 16:06:55] claim failed (<urlopen error [Errno 11001] getaddrinfo failed>); retrying in 5s
[07-31 16:07:00] claim failed (<urlopen error [Errno 11001] getaddrinfo failed>); retrying in 5s
[07-31 16:07:05] claim failed (<urlopen error [Errno 11001] getaddrinfo failed>); retrying in 5s
[07-31 16:07:11] claim failed (<urlopen error [Errno 11001] getaddrinfo failed>); retrying in 5s
[07-31 16:07:16] claim failed (<urlopen error [Errno 11001] getaddrinfo failed>); retrying in 5s
[07-31 16:07:21] claim failed (<urlopen error [Errno 11001] getaddrinfo failed>); retrying in 5s
[07-31 16:07:26] claim failed (<urlopen error [Errno 11001] getaddrinfo failed>); retrying in 5s
[07-31 16:07:31] claim failed (<urlopen error [Errno 11001] getaddrinfo failed>); retrying in 5s
[07-31 16:07:36] claim failed (<urlopen error [Errno 11001] getaddrinfo failed>); retrying in 5s
[07-31 16:07:42] claim failed (<urlopen error [Errno 11001] getaddrinfo failed>); retrying in 5s
[07-31 16:07:47] claim failed (<urlopen error [Errno 11001] getaddrinfo failed>); retrying in 5s
[07-31 16:07:52] claim failed (<urlopen error [Errno 11001] getaddrinfo failed>); retrying in 5s
[07-31 16:07:57] claim failed (<urlopen error [Errno 11001] getaddrinfo failed>); retrying in 5s
[07-31 16:08:02] claim failed (<urlopen error [Errno 11001] getaddrinfo failed>); retrying in 5s
[07-31 16:08:07] claim failed (<urlopen error [Errno 11001] getaddrinfo failed>); retrying in 5s
[07-31 16:08:12] claim failed (<urlopen error [Errno 11001] getaddrinfo failed>); retrying in 5s
[07-31 16:08:18] claim failed (<urlopen error [Errno 11001] getaddrinfo failed>); retrying in 5s
[07-31 16:08:23] claim failed (<urlopen error [Errno 11001] getaddrinfo failed>); retrying in 5s
[07-31 16:08:28] claim failed (<urlopen error [Errno 11001] getaddrinfo failed>); retrying in 5s
[07-31 16:08:33] claim failed (<urlopen error [Errno 11001] getaddrinfo failed>); retrying in 5s
[07-31 16:08:38] claim failed (<urlopen error [Errno 11001] getaddrinfo failed>); retrying in 5s
[07-31 16:08:43] claim failed (<urlopen error [Errno 11001] getaddrinfo failed>); retrying in 5s
[07-31 16:08:48] claim failed (<urlopen error [Errno 11001] getaddrinfo failed>); retrying in 5s
[07-31 16:08:54] claim failed (<urlopen error [Errno 11001] getaddrinfo failed>); retrying in 5s
[07-31 16:08:59] claim failed (<urlopen error [Errno 11001] getaddrinfo failed>); retrying in 5s
[07-31 16:09:04] claim failed (<urlopen error [Errno 11001] getaddrinfo failed>); retrying in 5s
[07-31 16:09:09] claim failed (<urlopen error [Errno 11001] getaddrinfo failed>); retrying in 5s
[07-31 16:09:14] claim failed (<urlopen error [Errno 11001] getaddrinfo failed>); retrying in 5s
[07-31 16:09:19] claim failed (<urlopen error [Errno 11001] getaddrinfo failed>); retrying in 5s
[07-31 16:09:24] claim failed (<urlopen error [Errno 11001] getaddrinfo failed>); retrying in 5s
[07-31 16:09:29] claim failed (<urlopen error [Errno 11001] getaddrinfo failed>); retrying in 5s
[07-31 16:09:35] claim failed (<urlopen error [Errno 11001] getaddrinfo failed>); retrying in 5s
[07-31 16:09:40] claim failed (<urlopen error [Errno 11001] getaddrinfo failed>); retrying in 5s
[07-31 16:09:45] claim failed (<urlopen error [Errno 11001] getaddrinfo failed>); retrying in 5s
[07-31 16:09:50] claim failed (<urlopen error [Errno 11001] getaddrinfo failed>); retrying in 5s
[07-31 16:09:55] claim failed (<urlopen error [Errno 11001] getaddrinfo failed>); retrying in 5s
[07-31 16:10:00] claim failed (<urlopen error [Errno 11001] getaddrinfo failed>); retrying in 5s
[07-31 16:10:05] claim failed (<urlopen error [Errno 11001] getaddrinfo failed>); retrying in 5s
[07-31 16:10:11] claim failed (<urlopen error [Errno 11001] getaddrinfo failed>); retrying in 5s
[07-31 16:10:16] claim failed (<urlopen error [Errno 11001] getaddrinfo failed>); retrying in 5s
[07-31 16:10:21] claim failed (<urlopen error [Errno 11001] getaddrinfo failed>); retrying in 5s
[07-31 16:10:26] claim failed (<urlopen error [Errno 11001] getaddrinfo failed>); retrying in 5s
[07-31 16:10:31] claim failed (<urlopen error [Errno 11001] getaddrinfo failed>); retrying in 5s
[07-31 16:10:36] claim failed (<urlopen error [Errno 11001] getaddrinfo failed>); retrying in 5s
[07-31 16:10:41] claim failed (<urlopen error [Errno 11001] getaddrinfo failed>); retrying in 5s
[07-31 16:10:47] claim failed (<urlopen error [Errno 11001] getaddrinfo failed>); retrying in 5s
[07-31 16:10:52] claim failed (<urlopen error [Errno 11001] getaddrinfo failed>); retrying in 5s
[07-31 16:10:57] claim failed (<urlopen error [Errno 11001] getaddrinfo failed>); retrying in 5s
[07-31 16:11:02] claim failed (<urlopen error [Errno 11001] getaddrinfo failed>); retrying in 5s
[07-31 16:11:07] claim failed (<urlopen error [Errno 11001] getaddrinfo failed>); retrying in 5s
[07-31 16:11:12] claim failed (<urlopen error [Errno 11001] getaddrinfo failed>); retrying in 5s
[07-31 16:11:17] claim failed (<urlopen error [Errno 11001] getaddrinfo failed>); retrying in 5s
[07-31 16:11:23] claim failed (<urlopen error [Errno 11001] getaddrinfo failed>); retrying in 5s
[07-31 16:11:28] claim failed (<urlopen error [Errno 11001] getaddrinfo failed>); retrying in 5s
[07-31 16:11:33] claim failed (<urlopen error [Errno 11001] getaddrinfo failed>); retrying in 5s
[07-31 16:11:38] claim failed (<urlopen error [Errno 11001] getaddrinfo failed>); retrying in 5s
[07-31 16:11:43] claim failed (<urlopen error [Errno 11001] getaddrinfo failed>); retrying in 5s
[07-31 16:11:48] claim failed (<urlopen error [Errno 11001] getaddrinfo failed>); retrying in 5s
[07-31 16:11:53] claim failed (<urlopen error [Errno 11001] getaddrinfo failed>); retrying in 5s
[07-31 16:11:58] claim failed (<urlopen error [Errno 11001] getaddrinfo failed>); retrying in 5s
[07-31 16:12:04] claim failed (<urlopen error [Errno 11001] getaddrinfo failed>); retrying in 5s
[07-31 16:12:09] claim failed (<urlopen error [Errno 11001] getaddrinfo failed>); retrying in 5s
[07-31 16:12:14] claim failed (<urlopen error [Errno 11001] getaddrinfo failed>); retrying in 5s
[07-31 16:12:19] claim failed (<urlopen error [Errno 11001] getaddrinfo failed>); retrying in 5s
[07-31 16:12:24] claim failed (<urlopen error [Errno 11001] getaddrinfo failed>); retrying in 5s
[07-31 16:12:29] claim failed (<urlopen error [Errno 11001] getaddrinfo failed>); retrying in 5s
[07-31 16:12:34] claim failed (<urlopen error [Errno 11001] getaddrinfo failed>); retrying in 5s
[07-31 16:12:40] claim failed (<urlopen error [Errno 11001] getaddrinfo failed>); retrying in 5s
[07-31 16:12:45] claim failed (<urlopen error [Errno 11001] getaddrinfo failed>); retrying in 5s
[07-31 16:12:50] claim failed (<urlopen error [Errno 11001] getaddrinfo failed>); retrying in 5s
[07-31 16:12:55] claim failed (<urlopen error [Errno 11001] getaddrinfo failed>); retrying in 5s
[07-31 16:13:00] claim failed (<urlopen error [Errno 11001] getaddrinfo failed>); retrying in 5s
[07-31 16:13:05] claim failed (<urlopen error [Errno 11001] getaddrinfo failed>); retrying in 5s
[07-31 16:13:10] claim failed (<urlopen error [Errno 11001] getaddrinfo failed>); retrying in 5s
[07-31 16:13:16] claim failed (<urlopen error [Errno 11001] getaddrinfo failed>); retrying in 5s
[07-31 16:13:21] claim failed (<urlopen error [Errno 11001] getaddrinfo failed>); retrying in 5s
[07-31 16:13:26] claim failed (<urlopen error [Errno 11001] getaddrinfo failed>); retrying in 5s
[07-31 16:13:31] claim failed (<urlopen error [Errno 11001] getaddrinfo failed>); retrying in 5s
[07-31 16:13:36] claim failed (<urlopen error [Errno 11001] getaddrinfo failed>); retrying in 5s
[07-31 16:13:41] claim failed (<urlopen error [Errno 11001] getaddrinfo failed>); retrying in 5s
[07-31 16:13:46] claim failed (<urlopen error [Errno 11001] getaddrinfo failed>); retrying in 5s
[07-31 16:13:52] claim failed (<urlopen error [Errno 11001] getaddrinfo failed>); retrying in 5s
[07-31 16:13:57] claim failed (<urlopen error [Errno 11001] getaddrinfo failed>); retrying in 5s
[07-31 16:14:02] claim failed (<urlopen error [Errno 11001] getaddrinfo failed>); retrying in 5s
[07-31 16:14:07] claim failed (<urlopen error [Errno 11001] getaddrinfo failed>); retrying in 5s
[07-31 16:14:12] claim failed (<urlopen error [Errno 11001] getaddrinfo failed>); retrying in 5s
[07-31 16:14:17] claim failed (<urlopen error [Errno 11001] getaddrinfo failed>); retrying in 5s
[07-31 16:14:22] claim failed (<urlopen error [Errno 11001] getaddrinfo failed>); retrying in 5s
[07-31 16:14:28] claim failed (<urlopen error [Errno 11001] getaddrinfo failed>); retrying in 5s
[07-31 16:14:33] claim failed (<urlopen error [Errno 11001] getaddrinfo failed>); retrying in 5s
[07-31 16:14:38] claim failed (<urlopen error [Errno 11001] getaddrinfo failed>); retrying in 5s
[07-31 16:14:43] claim failed (<urlopen error [Errno 11001] getaddrinfo failed>); retrying in 5s
[07-31 16:14:48] claim failed (<urlopen error [Errno 11001] getaddrinfo failed>); retrying in 5s
[07-31 16:14:53] claim failed (<urlopen error [Errno 11001] getaddrinfo failed>); retrying in 5s
[07-31 16:14:58] claim failed (<urlopen error [Errno 11001] getaddrinfo failed>); retrying in 5s
[07-31 16:15:03] claim failed (<urlopen error [Errno 11001] getaddrinfo failed>); retrying in 5s
[07-31 16:15:09] claim failed (<urlopen error [Errno 11001] getaddrinfo failed>); retrying in 5s
[07-31 16:15:14] claim failed (<urlopen error [Errno 11001] getaddrinfo failed>); retrying in 5s
[07-31 16:15:19] claim failed (<urlopen error [Errno 11001] getaddrinfo failed>); retrying in 5s
[07-31 16:15:24] claim failed (<urlopen error [Errno 11001] getaddrinfo failed>); retrying in 5s
[07-31 16:15:29] claim failed (<urlopen error [Errno 11001] getaddrinfo failed>); retrying in 5s
[07-31 16:15:34] claim failed (<urlopen error [Errno 11001] getaddrinfo failed>); retrying in 5s
[07-31 16:15:39] claim failed (<urlopen error [Errno 11001] getaddrinfo failed>); retrying in 5s
[07-31 16:15:45] claim failed (<urlopen error [Errno 11001] getaddrinfo failed>); retrying in 5s
[07-31 16:15:50] claim failed (<urlopen error [Errno 11001] getaddrinfo failed>); retrying in 5s
[07-31 16:15:55] claim failed (<urlopen error [Errno 11001] getaddrinfo failed>); retrying in 5s
[07-31 16:16:00] claim failed (<urlopen error [Errno 11001] getaddrinfo failed>); retrying in 5s
[07-31 16:16:05] claim failed (<urlopen error [Errno 11001] getaddrinfo failed>); retrying in 5s
[07-31 16:16:10] claim failed (<urlopen error [Errno 11001] getaddrinfo failed>); retrying in 5s
[07-31 16:16:15] claim failed (<urlopen error [Errno 11001] getaddrinfo failed>); retrying in 5s
[07-31 16:16:21] claim failed (<urlopen error [Errno 11001] getaddrinfo failed>); retrying in 5s
[07-31 16:16:26] claim failed (<urlopen error [Errno 11001] getaddrinfo failed>); retrying in 5s
[07-31 16:16:31] claim failed (<urlopen error [Errno 11001] getaddrinfo failed>); retrying in 5s
[07-31 16:16:36] claim failed (<urlopen error [Errno 11001] getaddrinfo failed>); retrying in 5s
[07-31 16:16:41] claim failed (<urlopen error [Errno 11001] getaddrinfo failed>); retrying in 5s
[07-31 16:16:46] claim failed (<urlopen error [Errno 11001] getaddrinfo failed>); retrying in 5s
[07-31 16:16:51] claim failed (<urlopen error [Errno 11001] getaddrinfo failed>); retrying in 5s
[07-31 16:16:57] claim failed (<urlopen error [Errno 11001] getaddrinfo failed>); retrying in 5s
[07-31 16:17:02] claim failed (<urlopen error [Errno 11001] getaddrinfo failed>); retrying in 5s
[07-31 16:17:07] claim failed (<urlopen error [Errno 11001] getaddrinfo failed>); retrying in 5s
[07-31 16:17:12] claim failed (<urlopen error [Errno 11001] getaddrinfo failed>); retrying in 5s
[07-31 16:17:17] claim failed (<urlopen error [Errno 11001] getaddrinfo failed>); retrying in 5s
[07-31 16:17:22] claim failed (<urlopen error [Errno 11001] getaddrinfo failed>); retrying in 5s
[07-31 16:17:27] claim failed (<urlopen error [Errno 11001] getaddrinfo failed>); retrying in 5s
[07-31 16:17:33] claim failed (<urlopen error [Errno 11001] getaddrinfo failed>); retrying in 5s
[07-31 16:17:38] claim failed (<urlopen error [Errno 11001] getaddrinfo failed>); retrying in 5s
[07-31 16:17:43] claim failed (<urlopen error [Errno 11001] getaddrinfo failed>); retrying in 5s
[07-31 16:17:48] claim failed (<urlopen error [Errno 11001] getaddrinfo failed>); retrying in 5s
[07-31 16:17:53] claim failed (<urlopen error [Errno 11001] getaddrinfo failed>); retrying in 5s
[07-31 16:17:58] claim failed (<urlopen error [Errno 11001] getaddrinfo failed>); retrying in 5s
[07-31 16:18:03] claim failed (<urlopen error [Errno 11001] getaddrinfo failed>); retrying in 5s
[07-31 16:18:08] claim failed (<urlopen error [Errno 11001] getaddrinfo failed>); retrying in 5s
[07-31 16:18:14] claim failed (<urlopen error [Errno 11001] getaddrinfo failed>); retrying in 5s
[07-31 16:18:19] claim failed (<urlopen error [Errno 11001] getaddrinfo failed>); retrying in 5s
[07-31 16:18:24] claim failed (<urlopen error [Errno 11001] getaddrinfo failed>); retrying in 5s
[07-31 16:18:29] claim failed (<urlopen error [Errno 11001] getaddrinfo failed>); retrying in 5s
[07-31 16:18:34] claim failed (<urlopen error [Errno 11001] getaddrinfo failed>); retrying in 5s
[07-31 16:18:39] claim failed (<urlopen error [Errno 11001] getaddrinfo failed>); retrying in 5s
[07-31 16:18:44] claim failed (<urlopen error [Errno 11001] getaddrinfo failed>); retrying in 5s
[07-31 16:18:50] claim failed (<urlopen error [Errno 11001] getaddrinfo failed>); retrying in 5s
[07-31 16:18:55] claim failed (<urlopen error [Errno 11001] getaddrinfo failed>); retrying in 5s
[07-31 16:19:00] claim failed (<urlopen error [Errno 11001] getaddrinfo failed>); retrying in 5s
[07-31 16:19:05] claim failed (<urlopen error [Errno 11001] getaddrinfo failed>); retrying in 5s
[07-31 16:19:10] claim failed (<urlopen error [Errno 11001] getaddrinfo failed>); retrying in 5s
[07-31 16:19:15] claim failed (<urlopen error [Errno 11001] getaddrinfo failed>); retrying in 5s
[07-31 16:19:20] claim failed (<urlopen error [Errno 11001] getaddrinfo failed>); retrying in 5s
[07-31 16:19:26] claim failed (<urlopen error [Errno 11001] getaddrinfo failed>); retrying in 5s
[07-31 16:19:31] claim failed (<urlopen error [Errno 11001] getaddrinfo failed>); retrying in 5s
[07-31 16:19:36] claim failed (<urlopen error [Errno 11001] getaddrinfo failed>); retrying in 5s
[07-31 16:19:41] claim failed (<urlopen error [Errno 11001] getaddrinfo failed>); retrying in 5s
[07-31 16:19:46] claim failed (<urlopen error [Errno 11001] getaddrinfo failed>); retrying in 5s
[07-31 16:19:51] claim failed (<urlopen error [Errno 11001] getaddrinfo failed>); retrying in 5s
[07-31 16:19:56] claim failed (<urlopen error [Errno 11001] getaddrinfo failed>); retrying in 5s
[07-31 16:20:01] claim failed (<urlopen error [Errno 11001] getaddrinfo failed>); retrying in 5s
[07-31 16:20:07] claim failed (<urlopen error [Errno 11001] getaddrinfo failed>); retrying in 5s
[07-31 16:20:12] claim failed (<urlopen error [Errno 11001] getaddrinfo failed>); retrying in 5s
[07-31 16:20:17] claim failed (<urlopen error [Errno 11001] getaddrinfo failed>); retrying in 5s
[07-31 16:20:22] claim failed (<urlopen error [Errno 11001] getaddrinfo failed>); retrying in 5s
[07-31 16:20:27] claim failed (<urlopen error [Errno 11001] getaddrinfo failed>); retrying in 5s
[07-31 16:20:32] claim failed (<urlopen error [Errno 11001] getaddrinfo failed>); retrying in 5s
[07-31 16:20:37] claim failed (<urlopen error [Errno 11001] getaddrinfo failed>); retrying in 5s
[07-31 16:20:43] claim failed (<urlopen error [Errno 11001] getaddrinfo failed>); retrying in 5s
[07-31 16:20:48] claim failed (<urlopen error [Errno 11001] getaddrinfo failed>); retrying in 5s
[07-31 16:20:53] claim failed (<urlopen error [Errno 11001] getaddrinfo failed>); retrying in 5s
[07-31 16:20:58] claim failed (<urlopen error [Errno 11001] getaddrinfo failed>); retrying in 5s
[07-31 16:21:03] claim failed (<urlopen error [Errno 11001] getaddrinfo failed>); retrying in 5s
[07-31 16:21:08] claim failed (<urlopen error [Errno 11001] getaddrinfo failed>); retrying in 5s
[07-31 16:21:13] claim failed (<urlopen error [Errno 11001] getaddrinfo failed>); retrying in 5s
[07-31 16:21:19] claim failed (<urlopen error [Errno 11001] getaddrinfo failed>); retrying in 5s
[07-31 16:21:24] claim failed (<urlopen error [Errno 11001] getaddrinfo failed>); retrying in 5s
[07-31 16:21:29] claim failed (<urlopen error [Errno 11001] getaddrinfo failed>); retrying in 5s
[07-31 16:21:34] claim failed (<urlopen error [Errno 11001] getaddrinfo failed>); retrying in 5s
[07-31 16:21:39] claim failed (<urlopen error [Errno 11001] getaddrinfo failed>); retrying in 5s
[07-31 16:21:44] claim failed (<urlopen error [Errno 11001] getaddrinfo failed>); retrying in 5s
[07-31 16:21:49] claim failed (<urlopen error [Errno 11001] getaddrinfo failed>); retrying in 5s
[07-31 16:21:55] claim failed (<urlopen error [Errno 11001] getaddrinfo failed>); retrying in 5s
[07-31 16:22:00] claim failed (<urlopen error [Errno 11001] getaddrinfo failed>); retrying in 5s
[07-31 16:22:05] claim failed (<urlopen error [Errno 11001] getaddrinfo failed>); retrying in 5s
[07-31 16:22:10] claim failed (<urlopen error [Errno 11001] getaddrinfo failed>); retrying in 5s
[07-31 16:22:15] claim failed (<urlopen error [Errno 11001] getaddrinfo failed>); retrying in 5s
[07-31 16:22:20] claim failed (<urlopen error [Errno 11001] getaddrinfo failed>); retrying in 5s
[07-31 16:22:25] claim failed (<urlopen error [Errno 11001] getaddrinfo failed>); retrying in 5s
[07-31 16:22:30] claim failed (<urlopen error [Errno 11001] getaddrinfo failed>); retrying in 5s
[07-31 16:22:36] claim failed (<urlopen error [Errno 11001] getaddrinfo failed>); retrying in 5s
[07-31 16:22:41] claim failed (<urlopen error [Errno 11001] getaddrinfo failed>); retrying in 5s
[07-31 16:22:46] claim failed (<urlopen error [Errno 11001] getaddrinfo failed>); retrying in 5s
[07-31 16:22:51] claim failed (<urlopen error [Errno 11001] getaddrinfo failed>); retrying in 5s
[07-31 16:22:56] claim failed (<urlopen error [Errno 11001] getaddrinfo failed>); retrying in 5s
[07-31 16:23:01] claim failed (<urlopen error [Errno 11001] getaddrinfo failed>); retrying in 5s
[07-31 16:23:06] claim failed (<urlopen error [Errno 11001] getaddrinfo failed>); retrying in 5s
[07-31 16:23:12] claim failed (<urlopen error [Errno 11001] getaddrinfo failed>); retrying in 5s
[07-31 16:23:17] claim failed (<urlopen error [Errno 11001] getaddrinfo failed>); retrying in 5s
[07-31 16:23:22] claim failed (<urlopen error [Errno 11001] getaddrinfo failed>); retrying in 5s
[07-31 16:23:27] claim failed (<urlopen error [Errno 11001] getaddrinfo failed>); retrying in 5s
[07-31 16:23:32] claim failed (<urlopen error [Errno 11001] getaddrinfo failed>); retrying in 5s
[07-31 16:23:37] claim failed (<urlopen error [Errno 11001] getaddrinfo failed>); retrying in 5s
[07-31 16:23:42] claim failed (<urlopen error [Errno 11001] getaddrinfo failed>); retrying in 5s
[07-31 16:23:48] claim failed (<urlopen error [Errno 11001] getaddrinfo failed>); retrying in 5s
[07-31 16:23:53] claim failed (<urlopen error [Errno 11001] getaddrinfo failed>); retrying in 5s
[07-31 16:23:58] claim failed (<urlopen error [Errno 11001] getaddrinfo failed>); retrying in 5s
[07-31 16:24:03] claim failed (<urlopen error [Errno 11001] getaddrinfo failed>); retrying in 5s
[07-31 16:24:08] claim failed (<urlopen error [Errno 11001] getaddrinfo failed>); retrying in 5s
[07-31 16:24:13] claim failed (<urlopen error [Errno 11001] getaddrinfo failed>); retrying in 5s
[07-31 16:24:18] claim failed (<urlopen error [Errno 11001] getaddrinfo failed>); retrying in 5s
[07-31 16:24:24] claim failed (<urlopen error [Errno 11001] getaddrinfo failed>); retrying in 5s
[07-31 16:24:29] claim failed (<urlopen error [Errno 11001] getaddrinfo failed>); retrying in 5s
[07-31 16:24:34] claim failed (<urlopen error [Errno 11001] getaddrinfo failed>); retrying in 5s
[07-31 16:24:39] claim failed (<urlopen error [Errno 11001] getaddrinfo failed>); retrying in 5s
[07-31 16:24:44] claim failed (<urlopen error [Errno 11001] getaddrinfo failed>); retrying in 5s
[07-31 16:24:49] claim failed (<urlopen error [Errno 11001] getaddrinfo failed>); retrying in 5s
[07-31 16:24:54] claim failed (<urlopen error [Errno 11001] getaddrinfo failed>); retrying in 5s
[07-31 16:25:00] claim failed (<urlopen error [Errno 11001] getaddrinfo failed>); retrying in 5s
[07-31 16:25:05] claim failed (<urlopen error [Errno 11001] getaddrinfo failed>); retrying in 5s
[07-31 16:25:10] claim failed (<urlopen error [Errno 11001] getaddrinfo failed>); retrying in 5s
[07-31 16:25:15] claim failed (<urlopen error [Errno 11001] getaddrinfo failed>); retrying in 5s
[07-31 16:25:20] claim failed (<urlopen error [Errno 11001] getaddrinfo failed>); retrying in 5s
[07-31 16:25:25] claim failed (<urlopen error [Errno 11001] getaddrinfo failed>); retrying in 5s
[07-31 16:25:30] claim failed (<urlopen error [Errno 11001] getaddrinfo failed>); retrying in 5s
[07-31 16:25:35] claim failed (<urlopen error [Errno 11001] getaddrinfo failed>); retrying in 5s
[07-31 16:25:41] claim failed (<urlopen error [Errno 11001] getaddrinfo failed>); retrying in 5s
[07-31 16:25:46] claim failed (<urlopen error [Errno 11001] getaddrinfo failed>); retrying in 5s
[07-31 16:25:51] claim failed (<urlopen error [Errno 11001] getaddrinfo failed>); retrying in 5s
[07-31 16:25:56] claim failed (<urlopen error [Errno 11001] getaddrinfo failed>); retrying in 5s
[07-31 16:26:01] claim failed (<urlopen error [Errno 11001] getaddrinfo failed>); retrying in 5s
[07-31 16:26:06] claim failed (<urlopen error [Errno 11001] getaddrinfo failed>); retrying in 5s
[07-31 16:26:11] claim failed (<urlopen error [Errno 11001] getaddrinfo failed>); retrying in 5s
[07-31 16:26:17] claim failed (<urlopen error [Errno 11001] getaddrinfo failed>); retrying in 5s
[07-31 16:26:22] claim failed (<urlopen error [Errno 11001] getaddrinfo failed>); retrying in 5s
[07-31 16:26:27] claim failed (<urlopen error [Errno 11001] getaddrinfo failed>); retrying in 5s
[07-31 16:26:32] claim failed (<urlopen error [Errno 11001] getaddrinfo failed>); retrying in 5s
[07-31 16:26:37] claim failed (<urlopen error [Errno 11001] getaddrinfo failed>); retrying in 5s
[07-31 16:26:42] claim failed (<urlopen error [Errno 11001] getaddrinfo failed>); retrying in 5s
[07-31 16:26:47] claim failed (<urlopen error [Errno 11001] getaddrinfo failed>); retrying in 5s
[07-31 16:26:53] claim failed (<urlopen error [Errno 11001] getaddrinfo failed>); retrying in 5s
[07-31 16:26:58] claim failed (<urlopen error [Errno 11001] getaddrinfo failed>); retrying in 5s
[07-31 16:27:03] claim failed (<urlopen error [Errno 11001] getaddrinfo failed>); retrying in 5s
[07-31 16:27:08] claim failed (<urlopen error [Errno 11001] getaddrinfo failed>); retrying in 5s
[07-31 16:27:13] claim failed (<urlopen error [Errno 11001] getaddrinfo failed>); retrying in 5s
[07-31 16:27:18] claim failed (<urlopen error [Errno 11001] getaddrinfo failed>); retrying in 5s
[07-31 16:27:23] claim failed (<urlopen error [Errno 11001] getaddrinfo failed>); retrying in 5s
[07-31 16:27:29] claim failed (<urlopen error [Errno 11001] getaddrinfo failed>); retrying in 5s
[07-31 16:27:34] claim failed (<urlopen error [Errno 11001] getaddrinfo failed>); retrying in 5s
[07-31 16:27:39] claim failed (<urlopen error [Errno 11001] getaddrinfo failed>); retrying in 5s
[07-31 16:27:44] claim failed (<urlopen error [Errno 11001] getaddrinfo failed>); retrying in 5s
[07-31 16:27:49] claim failed (<urlopen error [Errno 11001] getaddrinfo failed>); retrying in 5s
[07-31 16:27:54] claim failed (<urlopen error [Errno 11001] getaddrinfo failed>); retrying in 5s
[07-31 16:27:59] claim failed (<urlopen error [Errno 11001] getaddrinfo failed>); retrying in 5s
[07-31 16:28:04] claim failed (<urlopen error [Errno 11001] getaddrinfo failed>); retrying in 5s
[07-31 16:28:10] claim failed (<urlopen error [Errno 11001] getaddrinfo failed>); retrying in 5s
[07-31 16:28:15] claim failed (<urlopen error [Errno 11001] getaddrinfo failed>); retrying in 5s
[07-31 16:28:20] claim failed (<urlopen error [Errno 11001] getaddrinfo failed>); retrying in 5s
[07-31 16:28:25] claim failed (<urlopen error [Errno 11001] getaddrinfo failed>); retrying in 5s
[07-31 16:28:30] claim failed (<urlopen error [Errno 11001] getaddrinfo failed>); retrying in 5s
[07-31 16:28:35] claim failed (<urlopen error [Errno 11001] getaddrinfo failed>); retrying in 5s
[07-31 16:28:40] claim failed (<urlopen error [Errno 11001] getaddrinfo failed>); retrying in 5s
[07-31 16:28:46] claim failed (<urlopen error [Errno 11001] getaddrinfo failed>); retrying in 5s
[07-31 16:28:51] claim failed (<urlopen error [Errno 11001] getaddrinfo failed>); retrying in 5s
[07-31 16:28:56] claim failed (<urlopen error [Errno 11001] getaddrinfo failed>); retrying in 5s
[07-31 16:29:01] claim failed (<urlopen error [Errno 11001] getaddrinfo failed>); retrying in 5s
[07-31 16:29:06] claim failed (<urlopen error [Errno 11001] getaddrinfo failed>); retrying in 5s
[07-31 16:29:11] claim failed (<urlopen error [Errno 11001] getaddrinfo failed>); retrying in 5s
[07-31 16:29:16] claim failed (<urlopen error [Errno 11001] getaddrinfo failed>); retrying in 5s
[07-31 16:29:22] claim failed (<urlopen error [Errno 11001] getaddrinfo failed>); retrying in 5s
[07-31 16:29:27] claim failed (<urlopen error [Errno 11001] getaddrinfo failed>); retrying in 5s
[07-31 16:29:32] claim failed (<urlopen error [Errno 11001] getaddrinfo failed>); retrying in 5s
[07-31 16:29:37] claim failed (<urlopen error [Errno 11001] getaddrinfo failed>); retrying in 5s
[07-31 16:29:42] claim failed (<urlopen error [Errno 11001] getaddrinfo failed>); retrying in 5s
[07-31 16:29:47] claim failed (<urlopen error [Errno 11001] getaddrinfo failed>); retrying in 5s
[07-31 16:29:52] claim failed (<urlopen error [Errno 11001] getaddrinfo failed>); retrying in 5s
[07-31 16:29:58] claim failed (<urlopen error [Errno 11001] getaddrinfo failed>); retrying in 5s
[07-31 16:30:03] claim failed (<urlopen error [Errno 11001] getaddrinfo failed>); retrying in 5s
[07-31 16:30:08] claim failed (<urlopen error [Errno 11001] getaddrinfo failed>); retrying in 5s
[07-31 16:30:13] claim failed (<urlopen error [Errno 11001] getaddrinfo failed>); retrying in 5s
[07-31 16:30:18] claim failed (<urlopen error [Errno 11001] getaddrinfo failed>); retrying in 5s
[07-31 16:30:23] claim failed (<urlopen error [Errno 11001] getaddrinfo failed>); retrying in 5s
[07-31 16:30:28] claim failed (<urlopen error [Errno 11001] getaddrinfo failed>); retrying in 5s
[07-31 16:30:34] claim failed (<urlopen error [Errno 11001] getaddrinfo failed>); retrying in 5s
[07-31 16:30:39] claim failed (<urlopen error [Errno 11001] getaddrinfo failed>); retrying in 5s
[07-31 16:30:44] claim failed (<urlopen error [Errno 11001] getaddrinfo failed>); retrying in 5s
[07-31 16:30:49] claim failed (<urlopen error [Errno 11001] getaddrinfo failed>); retrying in 5s
[07-31 16:30:54] claim failed (<urlopen error [Errno 11001] getaddrinfo failed>); retrying in 5s
[07-31 16:30:59] claim failed (<urlopen error [Errno 11001] getaddrinfo failed>); retrying in 5s
[07-31 16:31:04] claim failed (<urlopen error [Errno 11001] getaddrinfo failed>); retrying in 5s
[07-31 16:31:09] claim failed (<urlopen error [Errno 11001] getaddrinfo failed>); retrying in 5s
[07-31 16:31:15] claim failed (<urlopen error [Errno 11001] getaddrinfo failed>); retrying in 5s
[07-31 16:31:20] claim failed (<urlopen error [Errno 11001] getaddrinfo failed>); retrying in 5s
[07-31 16:31:25] claim failed (<urlopen error [Errno 11001] getaddrinfo failed>); retrying in 5s
[07-31 16:31:30] claim failed (<urlopen error [Errno 11001] getaddrinfo failed>); retrying in 5s
[07-31 16:31:35] claim failed (<urlopen error [Errno 11001] getaddrinfo failed>); retrying in 5s
[07-31 16:31:40] claim failed (<urlopen error [Errno 11001] getaddrinfo failed>); retrying in 5s
[07-31 16:31:45] claim failed (<urlopen error [Errno 11001] getaddrinfo failed>); retrying in 5s
[07-31 16:31:51] claim failed (<urlopen error [Errno 11001] getaddrinfo failed>); retrying in 5s
[07-31 16:31:56] claim failed (<urlopen error [Errno 11001] getaddrinfo failed>); retrying in 5s
[07-31 16:32:01] claim failed (<urlopen error [Errno 11001] getaddrinfo failed>); retrying in 5s
[07-31 16:32:06] claim failed (<urlopen error [Errno 11001] getaddrinfo failed>); retrying in 5s
[07-31 16:32:11] claim failed (<urlopen error [Errno 11001] getaddrinfo failed>); retrying in 5s
[07-31 16:32:16] claim failed (<urlopen error [Errno 11001] getaddrinfo failed>); retrying in 5s
[07-31 16:32:21] claim failed (<urlopen error [Errno 11001] getaddrinfo failed>); retrying in 5s
[07-31 16:32:27] claim failed (<urlopen error [Errno 11001] getaddrinfo failed>); retrying in 5s
[07-31 16:32:32] claim failed (<urlopen error [Errno 11001] getaddrinfo failed>); retrying in 5s
[07-31 16:32:37] claim failed (<urlopen error [Errno 11001] getaddrinfo failed>); retrying in 5s
[07-31 16:32:42] claim failed (<urlopen error [Errno 11001] getaddrinfo failed>); retrying in 5s
[07-31 16:32:47] claim failed (<urlopen error [Errno 11001] getaddrinfo failed>); retrying in 5s
[07-31 16:32:52] claim failed (<urlopen error [Errno 11001] getaddrinfo failed>); retrying in 5s
[07-31 16:32:57] claim failed (<urlopen error [Errno 11001] getaddrinfo failed>); retrying in 5s
[07-31 16:33:02] claim failed (<urlopen error [Errno 11001] getaddrinfo failed>); retrying in 5s
[07-31 16:33:08] claim failed (<urlopen error [Errno 11001] getaddrinfo failed>); retrying in 5s
[07-31 16:33:13] claim failed (<urlopen error [Errno 11001] getaddrinfo failed>); retrying in 5s
[07-31 16:33:18] claim failed (<urlopen error [Errno 11001] getaddrinfo failed>); retrying in 5s
[07-31 16:33:23] claim failed (<urlopen error [Errno 11001] getaddrinfo failed>); retrying in 5s
[07-31 16:33:28] claim failed (<urlopen error [Errno 11001] getaddrinfo failed>); retrying in 5s
[07-31 16:33:33] claim failed (<urlopen error [Errno 11001] getaddrinfo failed>); retrying in 5s
[07-31 16:33:38] claim failed (<urlopen error [Errno 11001] getaddrinfo failed>); retrying in 5s
[07-31 16:33:44] claim failed (<urlopen error [Errno 11001] getaddrinfo failed>); retrying in 5s
[07-31 16:33:49] claim failed (<urlopen error [Errno 11001] getaddrinfo failed>); retrying in 5s
[07-31 16:33:54] claim failed (<urlopen error [Errno 11001] getaddrinfo failed>); retrying in 5s
[07-31 16:33:59] claim failed (<urlopen error [Errno 11001] getaddrinfo failed>); retrying in 5s
[07-31 16:34:04] claim failed (<urlopen error [Errno 11001] getaddrinfo failed>); retrying in 5s
[07-31 16:34:09] claim failed (<urlopen error [Errno 11001] getaddrinfo failed>); retrying in 5s
[07-31 16:34:14] claim failed (<urlopen error [Errno 11001] getaddrinfo failed>); retrying in 5s
[07-31 16:34:20] claim failed (<urlopen error [Errno 11001] getaddrinfo failed>); retrying in 5s
[07-31 16:34:25] claim failed (<urlopen error [Errno 11001] getaddrinfo failed>); retrying in 5s
[07-31 16:34:30] claim failed (<urlopen error [Errno 11001] getaddrinfo failed>); retrying in 5s
[07-31 16:34:35] claim failed (<urlopen error [Errno 11001] getaddrinfo failed>); retrying in 5s
[07-31 16:34:40] claim failed (<urlopen error [Errno 11001] getaddrinfo failed>); retrying in 5s
[07-31 16:34:45] claim failed (<urlopen error [Errno 11001] getaddrinfo failed>); retrying in 5s
[07-31 16:34:50] claim failed (<urlopen error [Errno 11001] getaddrinfo failed>); retrying in 5s
[07-31 16:34:56] claim failed (<urlopen error [Errno 11001] getaddrinfo failed>); retrying in 5s
[07-31 16:35:01] claim failed (<urlopen error [Errno 11001] getaddrinfo failed>); retrying in 5s
[07-31 16:35:06] claim failed (<urlopen error [Errno 11001] getaddrinfo failed>); retrying in 5s
[07-31 16:35:11] claim failed (<urlopen error [Errno 11001] getaddrinfo failed>); retrying in 5s
[07-31 16:35:16] claim failed (<urlopen error [Errno 11001] getaddrinfo failed>); retrying in 5s
[07-31 16:35:21] claim failed (<urlopen error [Errno 11001] getaddrinfo failed>); retrying in 5s
[07-31 16:35:26] claim failed (<urlopen error [Errno 11001] getaddrinfo failed>); retrying in 5s
[07-31 16:35:31] claim failed (<urlopen error [Errno 11001] getaddrinfo failed>); retrying in 5s
[07-31 16:35:37] claim failed (<urlopen error [Errno 11001] getaddrinfo failed>); retrying in 5s
[07-31 16:35:42] claim failed (<urlopen error [Errno 11001] getaddrinfo failed>); retrying in 5s
[07-31 16:35:47] claim failed (<urlopen error [Errno 11001] getaddrinfo failed>); retrying in 5s
[07-31 16:35:52] claim failed (<urlopen error [Errno 11001] getaddrinfo failed>); retrying in 5s
[07-31 16:35:57] claim failed (<urlopen error [Errno 11001] getaddrinfo failed>); retrying in 5s
[07-31 16:36:02] claim failed (<urlopen error [Errno 11001] getaddrinfo failed>); retrying in 5s
[07-31 16:36:07] claim failed (<urlopen error [Errno 11001] getaddrinfo failed>); retrying in 5s
[07-31 16:36:13] claim failed (<urlopen error [Errno 11001] getaddrinfo failed>); retrying in 5s
[07-31 16:36:18] claim failed (<urlopen error [Errno 11001] getaddrinfo failed>); retrying in 5s
[07-31 16:36:23] claim failed (<urlopen error [Errno 11001] getaddrinfo failed>); retrying in 5s
[07-31 16:36:28] claim failed (<urlopen error [Errno 11001] getaddrinfo failed>); retrying in 5s
[07-31 16:36:33] claim failed (<urlopen error [Errno 11001] getaddrinfo failed>); retrying in 5s
[07-31 16:36:38] claim failed (<urlopen error [Errno 11001] getaddrinfo failed>); retrying in 5s
[07-31 16:36:43] claim failed (<urlopen error [Errno 11001] getaddrinfo failed>); retrying in 5s
[07-31 16:36:49] claim failed (<urlopen error [Errno 11001] getaddrinfo failed>); retrying in 5s
[07-31 16:36:54] claim failed (<urlopen error [Errno 11001] getaddrinfo failed>); retrying in 5s
[07-31 16:36:59] claim failed (<urlopen error [Errno 11001] getaddrinfo failed>); retrying in 5s
[07-31 16:37:04] claim failed (<urlopen error [Errno 11001] getaddrinfo failed>); retrying in 5s
[07-31 16:37:09] claim failed (<urlopen error [Errno 11001] getaddrinfo failed>); retrying in 5s
[07-31 16:37:14] claim failed (<urlopen error [Errno 11001] getaddrinfo failed>); retrying in 5s
[07-31 16:37:19] claim failed (<urlopen error [Errno 11001] getaddrinfo failed>); retrying in 5s
[07-31 16:37:25] claim failed (<urlopen error [Errno 11001] getaddrinfo failed>); retrying in 5s
[07-31 16:37:30] claim failed (<urlopen error [Errno 11001] getaddrinfo failed>); retrying in 5s
[07-31 16:37:35] claim failed (<urlopen error [Errno 11001] getaddrinfo failed>); retrying in 5s
[07-31 16:37:40] claim failed (<urlopen error [Errno 11001] getaddrinfo failed>); retrying in 5s
[07-31 16:37:45] claim failed (<urlopen error [Errno 11001] getaddrinfo failed>); retrying in 5s
[07-31 16:37:50] claim failed (<urlopen error [Errno 11001] getaddrinfo failed>); retrying in 5s
[07-31 16:37:55] claim failed (<urlopen error [Errno 11001] getaddrinfo failed>); retrying in 5s
[07-31 16:38:01] claim failed (<urlopen error [Errno 11001] getaddrinfo failed>); retrying in 5s
[07-31 16:38:06] claim failed (<urlopen error [Errno 11001] getaddrinfo failed>); retrying in 5s
[07-31 16:38:11] claim failed (<urlopen error [Errno 11001] getaddrinfo failed>); retrying in 5s
[07-31 16:38:16] claim failed (<urlopen error [Errno 11001] getaddrinfo failed>); retrying in 5s
[07-31 16:38:21] claim failed (<urlopen error [Errno 11001] getaddrinfo failed>); retrying in 5s
[07-31 16:38:26] claim failed (<urlopen error [Errno 11001] getaddrinfo failed>); retrying in 5s
[07-31 16:38:31] claim failed (<urlopen error [Errno 11001] getaddrinfo failed>); retrying in 5s
[07-31 16:38:36] claim failed (<urlopen error [Errno 11001] getaddrinfo failed>); retrying in 5s
[07-31 16:38:42] claim failed (<urlopen error [Errno 11001] getaddrinfo failed>); retrying in 5s
[07-31 16:38:47] claim failed (<urlopen error [Errno 11001] getaddrinfo failed>); retrying in 5s
[07-31 16:38:52] claim failed (<urlopen error [Errno 11001] getaddrinfo failed>); retrying in 5s
[07-31 16:38:57] claim failed (<urlopen error [Errno 11001] getaddrinfo failed>); retrying in 5s
[07-31 16:39:02] claim failed (<urlopen error [Errno 11001] getaddrinfo failed>); retrying in 5s
[07-31 16:39:07] claim failed (<urlopen error [Errno 11001] getaddrinfo failed>); retrying in 5s
[07-31 16:39:12] claim failed (<urlopen error [Errno 11001] getaddrinfo failed>); retrying in 5s
[07-31 16:39:18] claim failed (<urlopen error [Errno 11001] getaddrinfo failed>); retrying in 5s
[07-31 16:39:23] claim failed (<urlopen error [Errno 11001] getaddrinfo failed>); retrying in 5s
[07-31 16:39:28] claim failed (<urlopen error [Errno 11001] getaddrinfo failed>); retrying in 5s
[07-31 16:39:33] claim failed (<urlopen error [Errno 11001] getaddrinfo failed>); retrying in 5s
[07-31 16:39:38] claim failed (<urlopen error [Errno 11001] getaddrinfo failed>); retrying in 5s
[07-31 16:39:43] claim failed (<urlopen error [Errno 11001] getaddrinfo failed>); retrying in 5s
[07-31 16:39:48] claim failed (<urlopen error [Errno 11001] getaddrinfo failed>); retrying in 5s
[07-31 16:39:54] claim failed (<urlopen error [Errno 11001] getaddrinfo failed>); retrying in 5s
[07-31 16:39:59] claim failed (<urlopen error [Errno 11001] getaddrinfo failed>); retrying in 5s
[07-31 16:40:04] claim failed (<urlopen error [Errno 11001] getaddrinfo failed>); retrying in 5s
[07-31 16:40:09] claim failed (<urlopen error [Errno 11001] getaddrinfo failed>); retrying in 5s
[07-31 16:40:14] claim failed (<urlopen error [Errno 11001] getaddrinfo failed>); retrying in 5s
[07-31 16:40:19] claim failed (<urlopen error [Errno 11001] getaddrinfo failed>); retrying in 5s
[07-31 16:40:24] claim failed (<urlopen error [Errno 11001] getaddrinfo failed>); retrying in 5s
[07-31 16:40:30] claim failed (<urlopen error [Errno 11001] getaddrinfo failed>); retrying in 5s
[07-31 16:40:35] claim failed (<urlopen error [Errno 11001] getaddrinfo failed>); retrying in 5s
[07-31 16:40:40] claim failed (<urlopen error [Errno 11001] getaddrinfo failed>); retrying in 5s
[07-31 16:40:45] claim failed (<urlopen error [Errno 11001] getaddrinfo failed>); retrying in 5s
[07-31 16:40:50] claim failed (<urlopen error [Errno 11001] getaddrinfo failed>); retrying in 5s
[07-31 16:40:55] claim failed (<urlopen error [Errno 11001] getaddrinfo failed>); retrying in 5s
[07-31 16:41:00] claim failed (<urlopen error [Errno 11001] getaddrinfo failed>); retrying in 5s
[07-31 16:41:05] claim failed (<urlopen error [Errno 11001] getaddrinfo failed>); retrying in 5s
[07-31 16:41:11] claim failed (<urlopen error [Errno 11001] getaddrinfo failed>); retrying in 5s
[07-31 16:41:16] claim failed (<urlopen error [Errno 11001] getaddrinfo failed>); retrying in 5s
[07-31 16:41:21] claim failed (<urlopen error [Errno 11001] getaddrinfo failed>); retrying in 5s
[07-31 16:41:26] claim failed (<urlopen error [Errno 11001] getaddrinfo failed>); retrying in 5s
[07-31 16:41:31] claim failed (<urlopen error [Errno 11001] getaddrinfo failed>); retrying in 5s
[07-31 16:41:36] claim failed (<urlopen error [Errno 11001] getaddrinfo failed>); retrying in 5s
[07-31 16:41:41] claim failed (<urlopen error [Errno 11001] getaddrinfo failed>); retrying in 5s
[07-31 16:41:47] claim failed (<urlopen error [Errno 11001] getaddrinfo failed>); retrying in 5s
[07-31 16:41:52] claim failed (<urlopen error [Errno 11001] getaddrinfo failed>); retrying in 5s
[07-31 16:41:57] claim failed (<urlopen error [Errno 11001] getaddrinfo failed>); retrying in 5s
[07-31 16:42:02] claim failed (<urlopen error [Errno 11001] getaddrinfo failed>); retrying in 5s
[07-31 16:42:07] claim failed (<urlopen error [Errno 11001] getaddrinfo failed>); retrying in 5s
[07-31 16:42:12] claim failed (<urlopen error [Errno 11001] getaddrinfo failed>); retrying in 5s
[07-31 16:42:17] claim failed (<urlopen error [Errno 11001] getaddrinfo failed>); retrying in 5s
[07-31 16:42:23] claim failed (<urlopen error [Errno 11001] getaddrinfo failed>); retrying in 5s
[07-31 16:42:28] claim failed (<urlopen error [Errno 11001] getaddrinfo failed>); retrying in 5s
[07-31 16:42:33] claim failed (<urlopen error [Errno 11001] getaddrinfo failed>); retrying in 5s
[07-31 16:42:38] claim failed (<urlopen error [Errno 11001] getaddrinfo failed>); retrying in 5s
[07-31 16:42:43] claim failed (<urlopen error [Errno 11001] getaddrinfo failed>); retrying in 5s
[07-31 16:42:48] claim failed (<urlopen error [Errno 11001] getaddrinfo failed>); retrying in 5s
[07-31 16:42:53] claim failed (<urlopen error [Errno 11001] getaddrinfo failed>); retrying in 5s
[07-31 16:42:59] claim failed (<urlopen error [Errno 11001] getaddrinfo failed>); retrying in 5s
[07-31 16:43:04] claim failed (<urlopen error [Errno 11001] getaddrinfo failed>); retrying in 5s
[07-31 16:43:09] claim failed (<urlopen error [Errno 11001] getaddrinfo failed>); retrying in 5s
[07-31 16:43:14] claim failed (<urlopen error [Errno 11001] getaddrinfo failed>); retrying in 5s
[07-31 16:43:19] claim failed (<urlopen error [Errno 11001] getaddrinfo failed>); retrying in 5s
[07-31 16:43:24] claim failed (<urlopen error [Errno 11001] getaddrinfo failed>); retrying in 5s
[07-31 16:43:29] claim failed (<urlopen error [Errno 11001] getaddrinfo failed>); retrying in 5s
[07-31 16:43:34] claim failed (<urlopen error [Errno 11001] getaddrinfo failed>); retrying in 5s
[07-31 16:43:40] claim failed (<urlopen error [Errno 11001] getaddrinfo failed>); retrying in 5s
[07-31 16:43:45] claim failed (<urlopen error [Errno 11001] getaddrinfo failed>); retrying in 5s
[07-31 16:43:50] claim failed (<urlopen error [Errno 11001] getaddrinfo failed>); retrying in 5s
[07-31 16:43:55] claim failed (<urlopen error [Errno 11001] getaddrinfo failed>); retrying in 5s
[07-31 16:44:00] claim failed (<urlopen error [Errno 11001] getaddrinfo failed>); retrying in 5s
[07-31 16:44:05] claim failed (<urlopen error [Errno 11001] getaddrinfo failed>); retrying in 5s
[07-31 16:44:10] claim failed (<urlopen error [Errno 11001] getaddrinfo failed>); retrying in 5s
[07-31 16:44:16] claim failed (<urlopen error [Errno 11001] getaddrinfo failed>); retrying in 5s
[07-31 16:44:21] claim failed (<urlopen error [Errno 11001] getaddrinfo failed>); retrying in 5s
[07-31 16:44:26] claim failed (<urlopen error [Errno 11001] getaddrinfo failed>); retrying in 5s
[07-31 16:44:31] claim failed (<urlopen error [Errno 11001] getaddrinfo failed>); retrying in 5s
[07-31 16:44:36] claim failed (<urlopen error [Errno 11001] getaddrinfo failed>); retrying in 5s
[07-31 16:44:41] claim failed (<urlopen error [Errno 11001] getaddrinfo failed>); retrying in 5s
[07-31 16:44:46] claim failed (<urlopen error [Errno 11001] getaddrinfo failed>); retrying in 5s
[07-31 16:44:52] claim failed (<urlopen error [Errno 11001] getaddrinfo failed>); retrying in 5s
[07-31 16:44:57] claim failed (<urlopen error [Errno 11001] getaddrinfo failed>); retrying in 5s
[07-31 16:45:02] claim failed (<urlopen error [Errno 11001] getaddrinfo failed>); retrying in 5s
[07-31 16:45:07] claim failed (<urlopen error [Errno 11001] getaddrinfo failed>); retrying in 5s
[07-31 16:45:12] claim failed (<urlopen error [Errno 11001] getaddrinfo failed>); retrying in 5s
[07-31 16:45:17] claim failed (<urlopen error [Errno 11001] getaddrinfo failed>); retrying in 5s
[07-31 16:45:22] claim failed (<urlopen error [Errno 11001] getaddrinfo failed>); retrying in 5s
[07-31 16:45:27] claim failed (<urlopen error [Errno 11001] getaddrinfo failed>); retrying in 5s
[07-31 16:45:33] claim failed (<urlopen error [Errno 11001] getaddrinfo failed>); retrying in 5s
[07-31 16:45:38] claim failed (<urlopen error [Errno 11001] getaddrinfo failed>); retrying in 5s
[07-31 16:45:43] claim failed (<urlopen error [Errno 11001] getaddrinfo failed>); retrying in 5s
[07-31 16:45:48] claim failed (<urlopen error [Errno 11001] getaddrinfo failed>); retrying in 5s
[07-31 16:45:53] claim failed (<urlopen error [Errno 11001] getaddrinfo failed>); retrying in 5s
[07-31 16:45:58] claim failed (<urlopen error [Errno 11001] getaddrinfo failed>); retrying in 5s
[07-31 16:46:03] claim failed (<urlopen error [Errno 11001] getaddrinfo failed>); retrying in 5s
[07-31 16:46:09] claim failed (<urlopen error [Errno 11001] getaddrinfo failed>); retrying in 5s
[07-31 16:46:14] claim failed (<urlopen error [Errno 11001] getaddrinfo failed>); retrying in 5s
[07-31 16:46:19] claim failed (<urlopen error [Errno 11001] getaddrinfo failed>); retrying in 5s
[07-31 16:46:24] claim failed (<urlopen error [Errno 11001] getaddrinfo failed>); retrying in 5s
[07-31 16:46:29] claim failed (<urlopen error [Errno 11001] getaddrinfo failed>); retrying in 5s
[07-31 16:46:34] claim failed (<urlopen error [Errno 11001] getaddrinfo failed>); retrying in 5s
[07-31 16:46:39] claim failed (<urlopen error [Errno 11001] getaddrinfo failed>); retrying in 5s
[07-31 16:46:45] claim failed (<urlopen error [Errno 11001] getaddrinfo failed>); retrying in 5s
[07-31 16:46:50] claim failed (<urlopen error [Errno 11001] getaddrinfo failed>); retrying in 5s
[07-31 16:46:55] claim failed (<urlopen error [Errno 11001] getaddrinfo failed>); retrying in 5s
[07-31 16:47:00] claim failed (<urlopen error [Errno 11001] getaddrinfo failed>); retrying in 5s
[07-31 16:47:05] claim failed (<urlopen error [Errno 11001] getaddrinfo failed>); retrying in 5s
[07-31 16:47:10] claim failed (<urlopen error [Errno 11001] getaddrinfo failed>); retrying in 5s
[07-31 16:47:15] claim failed (<urlopen error [Errno 11001] getaddrinfo failed>); retrying in 5s
[07-31 16:47:21] claim failed (<urlopen error [Errno 11001] getaddrinfo failed>); retrying in 5s
[07-31 16:47:26] claim failed (<urlopen error [Errno 11001] getaddrinfo failed>); retrying in 5s
[07-31 16:47:31] claim failed (<urlopen error [Errno 11001] getaddrinfo failed>); retrying in 5s
[07-31 16:47:36] claim failed (<urlopen error [Errno 11001] getaddrinfo failed>); retrying in 5s
[07-31 16:47:41] claim failed (<urlopen error [Errno 11001] getaddrinfo failed>); retrying in 5s
[07-31 16:47:46] claim failed (<urlopen error [Errno 11001] getaddrinfo failed>); retrying in 5s
[07-31 16:47:51] claim failed (<urlopen error [Errno 11001] getaddrinfo failed>); retrying in 5s
[07-31 16:47:57] claim failed (<urlopen error [Errno 11001] getaddrinfo failed>); retrying in 5s
[07-31 16:48:02] claim failed (<urlopen error [Errno 11001] getaddrinfo failed>); retrying in 5s
[07-31 16:48:07] claim failed (<urlopen error [Errno 11001] getaddrinfo failed>); retrying in 5s
[07-31 16:48:12] claim failed (<urlopen error [Errno 11001] getaddrinfo failed>); retrying in 5s
[07-31 16:48:17] claim failed (<urlopen error [Errno 11001] getaddrinfo failed>); retrying in 5s
[07-31 16:48:22] claim failed (<urlopen error [Errno 11001] getaddrinfo failed>); retrying in 5s
[07-31 16:48:27] claim failed (<urlopen error [Errno 11001] getaddrinfo failed>); retrying in 5s
[07-31 16:48:32] claim failed (<urlopen error [Errno 11001] getaddrinfo failed>); retrying in 5s
[07-31 16:48:38] claim failed (<urlopen error [Errno 11001] getaddrinfo failed>); retrying in 5s
[07-31 16:48:43] claim failed (<urlopen error [Errno 11001] getaddrinfo failed>); retrying in 5s
[07-31 16:48:48] claim failed (<urlopen error [Errno 11001] getaddrinfo failed>); retrying in 5s
[07-31 16:48:53] claim failed (<urlopen error [Errno 11001] getaddrinfo failed>); retrying in 5s
[07-31 16:48:58] claim failed (<urlopen error [Errno 11001] getaddrinfo failed>); retrying in 5s
[07-31 16:49:03] claim failed (<urlopen error [Errno 11001] getaddrinfo failed>); retrying in 5s
[07-31 16:49:08] claim failed (<urlopen error [Errno 11001] getaddrinfo failed>); retrying in 5s
[07-31 16:49:14] claim failed (<urlopen error [Errno 11001] getaddrinfo failed>); retrying in 5s
[07-31 16:49:19] claim failed (<urlopen error [Errno 11001] getaddrinfo failed>); retrying in 5s
[07-31 16:49:24] claim failed (<urlopen error [Errno 11001] getaddrinfo failed>); retrying in 5s
[07-31 16:49:29] claim failed (<urlopen error [Errno 11001] getaddrinfo failed>); retrying in 5s
[07-31 16:49:34] claim failed (<urlopen error [Errno 11001] getaddrinfo failed>); retrying in 5s
[07-31 16:49:39] claim failed (<urlopen error [Errno 11001] getaddrinfo failed>); retrying in 5s
[07-31 16:49:44] claim failed (<urlopen error [Errno 11001] getaddrinfo failed>); retrying in 5s
[07-31 16:49:50] claim failed (<urlopen error [Errno 11001] getaddrinfo failed>); retrying in 5s
[07-31 16:49:55] claim failed (<urlopen error [Errno 11001] getaddrinfo failed>); retrying in 5s
[07-31 16:50:00] claim failed (<urlopen error [Errno 11001] getaddrinfo failed>); retrying in 5s
[07-31 16:50:05] claim failed (<urlopen error [Errno 11001] getaddrinfo failed>); retrying in 5s
[07-31 16:50:10] claim failed (<urlopen error [Errno 11001] getaddrinfo failed>); retrying in 5s
[07-31 16:50:15] claim failed (<urlopen error [Errno 11001] getaddrinfo failed>); retrying in 5s
[07-31 16:50:20] claim failed (<urlopen error [Errno 11001] getaddrinfo failed>); retrying in 5s
[07-31 16:50:26] claim failed (<urlopen error [Errno 11001] getaddrinfo failed>); retrying in 5s
[07-31 16:50:31] claim failed (<urlopen error [Errno 11001] getaddrinfo failed>); retrying in 5s
[07-31 16:50:36] claim failed (<urlopen error [Errno 11001] getaddrinfo failed>); retrying in 5s
[07-31 16:50:41] claim failed (<urlopen error [Errno 11001] getaddrinfo failed>); retrying in 5s
[07-31 16:50:46] claim failed (<urlopen error [Errno 11001] getaddrinfo failed>); retrying in 5s
[07-31 16:50:51] claim failed (<urlopen error [Errno 11001] getaddrinfo failed>); retrying in 5s
[07-31 16:50:56] claim failed (<urlopen error [Errno 11001] getaddrinfo failed>); retrying in 5s
[07-31 16:51:01] claim failed (<urlopen error [Errno 11001] getaddrinfo failed>); retrying in 5s
[07-31 16:51:07] claim failed (<urlopen error [Errno 11001] getaddrinfo failed>); retrying in 5s
[07-31 16:51:12] claim failed (<urlopen error [Errno 11001] getaddrinfo failed>); retrying in 5s
[07-31 16:51:17] claim failed (<urlopen error [Errno 11001] getaddrinfo failed>); retrying in 5s
[07-31 16:51:22] claim failed (<urlopen error [Errno 11001] getaddrinfo failed>); retrying in 5s
[07-31 16:51:27] claim failed (<urlopen error [Errno 11001] getaddrinfo failed>); retrying in 5s
[07-31 16:51:32] claim failed (<urlopen error [Errno 11001] getaddrinfo failed>); retrying in 5s
[07-31 16:51:37] claim failed (<urlopen error [Errno 11001] getaddrinfo failed>); retrying in 5s
[07-31 16:51:43] claim failed (<urlopen error [Errno 11001] getaddrinfo failed>); retrying in 5s
[07-31 16:51:48] claim failed (<urlopen error [Errno 11001] getaddrinfo failed>); retrying in 5s
[07-31 16:51:53] claim failed (<urlopen error [Errno 11001] getaddrinfo failed>); retrying in 5s
[07-31 16:51:58] claim failed (<urlopen error [Errno 11001] getaddrinfo failed>); retrying in 5s
[07-31 16:52:03] claim failed (<urlopen error [Errno 11001] getaddrinfo failed>); retrying in 5s
[07-31 16:52:08] claim failed (<urlopen error [Errno 11001] getaddrinfo failed>); retrying in 5s
[07-31 16:52:13] claim failed (<urlopen error [Errno 11001] getaddrinfo failed>); retrying in 5s
[07-31 16:52:19] claim failed (<urlopen error [Errno 11001] getaddrinfo failed>); retrying in 5s
[07-31 16:52:24] claim failed (<urlopen error [Errno 11001] getaddrinfo failed>); retrying in 5s
[07-31 16:52:29] claim failed (<urlopen error [Errno 11001] getaddrinfo failed>); retrying in 5s
[07-31 16:52:34] claim failed (<urlopen error [Errno 11001] getaddrinfo failed>); retrying in 5s
[07-31 16:52:39] claim failed (<urlopen error [Errno 11001] getaddrinfo failed>); retrying in 5s
[07-31 16:52:44] claim failed (<urlopen error [Errno 11001] getaddrinfo failed>); retrying in 5s
[07-31 16:52:49] claim failed (<urlopen error [Errno 11001] getaddrinfo failed>); retrying in 5s
[07-31 16:52:55] claim failed (<urlopen error [Errno 11001] getaddrinfo failed>); retrying in 5s
[07-31 16:53:00] claim failed (<urlopen error [Errno 11001] getaddrinfo failed>); retrying in 5s
[07-31 16:53:05] claim failed (<urlopen error [Errno 11001] getaddrinfo failed>); retrying in 5s
[07-31 16:53:10] claim failed (<urlopen error [Errno 11001] getaddrinfo failed>); retrying in 5s
[07-31 16:53:15] claim failed (<urlopen error [Errno 11001] getaddrinfo failed>); retrying in 5s
[07-31 16:53:20] claim failed (<urlopen error [Errno 11001] getaddrinfo failed>); retrying in 5s
[07-31 16:53:25] claim failed (<urlopen error [Errno 11001] getaddrinfo failed>); retrying in 5s
[07-31 16:53:31] claim failed (<urlopen error [Errno 11001] getaddrinfo failed>); retrying in 5s
[07-31 16:53:36] claim failed (<urlopen error [Errno 11001] getaddrinfo failed>); retrying in 5s
[07-31 16:53:41] claim failed (<urlopen error [Errno 11001] getaddrinfo failed>); retrying in 5s
[07-31 16:53:46] claim failed (<urlopen error [Errno 11001] getaddrinfo failed>); retrying in 5s
[07-31 16:53:51] claim failed (<urlopen error [Errno 11001] getaddrinfo failed>); retrying in 5s
[07-31 16:53:56] claim failed (<urlopen error [Errno 11001] getaddrinfo failed>); retrying in 5s
[07-31 16:54:01] claim failed (<urlopen error [Errno 11001] getaddrinfo failed>); retrying in 5s
[07-31 16:54:06] claim failed (<urlopen error [Errno 11001] getaddrinfo failed>); retrying in 5s
[07-31 16:54:12] claim failed (<urlopen error [Errno 11001] getaddrinfo failed>); retrying in 5s
[07-31 16:54:17] claim failed (<urlopen error [Errno 11001] getaddrinfo failed>); retrying in 5s
[07-31 16:54:22] claim failed (<urlopen error [Errno 11001] getaddrinfo failed>); retrying in 5s
[07-31 16:54:27] claim failed (<urlopen error [Errno 11001] getaddrinfo failed>); retrying in 5s
[07-31 16:54:32] claim failed (<urlopen error [Errno 11001] getaddrinfo failed>); retrying in 5s
[07-31 16:54:37] claim failed (<urlopen error [Errno 11001] getaddrinfo failed>); retrying in 5s
[07-31 16:54:42] claim failed (<urlopen error [Errno 11001] getaddrinfo failed>); retrying in 5s
[07-31 16:54:48] claim failed (<urlopen error [Errno 11001] getaddrinfo failed>); retrying in 5s
[07-31 16:54:53] claim failed (<urlopen error [Errno 11001] getaddrinfo failed>); retrying in 5s
[07-31 16:54:58] claim failed (<urlopen error [Errno 11001] getaddrinfo failed>); retrying in 5s
[07-31 16:55:03] claim failed (<urlopen error [Errno 11001] getaddrinfo failed>); retrying in 5s
[07-31 16:55:08] claim failed (<urlopen error [Errno 11001] getaddrinfo failed>); retrying in 5s
[07-31 16:55:13] claim failed (<urlopen error [Errno 11001] getaddrinfo failed>); retrying in 5s
[07-31 16:55:18] claim failed (<urlopen error [Errno 11001] getaddrinfo failed>); retrying in 5s
[07-31 16:55:24] claim failed (<urlopen error [Errno 11001] getaddrinfo failed>); retrying in 5s
[07-31 16:55:29] claim failed (<urlopen error [Errno 11001] getaddrinfo failed>); retrying in 5s
[07-31 16:55:34] claim failed (<urlopen error [Errno 11001] getaddrinfo failed>); retrying in 5s
[07-31 16:55:39] claim failed (<urlopen error [Errno 11001] getaddrinfo failed>); retrying in 5s
[07-31 16:55:44] claim failed (<urlopen error [Errno 11001] getaddrinfo failed>); retrying in 5s
[07-31 16:55:49] claim failed (<urlopen error [Errno 11001] getaddrinfo failed>); retrying in 5s
[07-31 16:55:54] claim failed (<urlopen error [Errno 11001] getaddrinfo failed>); retrying in 5s
[07-31 16:56:00] claim failed (<urlopen error [Errno 11001] getaddrinfo failed>); retrying in 5s
[07-31 16:56:05] claim failed (<urlopen error [Errno 11001] getaddrinfo failed>); retrying in 5s
[07-31 16:56:10] claim failed (<urlopen error [Errno 11001] getaddrinfo failed>); retrying in 5s
[07-31 16:56:15] claim failed (<urlopen error [Errno 11001] getaddrinfo failed>); retrying in 5s
[07-31 16:56:20] claim failed (<urlopen error [Errno 11001] getaddrinfo failed>); retrying in 5s
[07-31 16:56:25] claim failed (<urlopen error [Errno 11001] getaddrinfo failed>); retrying in 5s
[07-31 16:56:30] claim failed (<urlopen error [Errno 11001] getaddrinfo failed>); retrying in 5s
[07-31 16:56:35] claim failed (<urlopen error [Errno 11001] getaddrinfo failed>); retrying in 5s
[07-31 16:56:41] claim failed (<urlopen error [Errno 11001] getaddrinfo failed>); retrying in 5s
[07-31 16:56:46] claim failed (<urlopen error [Errno 11001] getaddrinfo failed>); retrying in 5s
[07-31 16:56:51] claim failed (<urlopen error [Errno 11001] getaddrinfo failed>); retrying in 5s
[07-31 16:56:56] claim failed (<urlopen error [Errno 11001] getaddrinfo failed>); retrying in 5s
[07-31 16:57:01] claim failed (<urlopen error [Errno 11001] getaddrinfo failed>); retrying in 5s
[07-31 16:57:06] claim failed (<urlopen error [Errno 11001] getaddrinfo failed>); retrying in 5s
[07-31 16:57:11] claim failed (<urlopen error [Errno 11001] getaddrinfo failed>); retrying in 5s
[07-31 16:57:17] claim failed (<urlopen error [Errno 11001] getaddrinfo failed>); retrying in 5s
[07-31 16:57:22] claim failed (<urlopen error [Errno 11001] getaddrinfo failed>); retrying in 5s
[07-31 16:57:27] claim failed (<urlopen error [Errno 11001] getaddrinfo failed>); retrying in 5s
[07-31 16:57:32] claim failed (<urlopen error [Errno 11001] getaddrinfo failed>); retrying in 5s
[07-31 16:57:37] claim failed (<urlopen error [Errno 11001] getaddrinfo failed>); retrying in 5s
[07-31 16:57:42] claim failed (<urlopen error [Errno 11001] getaddrinfo failed>); retrying in 5s
[07-31 16:57:48] claim failed (<urlopen error [Errno 11001] getaddrinfo failed>); retrying in 5s
[07-31 16:57:53] claim failed (<urlopen error [Errno 11001] getaddrinfo failed>); retrying in 5s
[07-31 16:57:58] claim failed (<urlopen error [Errno 11001] getaddrinfo failed>); retrying in 5s
[07-31 16:58:03] claim failed (<urlopen error [Errno 11001] getaddrinfo failed>); retrying in 5s
[07-31 16:58:08] claim failed (<urlopen error [Errno 11001] getaddrinfo failed>); retrying in 5s
[07-31 16:58:13] claim failed (<urlopen error [Errno 11001] getaddrinfo failed>); retrying in 5s
[07-31 16:58:18] claim failed (<urlopen error [Errno 11001] getaddrinfo failed>); retrying in 5s
[07-31 16:58:23] claim failed (<urlopen error [Errno 11001] getaddrinfo failed>); retrying in 5s
[07-31 16:58:29] claim failed (<urlopen error [Errno 11001] getaddrinfo failed>); retrying in 5s
[07-31 16:58:34] claim failed (<urlopen error [Errno 11001] getaddrinfo failed>); retrying in 5s
[07-31 16:58:39] claim failed (<urlopen error [Errno 11001] getaddrinfo failed>); retrying in 5s
[07-31 16:58:44] claim failed (<urlopen error [Errno 11001] getaddrinfo failed>); retrying in 5s
[07-31 16:58:49] claim failed (<urlopen error [Errno 11001] getaddrinfo failed>); retrying in 5s
[07-31 16:58:54] claim failed (<urlopen error [Errno 11001] getaddrinfo failed>); retrying in 5s
[07-31 16:58:59] claim failed (<urlopen error [Errno 11001] getaddrinfo failed>); retrying in 5s
[07-31 16:59:05] claim failed (<urlopen error [Errno 11001] getaddrinfo failed>); retrying in 5s
[07-31 16:59:10] claim failed (<urlopen error [Errno 11001] getaddrinfo failed>); retrying in 5s
[07-31 16:59:15] claim failed (<urlopen error [Errno 11001] getaddrinfo failed>); retrying in 5s
[07-31 16:59:20] claim failed (<urlopen error [Errno 11001] getaddrinfo failed>); retrying in 5s
[07-31 16:59:25] claim failed (<urlopen error [Errno 11001] getaddrinfo failed>); retrying in 5s
[07-31 16:59:30] claim failed (<urlopen error [Errno 11001] getaddrinfo failed>); retrying in 5s
[07-31 16:59:35] claim failed (<urlopen error [Errno 11001] getaddrinfo failed>); retrying in 5s
[07-31 16:59:41] claim failed (<urlopen error [Errno 11001] getaddrinfo failed>); retrying in 5s
[07-31 16:59:46] claim failed (<urlopen error [Errno 11001] getaddrinfo failed>); retrying in 5s
[07-31 16:59:51] claim failed (<urlopen error [Errno 11001] getaddrinfo failed>); retrying in 5s
[07-31 16:59:56] claim failed (<urlopen error [Errno 11001] getaddrinfo failed>); retrying in 5s
[07-31 17:00:01] claim failed (<urlopen error [Errno 11001] getaddrinfo failed>); retrying in 5s
[07-31 17:00:06] claim failed (<urlopen error [Errno 11001] getaddrinfo failed>); retrying in 5s
[07-31 17:00:11] claim failed (<urlopen error [Errno 11001] getaddrinfo failed>); retrying in 5s
[07-31 17:00:17] claim failed (<urlopen error [Errno 11001] getaddrinfo failed>); retrying in 5s
[07-31 17:00:22] claim failed (<urlopen error [Errno 11001] getaddrinfo failed>); retrying in 5s
[07-31 17:00:27] claim failed (<urlopen error [Errno 11001] getaddrinfo failed>); retrying in 5s
[07-31 17:00:32] claim failed (<urlopen error [Errno 11001] getaddrinfo failed>); retrying in 5s
[07-31 17:00:37] claim failed (<urlopen error [Errno 11001] getaddrinfo failed>); retrying in 5s
[07-31 17:00:42] claim failed (<urlopen error [Errno 11001] getaddrinfo failed>); retrying in 5s
[07-31 17:00:47] claim failed (<urlopen error [Errno 11001] getaddrinfo failed>); retrying in 5s
[07-31 17:00:52] claim failed (<urlopen error [Errno 11001] getaddrinfo failed>); retrying in 5s
[07-31 17:00:58] claim failed (<urlopen error [Errno 11001] getaddrinfo failed>); retrying in 5s
[07-31 17:01:03] claim failed (<urlopen error [Errno 11001] getaddrinfo failed>); retrying in 5s
[07-31 17:01:08] claim failed (<urlopen error [Errno 11001] getaddrinfo failed>); retrying in 5s
[07-31 17:01:13] claim failed (<urlopen error [Errno 11001] getaddrinfo failed>); retrying in 5s
[07-31 17:01:18] claim failed (<urlopen error [Errno 11001] getaddrinfo failed>); retrying in 5s
[07-31 17:01:23] claim failed (<urlopen error [Errno 11001] getaddrinfo failed>); retrying in 5s
[07-31 17:01:28] claim failed (<urlopen error [Errno 11001] getaddrinfo failed>); retrying in 5s
[07-31 17:01:34] claim failed (<urlopen error [Errno 11001] getaddrinfo failed>); retrying in 5s
[07-31 17:01:39] claim failed (<urlopen error [Errno 11001] getaddrinfo failed>); retrying in 5s
[07-31 17:01:44] claim failed (<urlopen error [Errno 11001] getaddrinfo failed>); retrying in 5s
[07-31 17:01:49] claim failed (<urlopen error [Errno 11001] getaddrinfo failed>); retrying in 5s
[07-31 17:01:54] claim failed (<urlopen error [Errno 11001] getaddrinfo failed>); retrying in 5s
[07-31 17:01:59] claim failed (<urlopen error [Errno 11001] getaddrinfo failed>); retrying in 5s
[07-31 17:02:04] claim failed (<urlopen error [Errno 11001] getaddrinfo failed>); retrying in 5s
[07-31 17:02:10] claim failed (<urlopen error [Errno 11001] getaddrinfo failed>); retrying in 5s
[07-31 17:02:15] claim failed (<urlopen error [Errno 11001] getaddrinfo failed>); retrying in 5s
[07-31 17:02:20] claim failed (<urlopen error [Errno 11001] getaddrinfo failed>); retrying in 5s
[07-31 17:02:25] claim failed (<urlopen error [Errno 11001] getaddrinfo failed>); retrying in 5s
[07-31 17:02:30] claim failed (<urlopen error [Errno 11001] getaddrinfo failed>); retrying in 5s
[07-31 17:02:35] claim failed (<urlopen error [Errno 11001] getaddrinfo failed>); retrying in 5s
[07-31 17:02:40] claim failed (<urlopen error [Errno 11001] getaddrinfo failed>); retrying in 5s
[07-31 17:02:45] claim failed (<urlopen error [Errno 11001] getaddrinfo failed>); retrying in 5s
[07-31 17:02:51] claim failed (<urlopen error [Errno 11001] getaddrinfo failed>); retrying in 5s
[07-31 17:02:56] claim failed (<urlopen error [Errno 11001] getaddrinfo failed>); retrying in 5s
[07-31 17:03:01] claim failed (<urlopen error [Errno 11001] getaddrinfo failed>); retrying in 5s
[07-31 17:03:06] claim failed (<urlopen error [Errno 11001] getaddrinfo failed>); retrying in 5s
[07-31 17:03:11] claim failed (<urlopen error [Errno 11001] getaddrinfo failed>); retrying in 5s
[07-31 17:03:16] claim failed (<urlopen error [Errno 11001] getaddrinfo failed>); retrying in 5s
[07-31 17:03:21] claim failed (<urlopen error [Errno 11001] getaddrinfo failed>); retrying in 5s
[07-31 17:03:27] claim failed (<urlopen error [Errno 11001] getaddrinfo failed>); retrying in 5s
[07-31 17:03:32] claim failed (<urlopen error [Errno 11001] getaddrinfo failed>); retrying in 5s
[07-31 17:03:37] claim failed (<urlopen error [Errno 11001] getaddrinfo failed>); retrying in 5s
[07-31 17:03:42] claim failed (<urlopen error [Errno 11001] getaddrinfo failed>); retrying in 5s
[07-31 17:03:47] claim failed (<urlopen error [Errno 11001] getaddrinfo failed>); retrying in 5s
[07-31 17:03:52] claim failed (<urlopen error [Errno 11001] getaddrinfo failed>); retrying in 5s
[07-31 17:03:57] claim failed (<urlopen error [Errno 11001] getaddrinfo failed>); retrying in 5s
[07-31 17:04:03] claim failed (<urlopen error [Errno 11001] getaddrinfo failed>); retrying in 5s
[07-31 17:04:08] claim failed (<urlopen error [Errno 11001] getaddrinfo failed>); retrying in 5s
[07-31 17:04:13] claim failed (<urlopen error [Errno 11001] getaddrinfo failed>); retrying in 5s
[07-31 17:04:18] claim failed (<urlopen error [Errno 11001] getaddrinfo failed>); retrying in 5s
[07-31 17:04:23] claim failed (<urlopen error [Errno 11001] getaddrinfo failed>); retrying in 5s
[07-31 17:04:28] claim failed (<urlopen error [Errno 11001] getaddrinfo failed>); retrying in 5s
[07-31 17:04:33] claim failed (<urlopen error [Errno 11001] getaddrinfo failed>); retrying in 5s
[07-31 17:04:39] claim failed (<urlopen error [Errno 11001] getaddrinfo failed>); retrying in 5s
[07-31 17:04:44] claim failed (<urlopen error [Errno 11001] getaddrinfo failed>); retrying in 5s
[07-31 17:04:49] claim failed (<urlopen error [Errno 11001] getaddrinfo failed>); retrying in 5s
[07-31 17:04:54] claim failed (<urlopen error [Errno 11001] getaddrinfo failed>); retrying in 5s
[07-31 17:04:59] claim failed (<urlopen error [Errno 11001] getaddrinfo failed>); retrying in 5s
[07-31 17:05:04] claim failed (<urlopen error [Errno 11001] getaddrinfo failed>); retrying in 5s
[07-31 17:05:09] claim failed (<urlopen error [Errno 11001] getaddrinfo failed>); retrying in 5s
[07-31 17:05:14] claim failed (<urlopen error [Errno 11001] getaddrinfo failed>); retrying in 5s
[07-31 17:05:20] claim failed (<urlopen error [Errno 11001] getaddrinfo failed>); retrying in 5s
[07-31 17:05:25] claim failed (<urlopen error [Errno 11001] getaddrinfo failed>); retrying in 5s
[07-31 17:05:30] claim failed (<urlopen error [Errno 11001] getaddrinfo failed>); retrying in 5s
[07-31 17:05:35] claim failed (<urlopen error [Errno 11001] getaddrinfo failed>); retrying in 5s
[07-31 17:05:40] claim failed (<urlopen error [Errno 11001] getaddrinfo failed>); retrying in 5s
[07-31 17:05:45] claim failed (<urlopen error [Errno 11001] getaddrinfo failed>); retrying in 5s
[07-31 17:05:50] claim failed (<urlopen error [Errno 11001] getaddrinfo failed>); retrying in 5s
[07-31 17:05:56] claim failed (<urlopen error [Errno 11001] getaddrinfo failed>); retrying in 5s
[07-31 17:06:01] claim failed (<urlopen error [Errno 11001] getaddrinfo failed>); retrying in 5s
[07-31 17:06:06] claim failed (<urlopen error [Errno 11001] getaddrinfo failed>); retrying in 5s
[07-31 17:06:11] claim failed (<urlopen error [Errno 11001] getaddrinfo failed>); retrying in 5s
[07-31 17:06:16] claim failed (<urlopen error [Errno 11001] getaddrinfo failed>); retrying in 5s
[07-31 17:06:21] claim failed (<urlopen error [Errno 11001] getaddrinfo failed>); retrying in 5s
[07-31 17:06:26] claim failed (<urlopen error [Errno 11001] getaddrinfo failed>); retrying in 5s
[07-31 17:06:32] claim failed (<urlopen error [Errno 11001] getaddrinfo failed>); retrying in 5s
[07-31 17:06:37] claim failed (<urlopen error [Errno 11001] getaddrinfo failed>); retrying in 5s
[07-31 17:06:42] claim failed (<urlopen error [Errno 11001] getaddrinfo failed>); retrying in 5s
[07-31 17:06:47] claim failed (<urlopen error [Errno 11001] getaddrinfo failed>); retrying in 5s
[07-31 17:06:52] claim failed (<urlopen error [Errno 11001] getaddrinfo failed>); retrying in 5s
[07-31 17:06:57] claim failed (<urlopen error [Errno 11001] getaddrinfo failed>); retrying in 5s
[07-31 17:07:02] claim failed (<urlopen error [Errno 11001] getaddrinfo failed>); retrying in 5s
[07-31 17:07:07] claim failed (<urlopen error [Errno 11001] getaddrinfo failed>); retrying in 5s
[07-31 17:07:13] claim failed (<urlopen error [Errno 11001] getaddrinfo failed>); retrying in 5s
[07-31 17:07:18] claim failed (<urlopen error [Errno 11001] getaddrinfo failed>); retrying in 5s
[07-31 17:07:23] claim failed (<urlopen error [Errno 11001] getaddrinfo failed>); retrying in 5s
[07-31 17:07:28] claim failed (<urlopen error [Errno 11001] getaddrinfo failed>); retrying in 5s
[07-31 17:07:33] claim failed (<urlopen error [Errno 11001] getaddrinfo failed>); retrying in 5s
[07-31 17:07:38] claim failed (<urlopen error [Errno 11001] getaddrinfo failed>); retrying in 5s
[07-31 17:07:43] claim failed (<urlopen error [Errno 11001] getaddrinfo failed>); retrying in 5s
[07-31 17:07:49] claim failed (<urlopen error [Errno 11001] getaddrinfo failed>); retrying in 5s
[07-31 17:07:54] claim failed (<urlopen error [Errno 11001] getaddrinfo failed>); retrying in 5s
[07-31 17:07:59] claim failed (<urlopen error [Errno 11001] getaddrinfo failed>); retrying in 5s
[07-31 17:08:04] claim failed (<urlopen error [Errno 11001] getaddrinfo failed>); retrying in 5s
[07-31 17:08:09] claim failed (<urlopen error [Errno 11001] getaddrinfo failed>); retrying in 5s
[07-31 17:08:14] claim failed (<urlopen error [Errno 11001] getaddrinfo failed>); retrying in 5s
[07-31 17:08:19] claim failed (<urlopen error [Errno 11001] getaddrinfo failed>); retrying in 5s
[07-31 17:08:25] claim failed (<urlopen error [Errno 11001] getaddrinfo failed>); retrying in 5s
[07-31 17:08:30] claim failed (<urlopen error [Errno 11001] getaddrinfo failed>); retrying in 5s
[07-31 17:08:35] claim failed (<urlopen error [Errno 11001] getaddrinfo failed>); retrying in 5s
[07-31 17:08:40] claim failed (<urlopen error [Errno 11001] getaddrinfo failed>); retrying in 5s
[07-31 17:08:45] claim failed (<urlopen error [Errno 11001] getaddrinfo failed>); retrying in 5s
[07-31 17:08:50] claim failed (<urlopen error [Errno 11001] getaddrinfo failed>); retrying in 5s
[07-31 17:08:55] claim failed (<urlopen error [Errno 11001] getaddrinfo failed>); retrying in 5s
[07-31 17:09:01] claim failed (<urlopen error [Errno 11001] getaddrinfo failed>); retrying in 5s
[07-31 17:09:06] claim failed (<urlopen error [Errno 11001] getaddrinfo failed>); retrying in 5s
[07-31 17:09:11] claim failed (<urlopen error [Errno 11001] getaddrinfo failed>); retrying in 5s
[07-31 17:09:16] claim failed (<urlopen error [Errno 11001] getaddrinfo failed>); retrying in 5s
[07-31 17:09:21] claim failed (<urlopen error [Errno 11001] getaddrinfo failed>); retrying in 5s
[07-31 17:09:26] claim failed (<urlopen error [Errno 11001] getaddrinfo failed>); retrying in 5s
[07-31 17:09:31] claim failed (<urlopen error [Errno 11001] getaddrinfo failed>); retrying in 5s
[07-31 17:09:37] claim failed (<urlopen error [Errno 11001] getaddrinfo failed>); retrying in 5s
[07-31 17:09:42] claim failed (<urlopen error [Errno 11001] getaddrinfo failed>); retrying in 5s
[07-31 17:09:47] claim failed (<urlopen error [Errno 11001] getaddrinfo failed>); retrying in 5s
[07-31 17:09:52] claim failed (<urlopen error [Errno 11001] getaddrinfo failed>); retrying in 5s
[07-31 17:09:57] claim failed (<urlopen error [Errno 11001] getaddrinfo failed>); retrying in 5s
[07-31 17:10:02] claim failed (<urlopen error [Errno 11001] getaddrinfo failed>); retrying in 5s
[07-31 17:10:07] claim failed (<urlopen error [Errno 11001] getaddrinfo failed>); retrying in 5s
[07-31 17:10:12] claim failed (<urlopen error [Errno 11001] getaddrinfo failed>); retrying in 5s
[07-31 17:10:18] claim failed (<urlopen error [Errno 11001] getaddrinfo failed>); retrying in 5s
[07-31 17:10:23] claim failed (<urlopen error [Errno 11001] getaddrinfo failed>); retrying in 5s
[07-31 17:10:28] claim failed (<urlopen error [Errno 11001] getaddrinfo failed>); retrying in 5s
[07-31 17:10:33] claim failed (<urlopen error [Errno 11001] getaddrinfo failed>); retrying in 5s
[07-31 17:10:38] claim failed (<urlopen error [Errno 11001] getaddrinfo failed>); retrying in 5s
[07-31 17:10:43] claim failed (<urlopen error [Errno 11001] getaddrinfo failed>); retrying in 5s
[07-31 17:10:48] claim failed (<urlopen error [Errno 11001] getaddrinfo failed>); retrying in 5s
[07-31 17:10:54] claim failed (<urlopen error [Errno 11001] getaddrinfo failed>); retrying in 5s
[07-31 17:10:59] claim failed (<urlopen error [Errno 11001] getaddrinfo failed>); retrying in 5s
[07-31 17:11:04] claim failed (<urlopen error [Errno 11001] getaddrinfo failed>); retrying in 5s
[07-31 17:11:09] claim failed (<urlopen error [Errno 11001] getaddrinfo failed>); retrying in 5s
[07-31 17:11:14] claim failed (<urlopen error [Errno 11001] getaddrinfo failed>); retrying in 5s
[07-31 17:11:19] claim failed (<urlopen error [Errno 11001] getaddrinfo failed>); retrying in 5s
[07-31 17:11:24] claim failed (<urlopen error [Errno 11001] getaddrinfo failed>); retrying in 5s
[07-31 17:11:30] claim failed (<urlopen error [Errno 11001] getaddrinfo failed>); retrying in 5s
[07-31 17:11:35] claim failed (<urlopen error [Errno 11001] getaddrinfo failed>); retrying in 5s
[07-31 17:11:40] claim failed (<urlopen error [Errno 11001] getaddrinfo failed>); retrying in 5s
[07-31 17:11:45] claim failed (<urlopen error [Errno 11001] getaddrinfo failed>); retrying in 5s
[07-31 17:11:50] claim failed (<urlopen error [Errno 11001] getaddrinfo failed>); retrying in 5s
[07-31 17:11:55] claim failed (<urlopen error [Errno 11001] getaddrinfo failed>); retrying in 5s
[07-31 17:12:00] claim failed (<urlopen error [Errno 11001] getaddrinfo failed>); retrying in 5s
[07-31 17:12:06] claim failed (<urlopen error [Errno 11001] getaddrinfo failed>); retrying in 5s
[07-31 17:12:11] claim failed (<urlopen error [Errno 11001] getaddrinfo failed>); retrying in 5s
[07-31 17:12:16] claim failed (<urlopen error [Errno 11001] getaddrinfo failed>); retrying in 5s
[07-31 17:12:21] claim failed (<urlopen error [Errno 11001] getaddrinfo failed>); retrying in 5s
[07-31 17:12:26] claim failed (<urlopen error [Errno 11001] getaddrinfo failed>); retrying in 5s
[07-31 17:12:31] claim failed (<urlopen error [Errno 11001] getaddrinfo failed>); retrying in 5s
[07-31 17:12:36] claim failed (<urlopen error [Errno 11001] getaddrinfo failed>); retrying in 5s
[07-31 17:12:42] claim failed (<urlopen error [Errno 11001] getaddrinfo failed>); retrying in 5s
[07-31 17:12:47] claim failed (<urlopen error [Errno 11001] getaddrinfo failed>); retrying in 5s
[07-31 17:12:52] claim failed (<urlopen error [Errno 11001] getaddrinfo failed>); retrying in 5s
[07-31 17:12:57] claim failed (<urlopen error [Errno 11001] getaddrinfo failed>); retrying in 5s
[07-31 17:13:02] claim failed (<urlopen error [Errno 11001] getaddrinfo failed>); retrying in 5s
[07-31 17:13:07] claim failed (<urlopen error [Errno 11001] getaddrinfo failed>); retrying in 5s
[07-31 17:13:12] claim failed (<urlopen error [Errno 11001] getaddrinfo failed>); retrying in 5s
[07-31 17:13:17] claim failed (<urlopen error [Errno 11001] getaddrinfo failed>); retrying in 5s
[07-31 17:13:23] claim failed (<urlopen error [Errno 11001] getaddrinfo failed>); retrying in 5s
[07-31 17:13:28] claim failed (<urlopen error [Errno 11001] getaddrinfo failed>); retrying in 5s
[07-31 17:13:33] claim failed (<urlopen error [Errno 11001] getaddrinfo failed>); retrying in 5s
[07-31 17:13:38] claim failed (<urlopen error [Errno 11001] getaddrinfo failed>); retrying in 5s
[07-31 17:13:43] claim failed (<urlopen error [Errno 11001] getaddrinfo failed>); retrying in 5s
[07-31 17:13:48] claim failed (<urlopen error [Errno 11001] getaddrinfo failed>); retrying in 5s
[07-31 17:13:53] claim failed (<urlopen error [Errno 11001] getaddrinfo failed>); retrying in 5s
[07-31 17:13:59] claim failed (<urlopen error [Errno 11001] getaddrinfo failed>); retrying in 5s
[07-31 17:14:04] claim failed (<urlopen error [Errno 11001] getaddrinfo failed>); retrying in 5s
[07-31 17:14:09] claim failed (<urlopen error [Errno 11001] getaddrinfo failed>); retrying in 5s
[07-31 17:14:14] claim failed (<urlopen error [Errno 11001] getaddrinfo failed>); retrying in 5s
[07-31 17:14:19] claim failed (<urlopen error [Errno 11001] getaddrinfo failed>); retrying in 5s
[07-31 17:14:24] claim failed (<urlopen error [Errno 11001] getaddrinfo failed>); retrying in 5s
[07-31 17:14:29] claim failed (<urlopen error [Errno 11001] getaddrinfo failed>); retrying in 5s
[07-31 17:14:35] claim failed (<urlopen error [Errno 11001] getaddrinfo failed>); retrying in 5s
[07-31 17:14:40] claim failed (<urlopen error [Errno 11001] getaddrinfo failed>); retrying in 5s
[07-31 17:14:45] claim failed (<urlopen error [Errno 11001] getaddrinfo failed>); retrying in 5s
[07-31 17:14:50] claim failed (<urlopen error [Errno 11001] getaddrinfo failed>); retrying in 5s
[07-31 17:14:55] claim failed (<urlopen error [Errno 11001] getaddrinfo failed>); retrying in 5s
[07-31 17:15:00] claim failed (<urlopen error [Errno 11001] getaddrinfo failed>); retrying in 5s
[07-31 17:15:05] claim failed (<urlopen error [Errno 11001] getaddrinfo failed>); retrying in 5s
[07-31 17:15:10] claim failed (<urlopen error [Errno 11001] getaddrinfo failed>); retrying in 5s
[07-31 17:15:16] claim failed (<urlopen error [Errno 11001] getaddrinfo failed>); retrying in 5s
[07-31 17:15:21] claim failed (<urlopen error [Errno 11001] getaddrinfo failed>); retrying in 5s
[07-31 17:15:26] claim failed (<urlopen error [Errno 11001] getaddrinfo failed>); retrying in 5s
[07-31 17:15:31] claim failed (<urlopen error [Errno 11001] getaddrinfo failed>); retrying in 5s
[07-31 17:15:36] claim failed (<urlopen error [Errno 11001] getaddrinfo failed>); retrying in 5s
[07-31 17:15:41] claim failed (<urlopen error [Errno 11001] getaddrinfo failed>); retrying in 5s
[07-31 17:15:46] claim failed (<urlopen error [Errno 11001] getaddrinfo failed>); retrying in 5s
[07-31 17:15:52] claim failed (<urlopen error [Errno 11001] getaddrinfo failed>); retrying in 5s
[07-31 17:15:57] claim failed (<urlopen error [Errno 11001] getaddrinfo failed>); retrying in 5s
[07-31 17:16:02] claim failed (<urlopen error [Errno 11001] getaddrinfo failed>); retrying in 5s
[07-31 17:16:07] claim failed (<urlopen error [Errno 11001] getaddrinfo failed>); retrying in 5s
[07-31 17:16:12] claim failed (<urlopen error [Errno 11001] getaddrinfo failed>); retrying in 5s
[07-31 17:16:17] claim failed (<urlopen error [Errno 11001] getaddrinfo failed>); retrying in 5s
[07-31 17:16:22] claim failed (<urlopen error [Errno 11001] getaddrinfo failed>); retrying in 5s
[07-31 17:16:28] claim failed (<urlopen error [Errno 11001] getaddrinfo failed>); retrying in 5s
[07-31 17:16:33] claim failed (<urlopen error [Errno 11001] getaddrinfo failed>); retrying in 5s
[07-31 17:16:38] claim failed (<urlopen error [Errno 11001] getaddrinfo failed>); retrying in 5s
[07-31 17:16:43] claim failed (<urlopen error [Errno 11001] getaddrinfo failed>); retrying in 5s
[07-31 17:16:48] claim failed (<urlopen error [Errno 11001] getaddrinfo failed>); retrying in 5s
[07-31 22:21:53] claim failed (<urlopen error [WinError 10051] A socket operation was attempted to an unreachable network>); retrying in 5s
[08-01 09:29:54] claim failed (<urlopen error [Errno 11001] getaddrinfo failed>); retrying in 5s
[08-02 09:41:18] claim failed (<urlopen error [Errno 11001] getaddrinfo failed>); retrying in 5s
[08-03 08:54:20] claim failed (<urlopen error [Errno 11001] getaddrinfo failed>); retrying in 5s
[08-04 07:55:29] claim failed (<urlopen error [Errno 11001] getaddrinfo failed>); retrying in 5s
[08-04 10:51:24] claim failed (<urlopen error [WinError 10065] A socket operation was attempted to an unreachable host>); retrying in 5s
[08-04 10:51:30] claim failed (<urlopen error [Errno 11001] getaddrinfo failed>); retrying in 5s
[08-04 10:51:35] claim failed (<urlopen error [Errno 11001] getaddrinfo failed>); retrying in 5s
[08-04 10:51:40] claim failed (<urlopen error [Errno 11001] getaddrinfo failed>); retrying in 5s
[08-04 10:51:45] claim failed (<urlopen error [Errno 11001] getaddrinfo failed>); retrying in 5s
[08-04 10:51:50] claim failed (<urlopen error [Errno 11001] getaddrinfo failed>); retrying in 5s
[08-04 10:51:55] claim failed (<urlopen error [Errno 11001] getaddrinfo failed>); retrying in 5s
[08-04 10:52:00] claim failed (<urlopen error [Errno 11001] getaddrinfo failed>); retrying in 5s
[08-04 10:52:06] claim failed (<urlopen error [Errno 11001] getaddrinfo failed>); retrying in 5s
[08-04 10:52:11] claim failed (<urlopen error [Errno 11001] getaddrinfo failed>); retrying in 5s
[08-04 10:52:16] claim failed (<urlopen error [Errno 11001] getaddrinfo failed>); retrying in 5s
[08-04 10:52:21] claim failed (<urlopen error [Errno 11001] getaddrinfo failed>); retrying in 5s
[08-04 10:52:26] claim failed (<urlopen error [Errno 11001] getaddrinfo failed>); retrying in 5s
[08-04 10:52:31] claim failed (<urlopen error [Errno 11001] getaddrinfo failed>); retrying in 5s
[08-04 10:52:36] claim failed (<urlopen error [Errno 11001] getaddrinfo failed>); retrying in 5s
[08-04 10:52:42] claim failed (<urlopen error [Errno 11001] getaddrinfo failed>); retrying in 5s
[08-04 10:52:47] claim failed (<urlopen error [Errno 11001] getaddrinfo failed>); retrying in 5s
[08-04 10:52:52] claim failed (<urlopen error [Errno 11001] getaddrinfo failed>); retrying in 5s
[08-04 10:52:57] claim failed (<urlopen error [Errno 11001] getaddrinfo failed>); retrying in 5s
[08-04 10:53:02] claim failed (<urlopen error [Errno 11001] getaddrinfo failed>); retrying in 5s
[08-04 10:53:07] claim failed (<urlopen error [Errno 11001] getaddrinfo failed>); retrying in 5s
[08-04 10:53:12] claim failed (<urlopen error [Errno 11001] getaddrinfo failed>); retrying in 5s
[08-04 10:53:18] claim failed (<urlopen error [Errno 11001] getaddrinfo failed>); retrying in 5s
[08-04 10:53:23] claim failed (<urlopen error [Errno 11001] getaddrinfo failed>); retrying in 5s
[08-04 10:53:28] claim failed (<urlopen error [Errno 11001] getaddrinfo failed>); retrying in 5s
[08-04 10:53:33] claim failed (<urlopen error [Errno 11001] getaddrinfo failed>); retrying in 5s
[08-04 10:53:38] claim failed (<urlopen error [Errno 11001] getaddrinfo failed>); retrying in 5s
[08-04 10:53:43] claim failed (<urlopen error [Errno 11001] getaddrinfo failed>); retrying in 5s
[08-04 10:53:49] claim failed (<urlopen error [Errno 11001] getaddrinfo failed>); retrying in 5s
[08-04 10:53:54] claim failed (<urlopen error [Errno 11001] getaddrinfo failed>); retrying in 5s
[08-04 10:53:59] claim failed (<urlopen error [Errno 11001] getaddrinfo failed>); retrying in 5s
[08-04 10:54:04] claim failed (<urlopen error [Errno 11001] getaddrinfo failed>); retrying in 5s
[08-04 10:54:09] claim failed (<urlopen error [Errno 11001] getaddrinfo failed>); retrying in 5s
[08-04 10:54:14] claim failed (<urlopen error [Errno 11001] getaddrinfo failed>); retrying in 5s
[08-04 10:54:19] claim failed (<urlopen error [Errno 11001] getaddrinfo failed>); retrying in 5s
[08-04 10:54:25] claim failed (<urlopen error [Errno 11001] getaddrinfo failed>); retrying in 5s
[08-04 10:54:30] claim failed (<urlopen error [Errno 11001] getaddrinfo failed>); retrying in 5s
[08-04 10:54:35] claim failed (<urlopen error [Errno 11001] getaddrinfo failed>); retrying in 5s
[08-04 10:54:40] claim failed (<urlopen error [Errno 11001] getaddrinfo failed>); retrying in 5s
[08-04 10:54:45] claim failed (<urlopen error [Errno 11001] getaddrinfo failed>); retrying in 5s
[08-04 10:54:50] claim failed (<urlopen error [Errno 11001] getaddrinfo failed>); retrying in 5s
[08-04 10:54:55] claim failed (<urlopen error [Errno 11001] getaddrinfo failed>); retrying in 5s
[08-04 10:55:00] claim failed (<urlopen error [Errno 11001] getaddrinfo failed>); retrying in 5s
[08-04 10:55:06] claim failed (<urlopen error [Errno 11001] getaddrinfo failed>); retrying in 5s
[08-04 10:55:11] claim failed (<urlopen error [Errno 11001] getaddrinfo failed>); retrying in 5s
[08-04 10:55:16] claim failed (<urlopen error [Errno 11001] getaddrinfo failed>); retrying in 5s
[08-04 10:55:21] claim failed (<urlopen error [Errno 11001] getaddrinfo failed>); retrying in 5s
[08-04 10:55:26] claim failed (<urlopen error [Errno 11001] getaddrinfo failed>); retrying in 5s
[08-04 10:55:31] claim failed (<urlopen error [Errno 11001] getaddrinfo failed>); retrying in 5s
[08-04 10:55:36] claim failed (<urlopen error [Errno 11001] getaddrinfo failed>); retrying in 5s
[08-04 10:55:42] claim failed (<urlopen error [Errno 11001] getaddrinfo failed>); retrying in 5s
[08-04 10:55:47] claim failed (<urlopen error [Errno 11001] getaddrinfo failed>); retrying in 5s
[08-04 10:55:52] claim failed (<urlopen error [Errno 11001] getaddrinfo failed>); retrying in 5s
[08-04 10:55:57] claim failed (<urlopen error [Errno 11001] getaddrinfo failed>); retrying in 5s
[08-04 10:56:02] claim failed (<urlopen error [Errno 11001] getaddrinfo failed>); retrying in 5s
[08-04 10:56:07] claim failed (<urlopen error [Errno 11001] getaddrinfo failed>); retrying in 5s
[08-04 10:56:12] claim failed (<urlopen error [Errno 11001] getaddrinfo failed>); retrying in 5s
[08-04 10:56:18] claim failed (<urlopen error [Errno 11001] getaddrinfo failed>); retrying in 5s
[08-04 10:56:23] claim failed (<urlopen error [Errno 11001] getaddrinfo failed>); retrying in 5s
[08-04 10:56:28] claim failed (<urlopen error [Errno 11001] getaddrinfo failed>); retrying in 5s
[08-04 10:56:33] claim failed (<urlopen error [Errno 11001] getaddrinfo failed>); retrying in 5s
[08-04 10:56:38] claim failed (<urlopen error [Errno 11001] getaddrinfo failed>); retrying in 5s
[08-04 10:56:43] claim failed (<urlopen error [Errno 11001] getaddrinfo failed>); retrying in 5s
[08-04 10:56:48] claim failed (<urlopen error [Errno 11001] getaddrinfo failed>); retrying in 5s
[08-04 10:56:54] claim failed (<urlopen error [Errno 11001] getaddrinfo failed>); retrying in 5s
[08-04 10:56:59] claim failed (<urlopen error [Errno 11001] getaddrinfo failed>); retrying in 5s
[08-04 10:57:04] claim failed (<urlopen error [Errno 11001] getaddrinfo failed>); retrying in 5s
[08-04 10:57:09] claim failed (<urlopen error [Errno 11001] getaddrinfo failed>); retrying in 5s
[08-04 10:57:14] claim failed (<urlopen error [Errno 11001] getaddrinfo failed>); retrying in 5s
[08-04 10:57:19] claim failed (<urlopen error [Errno 11001] getaddrinfo failed>); retrying in 5s
[08-04 10:57:24] claim failed (<urlopen error [Errno 11001] getaddrinfo failed>); retrying in 5s
[08-04 10:57:30] claim failed (<urlopen error [Errno 11001] getaddrinfo failed>); retrying in 5s
[08-04 10:57:35] claim failed (<urlopen error [Errno 11001] getaddrinfo failed>); retrying in 5s
[08-04 10:57:40] claim failed (<urlopen error [Errno 11001] getaddrinfo failed>); retrying in 5s
[08-04 10:57:45] claim failed (<urlopen error [Errno 11001] getaddrinfo failed>); retrying in 5s
[08-04 10:57:50] claim failed (<urlopen error [Errno 11001] getaddrinfo failed>); retrying in 5s
[08-04 10:57:55] claim failed (<urlopen error [Errno 11001] getaddrinfo failed>); retrying in 5s
[08-04 10:58:01] claim failed (<urlopen error [Errno 11001] getaddrinfo failed>); retrying in 5s
[08-04 10:58:06] claim failed (<urlopen error [Errno 11001] getaddrinfo failed>); retrying in 5s
[08-04 10:58:11] claim failed (<urlopen error [Errno 11001] getaddrinfo failed>); retrying in 5s
[08-04 10:58:16] claim failed (<urlopen error [Errno 11001] getaddrinfo failed>); retrying in 5s
[08-04 10:58:21] claim failed (<urlopen error [Errno 11001] getaddrinfo failed>); retrying in 5s
[08-04 10:59:04] claim failed (<urlopen error [WinError 10054] An existing connection was forcibly closed by the remote host>); retrying in 5s
[08-04 11:05:24] CAPP Binder worker 'AD-XOS-4SJ3WH3' polling https://capp-data-server.onrender.com every 5s (headless; log = pb_worker.log).
[08-04 11:05:51] loaded 34 bundled font file(s) into the session (C:\Users\roger.hayhurst.ctr\VisioToPPT\Fonts)
[08-04 11:05:51] starting Visio (kept warm for later jobs)...
[08-04 11:05:51] Visio primed and ready.
[08-11 11:17:14] CAPP Binder worker 'AD-XOS-4SJ3WH3' polling https://capp-data-server.onrender.com every 5s (headless; log = pb_worker.log).
[08-11 11:17:38] loaded 34 bundled font file(s) into the session (C:\Users\roger.hayhurst.ctr\VisioToPPT\Fonts)
[08-11 11:17:38] starting Visio (kept warm for later jobs)...
[08-11 11:17:38] Visio primed and ready.
[08-11 17:14:50] claim failed (HTTP Error 500: Internal Server Error); retrying in 5s
[08-12 08:57:02] CAPP Binder worker 'AD-XOS-4SJ3WH3' polling https://capp-data-server.onrender.com every 5s (headless; log = pb_worker.log).
[08-12 08:57:19] loaded 34 bundled font file(s) into the session (C:\Users\roger.hayhurst.ctr\VisioToPPT\Fonts)
[08-12 08:57:19] starting Visio (kept warm for later jobs)...
[08-12 08:57:19] Visio primed and ready.
[08-12 09:30:48] claim failed (HTTP Error 500: Internal Server Error); retrying in 5s
[08-12 09:30:53] claim failed (HTTP Error 500: Internal Server Error); retrying in 5s
[08-12 09:30:59] claim failed (HTTP Error 500: Internal Server Error); retrying in 5s
[08-12 09:31:04] claim failed (HTTP Error 500: Internal Server Error); retrying in 5s
[08-12 09:31:09] claim failed (HTTP Error 500: Internal Server Error); retrying in 5s
[08-12 09:31:14] claim failed (HTTP Error 500: Internal Server Error); retrying in 5s
[08-12 09:31:20] claim failed (HTTP Error 500: Internal Server Error); retrying in 5s
[08-12 09:31:25] claim failed (HTTP Error 500: Internal Server Error); retrying in 5s
[08-12 09:31:30] claim failed (HTTP Error 500: Internal Server Error); retrying in 5s
[08-12 09:31:36] claim failed (HTTP Error 500: Internal Server Error); retrying in 5s
[08-12 09:31:41] claim failed (HTTP Error 500: Internal Server Error); retrying in 5s
[08-12 09:31:46] claim failed (HTTP Error 500: Internal Server Error); retrying in 5s
[08-12 09:31:51] claim failed (HTTP Error 500: Internal Server Error); retrying in 5s
[08-12 09:31:57] claim failed (HTTP Error 500: Internal Server Error); retrying in 5s
[08-12 09:32:02] claim failed (HTTP Error 500: Internal Server Error); retrying in 5s
[08-12 09:32:07] claim failed (HTTP Error 500: Internal Server Error); retrying in 5s
[08-12 09:32:12] claim failed (HTTP Error 500: Internal Server Error); retrying in 5s
[08-12 09:32:18] claim failed (HTTP Error 500: Internal Server Error); retrying in 5s
[08-12 09:32:23] claim failed (HTTP Error 500: Internal Server Error); retrying in 5s
[08-12 09:32:28] claim failed (HTTP Error 500: Internal Server Error); retrying in 5s
[08-12 09:32:33] claim failed (HTTP Error 500: Internal Server Error); retrying in 5s
[08-12 09:32:39] claim failed (HTTP Error 500: Internal Server Error); retrying in 5s
[08-12 09:32:44] claim failed (HTTP Error 500: Internal Server Error); retrying in 5s
[08-12 09:32:49] claim failed (HTTP Error 500: Internal Server Error); retrying in 5s
[08-12 09:32:54] claim failed (HTTP Error 500: Internal Server Error); retrying in 5s
[08-12 09:33:00] claim failed (HTTP Error 500: Internal Server Error); retrying in 5s
[08-12 09:33:05] claim failed (HTTP Error 500: Internal Server Error); retrying in 5s
[08-12 09:33:10] claim failed (HTTP Error 500: Internal Server Error); retrying in 5s
[08-12 09:33:15] claim failed (HTTP Error 500: Internal Server Error); retrying in 5s
[08-12 09:33:21] claim failed (HTTP Error 500: Internal Server Error); retrying in 5s
[08-12 09:33:26] claim failed (HTTP Error 500: Internal Server Error); retrying in 5s
[08-12 09:33:31] claim failed (HTTP Error 500: Internal Server Error); retrying in 5s
[08-12 09:33:36] claim failed (HTTP Error 500: Internal Server Error); retrying in 5s
[08-12 09:33:42] claim failed (HTTP Error 500: Internal Server Error); retrying in 5s
[08-12 09:33:47] claim failed (HTTP Error 500: Internal Server Error); retrying in 5s
[08-12 09:33:52] claim failed (HTTP Error 500: Internal Server Error); retrying in 5s
[08-12 09:33:57] claim failed (HTTP Error 500: Internal Server Error); retrying in 5s
[08-12 09:34:03] claim failed (HTTP Error 500: Internal Server Error); retrying in 5s
[08-12 09:34:08] claim failed (HTTP Error 500: Internal Server Error); retrying in 5s
[08-12 09:34:13] claim failed (HTTP Error 500: Internal Server Error); retrying in 5s
[08-12 09:34:18] claim failed (HTTP Error 500: Internal Server Error); retrying in 5s
[08-12 09:34:24] claim failed (HTTP Error 500: Internal Server Error); retrying in 5s
[08-12 09:34:29] claim failed (HTTP Error 500: Internal Server Error); retrying in 5s
[08-12 09:34:34] claim failed (HTTP Error 500: Internal Server Error); retrying in 5s
[08-12 09:34:39] claim failed (HTTP Error 500: Internal Server Error); retrying in 5s
[08-12 09:34:45] claim failed (HTTP Error 500: Internal Server Error); retrying in 5s
[08-12 09:34:50] claim failed (HTTP Error 500: Internal Server Error); retrying in 5s
[08-12 09:34:55] claim failed (HTTP Error 500: Internal Server Error); retrying in 5s
[08-12 09:35:00] claim failed (HTTP Error 500: Internal Server Error); retrying in 5s
[08-12 09:35:06] claim failed (HTTP Error 500: Internal Server Error); retrying in 5s
[08-12 09:35:11] claim failed (HTTP Error 500: Internal Server Error); retrying in 5s
[08-12 09:35:16] claim failed (HTTP Error 500: Internal Server Error); retrying in 5s
[08-12 09:35:21] claim failed (HTTP Error 500: Internal Server Error); retrying in 5s
[08-12 09:35:27] claim failed (HTTP Error 500: Internal Server Error); retrying in 5s
[08-12 09:35:32] claim failed (HTTP Error 500: Internal Server Error); retrying in 5s
[08-12 09:35:37] claim failed (HTTP Error 500: Internal Server Error); retrying in 5s
[08-12 09:35:42] claim failed (HTTP Error 500: Internal Server Error); retrying in 5s
[08-12 09:35:48] claim failed (HTTP Error 500: Internal Server Error); retrying in 5s
[08-12 09:35:53] claim failed (HTTP Error 500: Internal Server Error); retrying in 5s
[08-12 09:35:58] claim failed (HTTP Error 500: Internal Server Error); retrying in 5s
[08-12 09:36:03] claim failed (HTTP Error 500: Internal Server Error); retrying in 5s
[08-12 09:36:09] claim failed (HTTP Error 500: Internal Server Error); retrying in 5s
[08-12 09:36:14] claim failed (HTTP Error 500: Internal Server Error); retrying in 5s
[08-12 09:36:19] claim failed (HTTP Error 500: Internal Server Error); retrying in 5s
[08-12 09:36:24] claim failed (HTTP Error 500: Internal Server Error); retrying in 5s
[08-12 09:36:30] claim failed (HTTP Error 500: Internal Server Error); retrying in 5s
[08-12 09:36:35] claim failed (HTTP Error 500: Internal Server Error); retrying in 5s
[08-12 09:36:40] claim failed (HTTP Error 500: Internal Server Error); retrying in 5s
[08-12 09:36:46] claim failed (HTTP Error 500: Internal Server Error); retrying in 5s
[08-12 09:36:51] claim failed (HTTP Error 500: Internal Server Error); retrying in 5s
[08-12 09:36:56] claim failed (HTTP Error 500: Internal Server Error); retrying in 5s
[08-12 09:37:01] claim failed (HTTP Error 500: Internal Server Error); retrying in 5s
[08-12 09:37:07] claim failed (HTTP Error 500: Internal Server Error); retrying in 5s
[08-12 09:37:12] claim failed (HTTP Error 500: Internal Server Error); retrying in 5s
[08-12 09:37:17] claim failed (HTTP Error 500: Internal Server Error); retrying in 5s
[08-12 09:37:22] claim failed (HTTP Error 500: Internal Server Error); retrying in 5s
[08-12 09:37:28] claim failed (HTTP Error 500: Internal Server Error); retrying in 5s
[08-12 09:37:33] claim failed (HTTP Error 500: Internal Server Error); retrying in 5s
[08-12 09:37:38] claim failed (HTTP Error 500: Internal Server Error); retrying in 5s
[08-12 09:37:43] claim failed (HTTP Error 500: Internal Server Error); retrying in 5s
[08-12 09:37:49] claim failed (HTTP Error 500: Internal Server Error); retrying in 5s
[08-12 09:37:54] claim failed (HTTP Error 500: Internal Server Error); retrying in 5s
[08-12 09:37:59] claim failed (HTTP Error 500: Internal Server Error); retrying in 5s
[08-12 09:38:04] claim failed (HTTP Error 500: Internal Server Error); retrying in 5s
[08-12 09:38:10] claim failed (HTTP Error 500: Internal Server Error); retrying in 5s
[08-12 09:38:15] claim failed (HTTP Error 500: Internal Server Error); retrying in 5s
[08-12 09:38:20] claim failed (HTTP Error 500: Internal Server Error); retrying in 5s
[08-12 09:38:25] claim failed (HTTP Error 500: Internal Server Error); retrying in 5s
[08-12 09:38:31] claim failed (HTTP Error 500: Internal Server Error); retrying in 5s
[08-12 09:38:36] claim failed (HTTP Error 500: Internal Server Error); retrying in 5s
[08-12 09:38:41] claim failed (HTTP Error 500: Internal Server Error); retrying in 5s
[08-12 09:38:47] claim failed (HTTP Error 500: Internal Server Error); retrying in 5s
[08-12 09:38:52] claim failed (HTTP Error 500: Internal Server Error); retrying in 5s
[08-12 09:38:57] claim failed (HTTP Error 500: Internal Server Error); retrying in 5s
[08-12 09:39:02] claim failed (HTTP Error 500: Internal Server Error); retrying in 5s
[08-12 09:39:07] claim failed (HTTP Error 500: Internal Server Error); retrying in 5s
[08-12 09:39:13] claim failed (HTTP Error 500: Internal Server Error); retrying in 5s
[08-12 09:39:18] claim failed (HTTP Error 500: Internal Server Error); retrying in 5s
[08-12 09:39:23] claim failed (HTTP Error 500: Internal Server Error); retrying in 5s
[08-12 09:39:29] claim failed (HTTP Error 500: Internal Server Error); retrying in 5s
[08-12 09:39:34] claim failed (HTTP Error 500: Internal Server Error); retrying in 5s
[08-12 09:39:39] claim failed (HTTP Error 500: Internal Server Error); retrying in 5s
[08-12 09:39:44] claim failed (HTTP Error 500: Internal Server Error); retrying in 5s
[08-12 09:39:51] claim failed (HTTP Error 500: Internal Server Error); retrying in 5s
[08-12 09:39:56] claim failed (HTTP Error 500: Internal Server Error); retrying in 5s
[08-12 09:40:01] claim failed (HTTP Error 500: Internal Server Error); retrying in 5s
[08-12 09:40:07] claim failed (HTTP Error 500: Internal Server Error); retrying in 5s
[08-12 09:40:12] claim failed (HTTP Error 500: Internal Server Error); retrying in 5s
[08-12 09:40:17] claim failed (HTTP Error 500: Internal Server Error); retrying in 5s
[08-12 09:40:22] claim failed (HTTP Error 500: Internal Server Error); retrying in 5s
[08-12 09:40:28] claim failed (HTTP Error 500: Internal Server Error); retrying in 5s
[08-12 09:40:33] claim failed (HTTP Error 500: Internal Server Error); retrying in 5s
[08-12 09:40:38] claim failed (HTTP Error 500: Internal Server Error); retrying in 5s
[08-12 09:40:43] claim failed (HTTP Error 500: Internal Server Error); retrying in 5s
[08-12 09:40:49] claim failed (HTTP Error 500: Internal Server Error); retrying in 5s
[08-12 09:40:54] claim failed (HTTP Error 500: Internal Server Error); retrying in 5s
[08-12 09:40:59] claim failed (HTTP Error 500: Internal Server Error); retrying in 5s
[08-12 09:41:04] claim failed (HTTP Error 500: Internal Server Error); retrying in 5s
[08-12 09:41:10] claim failed (HTTP Error 500: Internal Server Error); retrying in 5s
[08-12 09:41:15] claim failed (HTTP Error 500: Internal Server Error); retrying in 5s
[08-12 09:41:20] claim failed (HTTP Error 500: Internal Server Error); retrying in 5s
[08-12 09:41:25] claim failed (HTTP Error 500: Internal Server Error); retrying in 5s
[08-12 09:41:31] claim failed (HTTP Error 500: Internal Server Error); retrying in 5s
[08-12 09:41:36] claim failed (HTTP Error 500: Internal Server Error); retrying in 5s
[08-12 09:41:41] claim failed (HTTP Error 500: Internal Server Error); retrying in 5s
[08-12 09:41:46] claim failed (HTTP Error 500: Internal Server Error); retrying in 5s
[08-12 09:41:51] claim failed (HTTP Error 500: Internal Server Error); retrying in 5s
[08-12 09:41:57] claim failed (HTTP Error 500: Internal Server Error); retrying in 5s
[08-12 09:42:02] claim failed (HTTP Error 500: Internal Server Error); retrying in 5s
[08-12 09:42:07] claim failed (HTTP Error 500: Internal Server Error); retrying in 5s
[08-12 09:42:12] claim failed (HTTP Error 500: Internal Server Error); retrying in 5s
[08-12 09:42:18] claim failed (HTTP Error 500: Internal Server Error); retrying in 5s
[08-12 09:42:23] claim failed (HTTP Error 500: Internal Server Error); retrying in 5s
[08-12 09:42:28] claim failed (HTTP Error 500: Internal Server Error); retrying in 5s
[08-12 09:42:33] claim failed (HTTP Error 500: Internal Server Error); retrying in 5s
[08-12 09:42:38] claim failed (HTTP Error 500: Internal Server Error); retrying in 5s
[08-12 09:42:44] claim failed (HTTP Error 500: Internal Server Error); retrying in 5s
[08-12 09:42:49] claim failed (HTTP Error 500: Internal Server Error); retrying in 5s
[08-12 09:42:54] claim failed (HTTP Error 500: Internal Server Error); retrying in 5s
[08-12 09:43:00] claim failed (HTTP Error 500: Internal Server Error); retrying in 5s
[08-12 09:43:05] claim failed (HTTP Error 500: Internal Server Error); retrying in 5s
[08-12 09:43:10] claim failed (HTTP Error 500: Internal Server Error); retrying in 5s
[08-12 09:43:15] claim failed (HTTP Error 500: Internal Server Error); retrying in 5s
[08-12 09:43:21] claim failed (HTTP Error 500: Internal Server Error); retrying in 5s
[08-12 09:43:26] claim failed (HTTP Error 500: Internal Server Error); retrying in 5s
[08-12 09:43:31] claim failed (HTTP Error 500: Internal Server Error); retrying in 5s
[08-12 09:43:36] claim failed (HTTP Error 500: Internal Server Error); retrying in 5s
[08-12 09:43:41] claim failed (HTTP Error 500: Internal Server Error); retrying in 5s
[08-12 09:43:47] claim failed (HTTP Error 500: Internal Server Error); retrying in 5s
[08-12 09:43:52] claim failed (HTTP Error 500: Internal Server Error); retrying in 5s
[08-12 09:43:57] claim failed (HTTP Error 500: Internal Server Error); retrying in 5s
[08-12 09:44:02] claim failed (HTTP Error 500: Internal Server Error); retrying in 5s
[08-12 09:44:08] claim failed (HTTP Error 500: Internal Server Error); retrying in 5s
[08-12 09:44:13] claim failed (HTTP Error 500: Internal Server Error); retrying in 5s
[08-12 09:44:18] claim failed (HTTP Error 500: Internal Server Error); retrying in 5s
[08-12 09:44:23] claim failed (HTTP Error 500: Internal Server Error); retrying in 5s
[08-12 09:44:29] claim failed (HTTP Error 500: Internal Server Error); retrying in 5s
[08-12 09:44:34] claim failed (HTTP Error 500: Internal Server Error); retrying in 5s
[08-12 09:44:39] claim failed (HTTP Error 500: Internal Server Error); retrying in 5s
[08-12 09:44:44] claim failed (HTTP Error 500: Internal Server Error); retrying in 5s
[08-12 09:44:50] claim failed (HTTP Error 500: Internal Server Error); retrying in 5s
[08-12 09:44:55] claim failed (HTTP Error 500: Internal Server Error); retrying in 5s
[08-12 09:45:00] claim failed (HTTP Error 500: Internal Server Error); retrying in 5s
[08-12 09:45:05] claim failed (HTTP Error 500: Internal Server Error); retrying in 5s
[08-12 09:45:11] claim failed (HTTP Error 500: Internal Server Error); retrying in 5s
[08-12 09:45:16] claim failed (HTTP Error 500: Internal Server Error); retrying in 5s
[08-12 09:45:21] claim failed (HTTP Error 500: Internal Server Error); retrying in 5s
[08-12 09:45:26] claim failed (HTTP Error 500: Internal Server Error); retrying in 5s
[08-12 09:45:32] claim failed (HTTP Error 500: Internal Server Error); retrying in 5s
[08-12 09:45:37] claim failed (HTTP Error 500: Internal Server Error); retrying in 5s
[08-12 09:45:42] claim failed (HTTP Error 500: Internal Server Error); retrying in 5s
[08-12 09:45:47] claim failed (HTTP Error 500: Internal Server Error); retrying in 5s
[08-12 09:45:53] claim failed (HTTP Error 500: Internal Server Error); retrying in 5s
[08-12 09:45:58] claim failed (HTTP Error 500: Internal Server Error); retrying in 5s
[08-12 09:46:03] claim failed (HTTP Error 500: Internal Server Error); retrying in 5s
[08-12 09:46:08] claim failed (HTTP Error 500: Internal Server Error); retrying in 5s
[08-12 09:46:14] claim failed (HTTP Error 500: Internal Server Error); retrying in 5s
[08-12 09:46:19] claim failed (HTTP Error 500: Internal Server Error); retrying in 5s
[08-12 09:46:24] claim failed (HTTP Error 500: Internal Server Error); retrying in 5s
[08-12 09:46:29] claim failed (HTTP Error 500: Internal Server Error); retrying in 5s
[08-12 09:46:35] claim failed (HTTP Error 500: Internal Server Error); retrying in 5s
[08-12 09:46:40] claim failed (HTTP Error 500: Internal Server Error); retrying in 5s
[08-12 09:46:45] claim failed (HTTP Error 500: Internal Server Error); retrying in 5s
[08-12 09:46:50] claim failed (HTTP Error 500: Internal Server Error); retrying in 5s
[08-12 09:46:56] claim failed (HTTP Error 500: Internal Server Error); retrying in 5s
[08-12 09:47:01] claim failed (HTTP Error 500: Internal Server Error); retrying in 5s
[08-12 09:47:06] claim failed (HTTP Error 500: Internal Server Error); retrying in 5s
[08-12 09:47:11] claim failed (HTTP Error 500: Internal Server Error); retrying in 5s
[08-12 09:47:17] claim failed (HTTP Error 500: Internal Server Error); retrying in 5s
[08-12 09:47:22] claim failed (HTTP Error 500: Internal Server Error); retrying in 5s
[08-12 09:47:27] claim failed (HTTP Error 500: Internal Server Error); retrying in 5s
[08-12 09:47:32] claim failed (HTTP Error 500: Internal Server Error); retrying in 5s
[08-12 09:47:38] claim failed (HTTP Error 500: Internal Server Error); retrying in 5s
[08-12 09:47:43] claim failed (HTTP Error 500: Internal Server Error); retrying in 5s
[08-12 09:47:48] claim failed (HTTP Error 500: Internal Server Error); retrying in 5s
[08-12 09:47:53] claim failed (HTTP Error 500: Internal Server Error); retrying in 5s
[08-12 09:47:59] claim failed (HTTP Error 500: Internal Server Error); retrying in 5s
[08-12 09:48:04] claim failed (HTTP Error 500: Internal Server Error); retrying in 5s
[08-12 09:48:09] claim failed (HTTP Error 500: Internal Server Error); retrying in 5s
[08-12 09:48:14] claim failed (HTTP Error 500: Internal Server Error); retrying in 5s
[08-12 09:48:20] claim failed (HTTP Error 500: Internal Server Error); retrying in 5s
[08-12 09:48:25] claim failed (HTTP Error 500: Internal Server Error); retrying in 5s
[08-12 09:48:30] claim failed (HTTP Error 500: Internal Server Error); retrying in 5s
[08-12 09:48:35] claim failed (HTTP Error 500: Internal Server Error); retrying in 5s
[08-12 09:48:41] claim failed (HTTP Error 500: Internal Server Error); retrying in 5s
[08-12 09:48:46] claim failed (HTTP Error 500: Internal Server Error); retrying in 5s
[08-12 09:48:51] claim failed (HTTP Error 500: Internal Server Error); retrying in 5s
[08-12 09:48:57] claim failed (HTTP Error 500: Internal Server Error); retrying in 5s
[08-12 09:49:02] claim failed (HTTP Error 500: Internal Server Error); retrying in 5s
[08-12 09:49:07] claim failed (HTTP Error 500: Internal Server Error); retrying in 5s
[08-12 09:49:12] claim failed (HTTP Error 500: Internal Server Error); retrying in 5s
[08-12 09:49:18] claim failed (HTTP Error 500: Internal Server Error); retrying in 5s
[08-12 09:49:23] claim failed (HTTP Error 500: Internal Server Error); retrying in 5s
[08-12 09:49:28] claim failed (HTTP Error 500: Internal Server Error); retrying in 5s
[08-12 09:49:33] claim failed (HTTP Error 500: Internal Server Error); retrying in 5s
[08-12 09:49:39] claim failed (HTTP Error 500: Internal Server Error); retrying in 5s
[08-12 09:49:44] claim failed (HTTP Error 500: Internal Server Error); retrying in 5s
[08-12 09:49:49] claim failed (HTTP Error 500: Internal Server Error); retrying in 5s
[08-12 09:49:54] claim failed (HTTP Error 500: Internal Server Error); retrying in 5s
[08-12 09:50:00] claim failed (HTTP Error 500: Internal Server Error); retrying in 5s
[08-12 09:50:05] claim failed (HTTP Error 500: Internal Server Error); retrying in 5s
[08-12 09:50:10] claim failed (HTTP Error 500: Internal Server Error); retrying in 5s
[08-12 09:50:15] claim failed (HTTP Error 500: Internal Server Error); retrying in 5s
[08-12 09:50:21] claim failed (HTTP Error 500: Internal Server Error); retrying in 5s
[08-12 09:50:26] claim failed (HTTP Error 500: Internal Server Error); retrying in 5s
[08-12 09:50:31] claim failed (HTTP Error 500: Internal Server Error); retrying in 5s
[08-12 09:50:37] claim failed (HTTP Error 500: Internal Server Error); retrying in 5s
[08-12 09:50:42] claim failed (HTTP Error 500: Internal Server Error); retrying in 5s
[08-12 09:50:47] claim failed (HTTP Error 500: Internal Server Error); retrying in 5s
[08-12 09:50:52] claim failed (HTTP Error 500: Internal Server Error); retrying in 5s
[08-12 09:50:57] claim failed (HTTP Error 500: Internal Server Error); retrying in 5s
[08-12 09:51:03] claim failed (HTTP Error 500: Internal Server Error); retrying in 5s
[08-12 09:51:08] claim failed (HTTP Error 500: Internal Server Error); retrying in 5s
[08-12 09:51:13] claim failed (HTTP Error 500: Internal Server Error); retrying in 5s
[08-12 09:51:18] claim failed (HTTP Error 500: Internal Server Error); retrying in 5s
[08-12 09:51:24] claim failed (HTTP Error 500: Internal Server Error); retrying in 5s
[08-12 09:51:29] claim failed (HTTP Error 500: Internal Server Error); retrying in 5s
[08-12 09:51:34] claim failed (HTTP Error 500: Internal Server Error); retrying in 5s
[08-12 09:51:39] claim failed (HTTP Error 500: Internal Server Error); retrying in 5s
[08-12 09:51:45] claim failed (HTTP Error 500: Internal Server Error); retrying in 5s
[08-12 09:51:50] claim failed (HTTP Error 500: Internal Server Error); retrying in 5s
[08-12 09:51:55] claim failed (HTTP Error 500: Internal Server Error); retrying in 5s
[08-12 09:52:00] claim failed (HTTP Error 500: Internal Server Error); retrying in 5s
[08-12 09:52:06] claim failed (HTTP Error 500: Internal Server Error); retrying in 5s
[08-12 09:52:11] claim failed (HTTP Error 500: Internal Server Error); retrying in 5s
[08-12 09:52:16] claim failed (HTTP Error 500: Internal Server Error); retrying in 5s
[08-12 09:52:22] claim failed (HTTP Error 500: Internal Server Error); retrying in 5s
[08-12 09:52:27] claim failed (HTTP Error 500: Internal Server Error); retrying in 5s
[08-12 09:52:32] claim failed (HTTP Error 500: Internal Server Error); retrying in 5s
[08-12 09:52:37] claim failed (HTTP Error 500: Internal Server Error); retrying in 5s
[08-12 09:52:43] claim failed (HTTP Error 500: Internal Server Error); retrying in 5s
[08-12 09:52:48] claim failed (HTTP Error 500: Internal Server Error); retrying in 5s
[08-12 09:52:53] claim failed (HTTP Error 500: Internal Server Error); retrying in 5s
[08-12 09:52:58] claim failed (HTTP Error 500: Internal Server Error); retrying in 5s
[08-12 09:53:04] claim failed (HTTP Error 500: Internal Server Error); retrying in 5s
[08-12 09:53:09] claim failed (HTTP Error 500: Internal Server Error); retrying in 5s
[08-12 09:53:14] claim failed (HTTP Error 500: Internal Server Error); retrying in 5s
[08-12 09:53:19] claim failed (HTTP Error 500: Internal Server Error); retrying in 5s
[08-12 09:53:25] claim failed (HTTP Error 500: Internal Server Error); retrying in 5s
[08-12 09:53:30] claim failed (HTTP Error 500: Internal Server Error); retrying in 5s
[08-12 09:53:35] claim failed (HTTP Error 500: Internal Server Error); retrying in 5s
[08-12 09:53:40] claim failed (HTTP Error 500: Internal Server Error); retrying in 5s
[08-12 09:53:45] claim failed (HTTP Error 500: Internal Server Error); retrying in 5s
[08-12 09:53:51] claim failed (HTTP Error 500: Internal Server Error); retrying in 5s
[08-12 09:53:56] claim failed (HTTP Error 500: Internal Server Error); retrying in 5s
[08-12 09:54:01] claim failed (HTTP Error 500: Internal Server Error); retrying in 5s
[08-12 09:54:06] claim failed (HTTP Error 500: Internal Server Error); retrying in 5s
[08-12 09:54:12] claim failed (HTTP Error 500: Internal Server Error); retrying in 5s
[08-12 09:54:17] claim failed (HTTP Error 500: Internal Server Error); retrying in 5s
[08-12 09:54:22] claim failed (HTTP Error 500: Internal Server Error); retrying in 5s
[08-12 09:54:28] claim failed (HTTP Error 500: Internal Server Error); retrying in 5s
[08-12 09:54:33] claim failed (HTTP Error 500: Internal Server Error); retrying in 5s
[08-12 09:54:38] claim failed (HTTP Error 500: Internal Server Error); retrying in 5s
[08-12 09:54:43] claim failed (HTTP Error 500: Internal Server Error); retrying in 5s
[08-12 09:54:48] claim failed (HTTP Error 500: Internal Server Error); retrying in 5s
[08-12 09:54:54] claim failed (HTTP Error 500: Internal Server Error); retrying in 5s
[08-12 09:54:59] claim failed (HTTP Error 500: Internal Server Error); retrying in 5s
[08-12 09:55:04] claim failed (HTTP Error 500: Internal Server Error); retrying in 5s
[08-12 09:55:09] claim failed (HTTP Error 500: Internal Server Error); retrying in 5s
[08-12 09:55:15] claim failed (HTTP Error 500: Internal Server Error); retrying in 5s
[08-12 09:55:20] claim failed (HTTP Error 500: Internal Server Error); retrying in 5s
[08-12 09:55:25] claim failed (HTTP Error 500: Internal Server Error); retrying in 5s
[08-12 09:55:31] claim failed (HTTP Error 500: Internal Server Error); retrying in 5s
[08-12 09:55:36] claim failed (HTTP Error 500: Internal Server Error); retrying in 5s
[08-12 09:55:41] claim failed (HTTP Error 500: Internal Server Error); retrying in 5s
[08-12 09:55:46] claim failed (HTTP Error 500: Internal Server Error); retrying in 5s
[08-12 09:55:52] claim failed (HTTP Error 500: Internal Server Error); retrying in 5s
[08-12 09:55:57] claim failed (HTTP Error 500: Internal Server Error); retrying in 5s
[08-12 09:56:02] claim failed (HTTP Error 500: Internal Server Error); retrying in 5s
[08-12 09:56:07] claim failed (HTTP Error 500: Internal Server Error); retrying in 5s
[08-12 09:56:12] claim failed (HTTP Error 500: Internal Server Error); retrying in 5s
[08-12 09:56:18] claim failed (HTTP Error 500: Internal Server Error); retrying in 5s
[08-12 09:56:23] claim failed (HTTP Error 500: Internal Server Error); retrying in 5s
[08-12 09:56:28] claim failed (HTTP Error 500: Internal Server Error); retrying in 5s
[08-12 09:56:33] claim failed (HTTP Error 500: Internal Server Error); retrying in 5s
[08-12 09:56:39] claim failed (HTTP Error 500: Internal Server Error); retrying in 5s
[08-12 09:56:44] claim failed (HTTP Error 500: Internal Server Error); retrying in 5s
[08-12 09:56:49] claim failed (HTTP Error 500: Internal Server Error); retrying in 5s
[08-12 09:56:54] claim failed (HTTP Error 500: Internal Server Error); retrying in 5s
[08-12 09:57:00] claim failed (HTTP Error 500: Internal Server Error); retrying in 5s
[08-12 09:57:05] claim failed (HTTP Error 500: Internal Server Error); retrying in 5s
[08-12 09:57:10] claim failed (HTTP Error 500: Internal Server Error); retrying in 5s
[08-12 09:57:15] claim failed (HTTP Error 500: Internal Server Error); retrying in 5s
[08-12 09:57:21] claim failed (HTTP Error 500: Internal Server Error); retrying in 5s
[08-12 09:57:26] claim failed (HTTP Error 500: Internal Server Error); retrying in 5s
[08-12 09:57:31] claim failed (HTTP Error 500: Internal Server Error); retrying in 5s
[08-12 09:57:36] claim failed (HTTP Error 500: Internal Server Error); retrying in 5s
[08-12 09:57:42] claim failed (HTTP Error 500: Internal Server Error); retrying in 5s
[08-12 09:57:47] claim failed (HTTP Error 500: Internal Server Error); retrying in 5s
[08-12 09:57:52] claim failed (HTTP Error 500: Internal Server Error); retrying in 5s
[08-12 09:57:58] claim failed (HTTP Error 500: Internal Server Error); retrying in 5s
[08-12 09:58:03] claim failed (HTTP Error 500: Internal Server Error); retrying in 5s
[08-12 09:58:08] claim failed (HTTP Error 500: Internal Server Error); retrying in 5s
[08-12 09:58:13] claim failed (HTTP Error 500: Internal Server Error); retrying in 5s
[08-12 09:58:19] claim failed (HTTP Error 500: Internal Server Error); retrying in 5s
[08-12 09:58:24] claim failed (HTTP Error 500: Internal Server Error); retrying in 5s
[08-12 09:58:29] claim failed (HTTP Error 500: Internal Server Error); retrying in 5s
[08-12 09:58:34] claim failed (HTTP Error 500: Internal Server Error); retrying in 5s
[08-12 09:58:40] claim failed (HTTP Error 500: Internal Server Error); retrying in 5s
[08-12 09:58:45] claim failed (HTTP Error 500: Internal Server Error); retrying in 5s
[08-12 09:58:50] claim failed (HTTP Error 500: Internal Server Error); retrying in 5s
[08-12 09:58:55] claim failed (HTTP Error 500: Internal Server Error); retrying in 5s
[08-12 09:59:01] claim failed (HTTP Error 500: Internal Server Error); retrying in 5s
[08-12 09:59:06] claim failed (HTTP Error 500: Internal Server Error); retrying in 5s
[08-12 09:59:11] claim failed (HTTP Error 500: Internal Server Error); retrying in 5s
[08-12 09:59:16] claim failed (HTTP Error 500: Internal Server Error); retrying in 5s
[08-12 09:59:22] claim failed (HTTP Error 500: Internal Server Error); retrying in 5s
[08-12 09:59:27] claim failed (HTTP Error 500: Internal Server Error); retrying in 5s
[08-12 09:59:32] claim failed (HTTP Error 500: Internal Server Error); retrying in 5s
[08-12 09:59:37] claim failed (HTTP Error 500: Internal Server Error); retrying in 5s
[08-12 09:59:43] claim failed (HTTP Error 500: Internal Server Error); retrying in 5s
[08-12 09:59:48] claim failed (HTTP Error 500: Internal Server Error); retrying in 5s
[08-12 09:59:53] claim failed (HTTP Error 500: Internal Server Error); retrying in 5s
[08-12 09:59:58] claim failed (HTTP Error 500: Internal Server Error); retrying in 5s
[08-12 10:00:04] claim failed (HTTP Error 500: Internal Server Error); retrying in 5s
[08-12 10:00:09] claim failed (HTTP Error 500: Internal Server Error); retrying in 5s
[08-12 10:00:14] claim failed (HTTP Error 500: Internal Server Error); retrying in 5s
[08-12 10:00:19] claim failed (HTTP Error 500: Internal Server Error); retrying in 5s
[08-12 10:00:24] claim failed (HTTP Error 500: Internal Server Error); retrying in 5s
[08-12 10:00:30] claim failed (HTTP Error 500: Internal Server Error); retrying in 5s
[08-12 10:00:35] claim failed (HTTP Error 500: Internal Server Error); retrying in 5s
[08-12 10:00:40] claim failed (HTTP Error 500: Internal Server Error); retrying in 5s
[08-12 10:00:46] claim failed (HTTP Error 500: Internal Server Error); retrying in 5s
[08-12 10:00:51] claim failed (HTTP Error 500: Internal Server Error); retrying in 5s
[08-12 10:00:56] claim failed (HTTP Error 500: Internal Server Error); retrying in 5s
[08-12 10:01:01] claim failed (HTTP Error 500: Internal Server Error); retrying in 5s
[08-12 10:01:06] claim failed (HTTP Error 500: Internal Server Error); retrying in 5s
[08-12 10:01:12] claim failed (HTTP Error 500: Internal Server Error); retrying in 5s
[08-12 10:01:17] claim failed (HTTP Error 500: Internal Server Error); retrying in 5s
[08-12 10:01:22] claim failed (HTTP Error 500: Internal Server Error); retrying in 5s
[08-12 10:01:28] claim failed (HTTP Error 500: Internal Server Error); retrying in 5s
[08-12 10:01:33] claim failed (HTTP Error 500: Internal Server Error); retrying in 5s
[08-12 10:01:38] claim failed (HTTP Error 500: Internal Server Error); retrying in 5s
[08-12 10:01:43] claim failed (HTTP Error 500: Internal Server Error); retrying in 5s
[08-12 10:01:49] claim failed (HTTP Error 500: Internal Server Error); retrying in 5s
[08-12 10:01:54] claim failed (HTTP Error 500: Internal Server Error); retrying in 5s
[08-12 10:01:59] claim failed (HTTP Error 500: Internal Server Error); retrying in 5s
[08-12 10:02:04] claim failed (HTTP Error 500: Internal Server Error); retrying in 5s
[08-12 10:02:10] claim failed (HTTP Error 500: Internal Server Error); retrying in 5s
[08-12 10:02:15] claim failed (HTTP Error 500: Internal Server Error); retrying in 5s
[08-12 10:02:20] claim failed (HTTP Error 500: Internal Server Error); retrying in 5s
[08-12 10:02:25] claim failed (HTTP Error 500: Internal Server Error); retrying in 5s
[08-12 10:02:31] claim failed (HTTP Error 500: Internal Server Error); retrying in 5s
[08-12 10:02:36] claim failed (HTTP Error 500: Internal Server Error); retrying in 5s
[08-12 10:02:41] claim failed (HTTP Error 500: Internal Server Error); retrying in 5s
[08-12 10:02:46] claim failed (HTTP Error 500: Internal Server Error); retrying in 5s
[08-12 10:02:52] claim failed (HTTP Error 500: Internal Server Error); retrying in 5s
[08-12 10:02:57] claim failed (HTTP Error 500: Internal Server Error); retrying in 5s
[08-12 10:03:02] claim failed (HTTP Error 500: Internal Server Error); retrying in 5s
[08-12 10:03:07] claim failed (HTTP Error 500: Internal Server Error); retrying in 5s
[08-12 10:03:13] claim failed (HTTP Error 500: Internal Server Error); retrying in 5s
[08-12 10:03:18] claim failed (HTTP Error 500: Internal Server Error); retrying in 5s
[08-12 10:03:23] claim failed (HTTP Error 500: Internal Server Error); retrying in 5s
[08-12 10:03:28] claim failed (HTTP Error 500: Internal Server Error); retrying in 5s
[08-12 10:03:34] claim failed (HTTP Error 500: Internal Server Error); retrying in 5s
[08-12 10:03:39] claim failed (HTTP Error 500: Internal Server Error); retrying in 5s
[08-12 10:03:44] claim failed (HTTP Error 500: Internal Server Error); retrying in 5s
[08-12 10:03:49] claim failed (HTTP Error 500: Internal Server Error); retrying in 5s
[08-12 10:03:55] claim failed (HTTP Error 500: Internal Server Error); retrying in 5s
[08-12 10:04:00] claim failed (HTTP Error 500: Internal Server Error); retrying in 5s
[08-12 10:04:05] claim failed (HTTP Error 500: Internal Server Error); retrying in 5s
[08-12 10:04:10] claim failed (HTTP Error 500: Internal Server Error); retrying in 5s
[08-12 10:04:16] claim failed (HTTP Error 500: Internal Server Error); retrying in 5s
[08-12 10:04:21] claim failed (HTTP Error 500: Internal Server Error); retrying in 5s
[08-12 10:04:26] claim failed (HTTP Error 500: Internal Server Error); retrying in 5s
[08-12 10:04:31] claim failed (HTTP Error 500: Internal Server Error); retrying in 5s
[08-12 10:04:37] claim failed (HTTP Error 500: Internal Server Error); retrying in 5s
[08-12 10:04:42] claim failed (HTTP Error 500: Internal Server Error); retrying in 5s
[08-12 10:04:47] claim failed (HTTP Error 500: Internal Server Error); retrying in 5s
[08-12 10:04:52] claim failed (HTTP Error 500: Internal Server Error); retrying in 5s
[08-12 10:04:58] claim failed (HTTP Error 500: Internal Server Error); retrying in 5s
[08-12 10:05:03] claim failed (HTTP Error 500: Internal Server Error); retrying in 5s
[08-12 10:05:08] claim failed (HTTP Error 500: Internal Server Error); retrying in 5s
[08-12 10:05:13] claim failed (HTTP Error 500: Internal Server Error); retrying in 5s
[08-12 10:05:19] claim failed (HTTP Error 500: Internal Server Error); retrying in 5s
[08-12 10:05:24] claim failed (HTTP Error 500: Internal Server Error); retrying in 5s
[08-12 10:05:29] claim failed (HTTP Error 500: Internal Server Error); retrying in 5s
[08-12 10:05:34] claim failed (HTTP Error 500: Internal Server Error); retrying in 5s
[08-12 10:05:40] claim failed (HTTP Error 500: Internal Server Error); retrying in 5s
[08-12 10:05:45] claim failed (HTTP Error 500: Internal Server Error); retrying in 5s
[08-12 10:05:50] claim failed (HTTP Error 500: Internal Server Error); retrying in 5s
[08-12 10:05:55] claim failed (HTTP Error 500: Internal Server Error); retrying in 5s
[08-12 10:06:01] claim failed (HTTP Error 500: Internal Server Error); retrying in 5s
[08-12 10:06:06] claim failed (HTTP Error 500: Internal Server Error); retrying in 5s
[08-12 10:06:11] claim failed (HTTP Error 500: Internal Server Error); retrying in 5s
[08-12 10:06:16] claim failed (HTTP Error 500: Internal Server Error); retrying in 5s
[08-12 10:06:22] claim failed (HTTP Error 500: Internal Server Error); retrying in 5s
[08-12 10:06:27] claim failed (HTTP Error 500: Internal Server Error); retrying in 5s
[08-12 10:06:32] claim failed (HTTP Error 500: Internal Server Error); retrying in 5s
[08-12 10:06:37] claim failed (HTTP Error 500: Internal Server Error); retrying in 5s
[08-12 10:06:43] claim failed (HTTP Error 500: Internal Server Error); retrying in 5s
[08-12 10:06:48] claim failed (HTTP Error 500: Internal Server Error); retrying in 5s
[08-12 10:06:53] claim failed (HTTP Error 500: Internal Server Error); retrying in 5s
[08-12 10:06:58] claim failed (HTTP Error 500: Internal Server Error); retrying in 5s
[08-12 10:07:04] claim failed (HTTP Error 500: Internal Server Error); retrying in 5s
[08-12 10:07:09] claim failed (HTTP Error 500: Internal Server Error); retrying in 5s
[08-12 10:07:14] claim failed (HTTP Error 500: Internal Server Error); retrying in 5s
[08-12 10:07:19] claim failed (HTTP Error 500: Internal Server Error); retrying in 5s
[08-12 10:07:25] claim failed (HTTP Error 500: Internal Server Error); retrying in 5s
[08-12 10:07:30] claim failed (HTTP Error 500: Internal Server Error); retrying in 5s
[08-12 10:07:35] claim failed (HTTP Error 500: Internal Server Error); retrying in 5s
[08-12 10:07:40] claim failed (HTTP Error 500: Internal Server Error); retrying in 5s
[08-12 10:07:46] claim failed (HTTP Error 500: Internal Server Error); retrying in 5s
[08-12 10:07:51] claim failed (HTTP Error 500: Internal Server Error); retrying in 5s
[08-12 10:07:56] claim failed (HTTP Error 500: Internal Server Error); retrying in 5s
[08-12 10:08:01] claim failed (HTTP Error 500: Internal Server Error); retrying in 5s
[08-12 10:08:07] claim failed (HTTP Error 500: Internal Server Error); retrying in 5s
[08-12 10:08:12] claim failed (HTTP Error 500: Internal Server Error); retrying in 5s
[08-12 10:08:17] claim failed (HTTP Error 500: Internal Server Error); retrying in 5s
[08-12 10:08:24] claim failed (HTTP Error 500: Internal Server Error); retrying in 5s
[08-12 10:08:29] claim failed (HTTP Error 500: Internal Server Error); retrying in 5s
[08-12 10:08:34] claim failed (HTTP Error 500: Internal Server Error); retrying in 5s
[08-12 10:08:39] claim failed (HTTP Error 500: Internal Server Error); retrying in 5s
[08-12 10:08:44] claim failed (HTTP Error 500: Internal Server Error); retrying in 5s
[08-12 10:08:50] claim failed (HTTP Error 500: Internal Server Error); retrying in 5s
[08-12 10:08:55] claim failed (HTTP Error 500: Internal Server Error); retrying in 5s
[08-12 10:09:00] claim failed (HTTP Error 500: Internal Server Error); retrying in 5s
[08-12 10:09:05] claim failed (HTTP Error 500: Internal Server Error); retrying in 5s
[08-12 10:09:11] claim failed (HTTP Error 500: Internal Server Error); retrying in 5s
[08-12 10:09:16] claim failed (HTTP Error 500: Internal Server Error); retrying in 5s
[08-12 10:09:21] claim failed (HTTP Error 500: Internal Server Error); retrying in 5s
[08-12 10:09:27] claim failed (HTTP Error 500: Internal Server Error); retrying in 5s
[08-12 10:09:32] claim failed (HTTP Error 500: Internal Server Error); retrying in 5s
[08-12 10:09:37] claim failed (HTTP Error 500: Internal Server Error); retrying in 5s
[08-12 10:09:42] claim failed (HTTP Error 500: Internal Server Error); retrying in 5s
[08-12 10:09:47] claim failed (HTTP Error 500: Internal Server Error); retrying in 5s
[08-12 10:09:53] claim failed (HTTP Error 500: Internal Server Error); retrying in 5s
[08-12 10:09:58] claim failed (HTTP Error 500: Internal Server Error); retrying in 5s
[08-12 10:10:03] claim failed (HTTP Error 500: Internal Server Error); retrying in 5s
[08-12 10:10:08] claim failed (HTTP Error 500: Internal Server Error); retrying in 5s
[08-12 10:10:14] claim failed (HTTP Error 500: Internal Server Error); retrying in 5s
[08-12 10:10:19] claim failed (HTTP Error 500: Internal Server Error); retrying in 5s
[08-12 10:10:24] claim failed (HTTP Error 500: Internal Server Error); retrying in 5s
[08-12 10:10:29] claim failed (HTTP Error 500: Internal Server Error); retrying in 5s
[08-12 10:10:35] claim failed (HTTP Error 500: Internal Server Error); retrying in 5s
[08-12 10:10:40] claim failed (HTTP Error 500: Internal Server Error); retrying in 5s
[08-12 10:10:45] claim failed (HTTP Error 500: Internal Server Error); retrying in 5s
[08-12 10:10:50] claim failed (HTTP Error 500: Internal Server Error); retrying in 5s
[08-12 10:10:56] claim failed (HTTP Error 500: Internal Server Error); retrying in 5s
[08-12 10:11:01] claim failed (HTTP Error 500: Internal Server Error); retrying in 5s
[08-12 10:11:06] claim failed (HTTP Error 500: Internal Server Error); retrying in 5s
[08-12 10:11:12] claim failed (HTTP Error 500: Internal Server Error); retrying in 5s
[08-12 10:11:17] claim failed (HTTP Error 500: Internal Server Error); retrying in 5s
[08-12 10:11:22] claim failed (HTTP Error 500: Internal Server Error); retrying in 5s
[08-12 10:11:27] claim failed (HTTP Error 500: Internal Server Error); retrying in 5s
[08-12 10:11:33] claim failed (HTTP Error 500: Internal Server Error); retrying in 5s
[08-12 10:11:38] claim failed (HTTP Error 500: Internal Server Error); retrying in 5s
[08-12 10:11:43] claim failed (HTTP Error 500: Internal Server Error); retrying in 5s
[08-12 10:11:48] claim failed (HTTP Error 500: Internal Server Error); retrying in 5s
[08-12 10:11:54] claim failed (HTTP Error 500: Internal Server Error); retrying in 5s
[08-12 10:11:59] claim failed (HTTP Error 500: Internal Server Error); retrying in 5s
[08-12 10:12:04] claim failed (HTTP Error 500: Internal Server Error); retrying in 5s
[08-12 10:12:09] claim failed (HTTP Error 500: Internal Server Error); retrying in 5s
[08-12 10:12:15] claim failed (HTTP Error 500: Internal Server Error); retrying in 5s
[08-12 10:12:20] claim failed (HTTP Error 500: Internal Server Error); retrying in 5s
[08-12 10:12:25] claim failed (HTTP Error 500: Internal Server Error); retrying in 5s
[08-12 10:12:30] claim failed (HTTP Error 500: Internal Server Error); retrying in 5s
[08-12 10:12:36] claim failed (HTTP Error 500: Internal Server Error); retrying in 5s
[08-12 10:12:41] claim failed (HTTP Error 500: Internal Server Error); retrying in 5s
[08-12 10:12:46] claim failed (HTTP Error 500: Internal Server Error); retrying in 5s
[08-12 10:12:51] claim failed (HTTP Error 500: Internal Server Error); retrying in 5s
[08-12 10:12:57] claim failed (HTTP Error 500: Internal Server Error); retrying in 5s
[08-12 10:13:02] claim failed (HTTP Error 500: Internal Server Error); retrying in 5s
[08-12 10:13:07] claim failed (HTTP Error 500: Internal Server Error); retrying in 5s
[08-12 10:13:12] claim failed (HTTP Error 500: Internal Server Error); retrying in 5s
[08-12 10:13:18] claim failed (HTTP Error 500: Internal Server Error); retrying in 5s
[08-12 10:13:23] claim failed (HTTP Error 500: Internal Server Error); retrying in 5s
[08-12 10:13:28] claim failed (HTTP Error 500: Internal Server Error); retrying in 5s
[08-12 10:13:33] claim failed (HTTP Error 500: Internal Server Error); retrying in 5s
[08-12 10:13:39] claim failed (HTTP Error 500: Internal Server Error); retrying in 5s
[08-12 10:13:44] claim failed (HTTP Error 500: Internal Server Error); retrying in 5s
[08-12 10:13:49] claim failed (HTTP Error 500: Internal Server Error); retrying in 5s
[08-12 10:13:54] claim failed (HTTP Error 500: Internal Server Error); retrying in 5s
[08-12 10:14:00] claim failed (HTTP Error 500: Internal Server Error); retrying in 5s
[08-12 10:14:05] claim failed (HTTP Error 500: Internal Server Error); retrying in 5s
[08-12 10:14:10] claim failed (HTTP Error 500: Internal Server Error); retrying in 5s
[08-12 10:14:16] claim failed (HTTP Error 500: Internal Server Error); retrying in 5s
[08-12 10:14:21] claim failed (HTTP Error 500: Internal Server Error); retrying in 5s
[08-12 10:14:26] claim failed (HTTP Error 500: Internal Server Error); retrying in 5s
[08-12 10:14:31] claim failed (HTTP Error 500: Internal Server Error); retrying in 5s
[08-12 10:14:36] claim failed (HTTP Error 500: Internal Server Error); retrying in 5s
[08-12 10:14:42] claim failed (HTTP Error 500: Internal Server Error); retrying in 5s
[08-12 10:14:47] claim failed (HTTP Error 500: Internal Server Error); retrying in 5s
[08-12 10:14:52] claim failed (HTTP Error 500: Internal Server Error); retrying in 5s
[08-12 10:14:57] claim failed (HTTP Error 500: Internal Server Error); retrying in 5s
[08-12 10:15:03] claim failed (HTTP Error 500: Internal Server Error); retrying in 5s
[08-12 10:15:08] claim failed (HTTP Error 500: Internal Server Error); retrying in 5s
[08-12 10:15:13] claim failed (HTTP Error 500: Internal Server Error); retrying in 5s
[08-12 10:15:19] claim failed (HTTP Error 500: Internal Server Error); retrying in 5s
[08-12 10:15:24] claim failed (HTTP Error 500: Internal Server Error); retrying in 5s
[08-12 10:15:29] claim failed (HTTP Error 500: Internal Server Error); retrying in 5s
[08-12 10:15:34] claim failed (HTTP Error 500: Internal Server Error); retrying in 5s
[08-12 10:15:40] claim failed (HTTP Error 500: Internal Server Error); retrying in 5s
[08-12 10:15:45] claim failed (HTTP Error 500: Internal Server Error); retrying in 5s
[08-12 10:15:50] claim failed (HTTP Error 500: Internal Server Error); retrying in 5s
[08-12 10:15:55] claim failed (HTTP Error 500: Internal Server Error); retrying in 5s
[08-12 10:16:00] claim failed (HTTP Error 500: Internal Server Error); retrying in 5s
[08-12 10:16:06] claim failed (HTTP Error 500: Internal Server Error); retrying in 5s
[08-12 10:16:11] claim failed (HTTP Error 500: Internal Server Error); retrying in 5s
[08-12 10:16:16] claim failed (HTTP Error 500: Internal Server Error); retrying in 5s
[08-12 10:16:22] claim failed (HTTP Error 500: Internal Server Error); retrying in 5s
[08-12 10:16:27] claim failed (HTTP Error 500: Internal Server Error); retrying in 5s
[08-12 10:16:32] claim failed (HTTP Error 500: Internal Server Error); retrying in 5s
[08-12 10:16:37] claim failed (HTTP Error 500: Internal Server Error); retrying in 5s
[08-12 10:16:43] claim failed (HTTP Error 500: Internal Server Error); retrying in 5s
[08-12 10:16:48] claim failed (HTTP Error 500: Internal Server Error); retrying in 5s
[08-12 10:16:53] claim failed (HTTP Error 500: Internal Server Error); retrying in 5s
[08-12 10:16:58] claim failed (HTTP Error 500: Internal Server Error); retrying in 5s
[08-12 10:17:04] claim failed (HTTP Error 500: Internal Server Error); retrying in 5s
[08-12 10:17:09] claim failed (HTTP Error 500: Internal Server Error); retrying in 5s
[08-12 10:17:14] claim failed (HTTP Error 500: Internal Server Error); retrying in 5s
[08-12 10:17:19] claim failed (HTTP Error 500: Internal Server Error); retrying in 5s
[08-12 10:17:25] claim failed (HTTP Error 500: Internal Server Error); retrying in 5s
[08-12 10:17:30] claim failed (HTTP Error 500: Internal Server Error); retrying in 5s
[08-12 10:17:35] claim failed (HTTP Error 500: Internal Server Error); retrying in 5s
[08-12 10:17:40] claim failed (HTTP Error 500: Internal Server Error); retrying in 5s
[08-12 10:17:46] claim failed (HTTP Error 500: Internal Server Error); retrying in 5s
[08-12 10:17:51] claim failed (HTTP Error 500: Internal Server Error); retrying in 5s
[08-12 10:17:56] claim failed (HTTP Error 500: Internal Server Error); retrying in 5s
[08-12 10:18:01] claim failed (HTTP Error 500: Internal Server Error); retrying in 5s
[08-12 10:18:07] claim failed (HTTP Error 500: Internal Server Error); retrying in 5s
[08-12 10:18:12] claim failed (HTTP Error 500: Internal Server Error); retrying in 5s
[08-12 10:18:17] claim failed (HTTP Error 500: Internal Server Error); retrying in 5s
[08-12 10:18:22] claim failed (HTTP Error 500: Internal Server Error); retrying in 5s
[08-12 10:18:28] claim failed (HTTP Error 500: Internal Server Error); retrying in 5s
[08-12 10:18:33] claim failed (HTTP Error 500: Internal Server Error); retrying in 5s
[08-12 10:18:38] claim failed (HTTP Error 500: Internal Server Error); retrying in 5s
[08-12 10:18:43] claim failed (HTTP Error 500: Internal Server Error); retrying in 5s
[08-12 10:18:48] claim failed (HTTP Error 500: Internal Server Error); retrying in 5s
[08-12 10:18:54] claim failed (HTTP Error 500: Internal Server Error); retrying in 5s
[08-12 10:18:59] claim failed (HTTP Error 500: Internal Server Error); retrying in 5s
[08-12 10:19:04] claim failed (HTTP Error 500: Internal Server Error); retrying in 5s
[08-12 10:19:09] claim failed (HTTP Error 500: Internal Server Error); retrying in 5s
[08-12 10:19:15] claim failed (HTTP Error 500: Internal Server Error); retrying in 5s
[08-12 10:19:20] claim failed (HTTP Error 500: Internal Server Error); retrying in 5s
[08-12 10:19:25] claim failed (HTTP Error 500: Internal Server Error); retrying in 5s
[08-12 10:19:30] claim failed (HTTP Error 500: Internal Server Error); retrying in 5s
[08-12 10:19:36] claim failed (HTTP Error 500: Internal Server Error); retrying in 5s
[08-12 10:19:41] claim failed (HTTP Error 500: Internal Server Error); retrying in 5s
[08-12 10:19:46] claim failed (HTTP Error 500: Internal Server Error); retrying in 5s
[08-12 10:19:52] claim failed (HTTP Error 500: Internal Server Error); retrying in 5s
[08-12 10:19:57] claim failed (HTTP Error 500: Internal Server Error); retrying in 5s
[08-12 10:20:02] claim failed (HTTP Error 500: Internal Server Error); retrying in 5s
[08-12 10:20:07] claim failed (HTTP Error 500: Internal Server Error); retrying in 5s
[08-12 10:20:13] claim failed (HTTP Error 500: Internal Server Error); retrying in 5s
[08-12 10:20:18] claim failed (HTTP Error 500: Internal Server Error); retrying in 5s
[08-12 10:20:23] claim failed (HTTP Error 500: Internal Server Error); retrying in 5s
[08-12 10:20:28] claim failed (HTTP Error 500: Internal Server Error); retrying in 5s
[08-12 10:20:34] claim failed (HTTP Error 500: Internal Server Error); retrying in 5s
[08-12 10:20:39] claim failed (HTTP Error 500: Internal Server Error); retrying in 5s
[08-12 10:20:44] claim failed (HTTP Error 500: Internal Server Error); retrying in 5s
[08-12 10:20:49] claim failed (HTTP Error 500: Internal Server Error); retrying in 5s
[08-12 10:20:55] claim failed (HTTP Error 500: Internal Server Error); retrying in 5s
[08-12 10:21:00] claim failed (HTTP Error 500: Internal Server Error); retrying in 5s
[08-12 10:21:05] claim failed (HTTP Error 500: Internal Server Error); retrying in 5s
[08-12 10:21:10] claim failed (HTTP Error 500: Internal Server Error); retrying in 5s
[08-12 10:21:16] claim failed (HTTP Error 500: Internal Server Error); retrying in 5s
[08-12 10:21:21] claim failed (HTTP Error 500: Internal Server Error); retrying in 5s
[08-12 10:21:26] claim failed (HTTP Error 500: Internal Server Error); retrying in 5s
[08-12 10:21:31] claim failed (HTTP Error 500: Internal Server Error); retrying in 5s
[08-12 10:21:37] claim failed (HTTP Error 500: Internal Server Error); retrying in 5s
[08-12 10:21:42] claim failed (HTTP Error 500: Internal Server Error); retrying in 5s
[08-12 10:21:47] claim failed (HTTP Error 500: Internal Server Error); retrying in 5s
[08-12 10:21:53] claim failed (HTTP Error 500: Internal Server Error); retrying in 5s
[08-12 10:21:58] claim failed (HTTP Error 500: Internal Server Error); retrying in 5s
[08-12 10:22:03] claim failed (HTTP Error 500: Internal Server Error); retrying in 5s
[08-12 10:22:08] claim failed (HTTP Error 500: Internal Server Error); retrying in 5s
[08-12 10:22:14] claim failed (HTTP Error 500: Internal Server Error); retrying in 5s
[08-12 10:22:19] claim failed (HTTP Error 500: Internal Server Error); retrying in 5s
[08-12 10:22:24] claim failed (HTTP Error 500: Internal Server Error); retrying in 5s
[08-12 10:22:29] claim failed (HTTP Error 500: Internal Server Error); retrying in 5s
[08-12 10:22:35] claim failed (HTTP Error 500: Internal Server Error); retrying in 5s
[08-12 10:22:40] claim failed (HTTP Error 500: Internal Server Error); retrying in 5s
[08-12 10:22:45] claim failed (HTTP Error 500: Internal Server Error); retrying in 5s
[08-12 10:22:50] claim failed (HTTP Error 500: Internal Server Error); retrying in 5s
[08-12 10:22:56] claim failed (HTTP Error 500: Internal Server Error); retrying in 5s
[08-12 10:23:01] claim failed (HTTP Error 500: Internal Server Error); retrying in 5s
[08-12 10:23:06] claim failed (HTTP Error 500: Internal Server Error); retrying in 5s
[08-12 10:23:11] claim failed (HTTP Error 500: Internal Server Error); retrying in 5s
[08-12 10:23:17] claim failed (HTTP Error 500: Internal Server Error); retrying in 5s
[08-12 10:23:22] claim failed (HTTP Error 500: Internal Server Error); retrying in 5s
[08-12 10:23:27] claim failed (HTTP Error 500: Internal Server Error); retrying in 5s
[08-12 10:23:32] claim failed (HTTP Error 500: Internal Server Error); retrying in 5s
[08-12 10:23:38] claim failed (HTTP Error 500: Internal Server Error); retrying in 5s
[08-12 10:23:43] claim failed (HTTP Error 500: Internal Server Error); retrying in 5s
[08-12 10:23:48] claim failed (HTTP Error 500: Internal Server Error); retrying in 5s
[08-12 10:23:53] claim failed (HTTP Error 500: Internal Server Error); retrying in 5s
[08-12 10:23:59] claim failed (HTTP Error 500: Internal Server Error); retrying in 5s
[08-12 10:24:04] claim failed (HTTP Error 500: Internal Server Error); retrying in 5s
[08-12 10:24:09] claim failed (HTTP Error 500: Internal Server Error); retrying in 5s
[08-12 10:24:14] claim failed (HTTP Error 500: Internal Server Error); retrying in 5s
[08-12 10:24:20] claim failed (HTTP Error 500: Internal Server Error); retrying in 5s
[08-12 10:24:25] claim failed (HTTP Error 500: Internal Server Error); retrying in 5s
[08-12 10:24:30] claim failed (HTTP Error 500: Internal Server Error); retrying in 5s
[08-12 10:24:35] claim failed (HTTP Error 500: Internal Server Error); retrying in 5s
[08-12 10:24:41] claim failed (HTTP Error 500: Internal Server Error); retrying in 5s
[08-12 10:24:46] claim failed (HTTP Error 500: Internal Server Error); retrying in 5s
[08-12 10:24:51] claim failed (HTTP Error 500: Internal Server Error); retrying in 5s
[08-12 10:24:56] claim failed (HTTP Error 500: Internal Server Error); retrying in 5s
[08-12 10:25:02] claim failed (HTTP Error 500: Internal Server Error); retrying in 5s
[08-12 10:25:07] claim failed (HTTP Error 500: Internal Server Error); retrying in 5s
[08-12 10:25:12] claim failed (HTTP Error 500: Internal Server Error); retrying in 5s
[08-12 10:25:17] claim failed (HTTP Error 500: Internal Server Error); retrying in 5s
[08-12 10:25:23] claim failed (HTTP Error 500: Internal Server Error); retrying in 5s
[08-12 10:25:28] claim failed (HTTP Error 500: Internal Server Error); retrying in 5s
[08-12 10:25:33] claim failed (HTTP Error 500: Internal Server Error); retrying in 5s
[08-12 10:25:38] claim failed (HTTP Error 500: Internal Server Error); retrying in 5s
[08-12 10:25:44] claim failed (HTTP Error 500: Internal Server Error); retrying in 5s
[08-12 10:25:49] claim failed (HTTP Error 500: Internal Server Error); retrying in 5s
[08-12 10:25:54] claim failed (HTTP Error 500: Internal Server Error); retrying in 5s
[08-12 10:25:59] claim failed (HTTP Error 500: Internal Server Error); retrying in 5s
[08-12 10:26:05] claim failed (HTTP Error 500: Internal Server Error); retrying in 5s
[08-12 10:26:10] claim failed (HTTP Error 500: Internal Server Error); retrying in 5s
[08-12 10:26:15] claim failed (HTTP Error 500: Internal Server Error); retrying in 5s
[08-12 10:26:20] claim failed (HTTP Error 500: Internal Server Error); retrying in 5s
[08-12 10:26:26] claim failed (HTTP Error 500: Internal Server Error); retrying in 5s
[08-12 10:26:31] claim failed (HTTP Error 500: Internal Server Error); retrying in 5s
[08-12 10:26:36] claim failed (HTTP Error 500: Internal Server Error); retrying in 5s
[08-12 10:26:41] claim failed (HTTP Error 500: Internal Server Error); retrying in 5s
[08-12 10:26:47] claim failed (HTTP Error 500: Internal Server Error); retrying in 5s
[08-12 10:26:52] claim failed (HTTP Error 500: Internal Server Error); retrying in 5s
[08-12 10:26:57] claim failed (HTTP Error 500: Internal Server Error); retrying in 5s
[08-12 10:27:02] claim failed (HTTP Error 500: Internal Server Error); retrying in 5s
[08-12 10:27:08] claim failed (HTTP Error 500: Internal Server Error); retrying in 5s
[08-12 10:27:13] claim failed (HTTP Error 500: Internal Server Error); retrying in 5s
[08-12 10:27:18] claim failed (HTTP Error 500: Internal Server Error); retrying in 5s
[08-12 10:27:23] claim failed (HTTP Error 500: Internal Server Error); retrying in 5s
[08-12 10:27:29] claim failed (HTTP Error 500: Internal Server Error); retrying in 5s
[08-12 10:27:34] claim failed (HTTP Error 500: Internal Server Error); retrying in 5s
[08-12 10:27:39] claim failed (HTTP Error 500: Internal Server Error); retrying in 5s
[08-12 10:27:44] claim failed (HTTP Error 500: Internal Server Error); retrying in 5s
[08-12 10:27:50] claim failed (HTTP Error 500: Internal Server Error); retrying in 5s
[08-12 10:27:55] claim failed (HTTP Error 500: Internal Server Error); retrying in 5s
[08-12 10:28:00] claim failed (HTTP Error 500: Internal Server Error); retrying in 5s
[08-12 10:28:05] claim failed (HTTP Error 500: Internal Server Error); retrying in 5s
[08-12 10:28:11] claim failed (HTTP Error 500: Internal Server Error); retrying in 5s
[08-12 10:28:16] claim failed (HTTP Error 500: Internal Server Error); retrying in 5s
[08-12 10:28:21] claim failed (HTTP Error 500: Internal Server Error); retrying in 5s
[08-12 10:28:27] claim failed (HTTP Error 500: Internal Server Error); retrying in 5s
[08-12 10:28:32] claim failed (HTTP Error 500: Internal Server Error); retrying in 5s
[08-12 10:28:37] claim failed (HTTP Error 500: Internal Server Error); retrying in 5s
[08-12 10:28:42] claim failed (HTTP Error 500: Internal Server Error); retrying in 5s
[08-12 10:28:48] claim failed (HTTP Error 500: Internal Server Error); retrying in 5s
[08-12 10:28:53] claim failed (HTTP Error 500: Internal Server Error); retrying in 5s
[08-12 10:28:58] claim failed (HTTP Error 500: Internal Server Error); retrying in 5s
[08-12 10:29:03] claim failed (HTTP Error 500: Internal Server Error); retrying in 5s
[08-12 10:29:09] claim failed (HTTP Error 500: Internal Server Error); retrying in 5s
[08-12 10:29:14] claim failed (HTTP Error 500: Internal Server Error); retrying in 5s
[08-12 10:29:19] claim failed (HTTP Error 500: Internal Server Error); retrying in 5s
[08-12 10:29:24] claim failed (HTTP Error 500: Internal Server Error); retrying in 5s
[08-12 10:29:30] claim failed (HTTP Error 500: Internal Server Error); retrying in 5s
[08-12 10:29:35] claim failed (HTTP Error 500: Internal Server Error); retrying in 5s
[08-12 10:29:40] claim failed (HTTP Error 500: Internal Server Error); retrying in 5s
[08-12 10:29:45] claim failed (HTTP Error 500: Internal Server Error); retrying in 5s
[08-12 10:29:51] claim failed (HTTP Error 500: Internal Server Error); retrying in 5s
[08-12 10:29:56] claim failed (HTTP Error 500: Internal Server Error); retrying in 5s
[08-12 10:30:01] claim failed (HTTP Error 500: Internal Server Error); retrying in 5s
[08-12 10:30:06] claim failed (HTTP Error 500: Internal Server Error); retrying in 5s
[08-12 10:30:12] claim failed (HTTP Error 500: Internal Server Error); retrying in 5s
[08-12 10:30:17] claim failed (HTTP Error 500: Internal Server Error); retrying in 5s
[08-12 10:30:22] claim failed (HTTP Error 500: Internal Server Error); retrying in 5s
[08-12 10:30:27] claim failed (HTTP Error 500: Internal Server Error); retrying in 5s
[08-12 10:30:33] claim failed (HTTP Error 500: Internal Server Error); retrying in 5s
[08-12 10:30:38] claim failed (HTTP Error 500: Internal Server Error); retrying in 5s
[08-12 10:30:43] claim failed (HTTP Error 500: Internal Server Error); retrying in 5s
[08-12 10:30:49] claim failed (HTTP Error 500: Internal Server Error); retrying in 5s
[08-12 10:30:54] claim failed (HTTP Error 500: Internal Server Error); retrying in 5s
[08-12 10:30:59] claim failed (HTTP Error 500: Internal Server Error); retrying in 5s
[08-12 10:31:04] claim failed (HTTP Error 500: Internal Server Error); retrying in 5s
[08-12 10:31:10] claim failed (HTTP Error 500: Internal Server Error); retrying in 5s
[08-12 10:31:15] claim failed (HTTP Error 500: Internal Server Error); retrying in 5s
[08-12 10:31:20] claim failed (HTTP Error 500: Internal Server Error); retrying in 5s
[08-12 10:31:25] claim failed (HTTP Error 500: Internal Server Error); retrying in 5s
[08-12 10:31:30] claim failed (HTTP Error 500: Internal Server Error); retrying in 5s
[08-12 10:31:36] claim failed (HTTP Error 500: Internal Server Error); retrying in 5s
[08-12 10:31:41] claim failed (HTTP Error 500: Internal Server Error); retrying in 5s
[08-12 10:31:46] claim failed (HTTP Error 500: Internal Server Error); retrying in 5s
[08-12 10:31:51] claim failed (HTTP Error 500: Internal Server Error); retrying in 5s
[08-12 10:31:57] claim failed (HTTP Error 500: Internal Server Error); retrying in 5s
[08-12 10:32:02] claim failed (HTTP Error 500: Internal Server Error); retrying in 5s
[08-12 10:32:07] claim failed (HTTP Error 500: Internal Server Error); retrying in 5s
[08-12 10:32:12] claim failed (HTTP Error 500: Internal Server Error); retrying in 5s
[08-12 10:32:18] claim failed (HTTP Error 500: Internal Server Error); retrying in 5s
[08-12 10:32:23] claim failed (HTTP Error 500: Internal Server Error); retrying in 5s
[08-12 10:32:28] claim failed (HTTP Error 500: Internal Server Error); retrying in 5s
[08-12 10:32:33] claim failed (HTTP Error 500: Internal Server Error); retrying in 5s
[08-12 10:32:39] claim failed (HTTP Error 500: Internal Server Error); retrying in 5s
[08-12 10:32:44] claim failed (HTTP Error 500: Internal Server Error); retrying in 5s
[08-12 10:32:49] claim failed (HTTP Error 500: Internal Server Error); retrying in 5s
[08-12 10:32:54] claim failed (HTTP Error 500: Internal Server Error); retrying in 5s
[08-12 10:33:00] claim failed (HTTP Error 500: Internal Server Error); retrying in 5s
[08-12 10:33:05] claim failed (HTTP Error 500: Internal Server Error); retrying in 5s
[08-12 10:33:10] claim failed (HTTP Error 500: Internal Server Error); retrying in 5s
[08-12 10:33:15] claim failed (HTTP Error 500: Internal Server Error); retrying in 5s
[08-12 10:33:21] claim failed (HTTP Error 500: Internal Server Error); retrying in 5s
[08-12 10:33:26] claim failed (HTTP Error 500: Internal Server Error); retrying in 5s
[08-12 10:33:31] claim failed (HTTP Error 500: Internal Server Error); retrying in 5s
[08-12 10:33:37] claim failed (HTTP Error 500: Internal Server Error); retrying in 5s
[08-12 10:33:42] claim failed (HTTP Error 500: Internal Server Error); retrying in 5s
[08-12 10:33:47] claim failed (HTTP Error 500: Internal Server Error); retrying in 5s
[08-12 10:33:52] claim failed (HTTP Error 500: Internal Server Error); retrying in 5s
[08-12 10:33:58] claim failed (HTTP Error 500: Internal Server Error); retrying in 5s
[08-12 10:34:03] claim failed (HTTP Error 500: Internal Server Error); retrying in 5s
[08-12 10:34:08] claim failed (HTTP Error 500: Internal Server Error); retrying in 5s
[08-12 10:34:13] claim failed (HTTP Error 500: Internal Server Error); retrying in 5s
[08-12 10:34:19] claim failed (HTTP Error 500: Internal Server Error); retrying in 5s
[08-12 10:34:24] claim failed (HTTP Error 500: Internal Server Error); retrying in 5s
[08-12 10:34:29] claim failed (HTTP Error 500: Internal Server Error); retrying in 5s
[08-12 10:34:34] claim failed (HTTP Error 500: Internal Server Error); retrying in 5s
[08-12 10:34:40] claim failed (HTTP Error 500: Internal Server Error); retrying in 5s
[08-12 10:34:45] claim failed (HTTP Error 500: Internal Server Error); retrying in 5s
[08-12 10:34:50] claim failed (HTTP Error 500: Internal Server Error); retrying in 5s
[08-12 10:34:55] claim failed (HTTP Error 500: Internal Server Error); retrying in 5s
[08-12 10:35:01] claim failed (HTTP Error 500: Internal Server Error); retrying in 5s
[08-12 10:35:06] claim failed (HTTP Error 500: Internal Server Error); retrying in 5s
[08-12 10:35:11] claim failed (HTTP Error 500: Internal Server Error); retrying in 5s
[08-12 10:35:17] claim failed (HTTP Error 500: Internal Server Error); retrying in 5s
[08-12 10:35:22] claim failed (HTTP Error 500: Internal Server Error); retrying in 5s
[08-12 10:35:27] claim failed (HTTP Error 500: Internal Server Error); retrying in 5s
[08-12 10:35:32] claim failed (HTTP Error 500: Internal Server Error); retrying in 5s
[08-12 10:35:38] claim failed (HTTP Error 500: Internal Server Error); retrying in 5s
[08-12 10:35:43] claim failed (HTTP Error 500: Internal Server Error); retrying in 5s
[08-12 10:35:48] claim failed (HTTP Error 500: Internal Server Error); retrying in 5s
[08-12 10:35:54] claim failed (HTTP Error 500: Internal Server Error); retrying in 5s
[08-12 10:35:59] claim failed (HTTP Error 500: Internal Server Error); retrying in 5s
[08-12 10:36:04] claim failed (HTTP Error 500: Internal Server Error); retrying in 5s
[08-12 10:36:09] claim failed (HTTP Error 500: Internal Server Error); retrying in 5s
[08-12 10:36:15] claim failed (HTTP Error 500: Internal Server Error); retrying in 5s
[08-12 10:36:20] claim failed (HTTP Error 500: Internal Server Error); retrying in 5s
[08-12 10:36:25] claim failed (HTTP Error 500: Internal Server Error); retrying in 5s
[08-12 10:36:30] claim failed (HTTP Error 500: Internal Server Error); retrying in 5s
[08-12 10:36:36] claim failed (HTTP Error 500: Internal Server Error); retrying in 5s
[08-12 10:36:41] claim failed (HTTP Error 500: Internal Server Error); retrying in 5s
[08-12 10:36:46] claim failed (HTTP Error 500: Internal Server Error); retrying in 5s
[08-12 10:36:51] claim failed (HTTP Error 500: Internal Server Error); retrying in 5s
[08-12 10:36:57] claim failed (HTTP Error 500: Internal Server Error); retrying in 5s
[08-12 10:37:02] claim failed (HTTP Error 500: Internal Server Error); retrying in 5s
[08-12 10:37:07] claim failed (HTTP Error 500: Internal Server Error); retrying in 5s
[08-12 10:37:12] claim failed (HTTP Error 500: Internal Server Error); retrying in 5s
[08-12 10:37:18] claim failed (HTTP Error 500: Internal Server Error); retrying in 5s
[08-12 10:37:23] claim failed (HTTP Error 500: Internal Server Error); retrying in 5s
[08-12 10:37:28] claim failed (HTTP Error 500: Internal Server Error); retrying in 5s
[08-12 10:37:33] claim failed (HTTP Error 500: Internal Server Error); retrying in 5s
[08-12 10:37:39] claim failed (HTTP Error 500: Internal Server Error); retrying in 5s
[08-12 10:37:44] claim failed (HTTP Error 500: Internal Server Error); retrying in 5s
[08-12 10:37:49] claim failed (HTTP Error 500: Internal Server Error); retrying in 5s
[08-12 10:37:54] claim failed (HTTP Error 500: Internal Server Error); retrying in 5s
[08-12 10:38:00] claim failed (HTTP Error 500: Internal Server Error); retrying in 5s
[08-12 10:38:05] claim failed (HTTP Error 500: Internal Server Error); retrying in 5s
[08-12 10:38:10] claim failed (HTTP Error 500: Internal Server Error); retrying in 5s
[08-12 10:38:15] claim failed (HTTP Error 500: Internal Server Error); retrying in 5s
[08-12 10:38:21] claim failed (HTTP Error 500: Internal Server Error); retrying in 5s
[08-12 10:38:26] claim failed (HTTP Error 500: Internal Server Error); retrying in 5s
[08-12 10:38:31] claim failed (HTTP Error 500: Internal Server Error); retrying in 5s
[08-12 10:38:36] claim failed (HTTP Error 500: Internal Server Error); retrying in 5s
[08-12 10:38:42] claim failed (HTTP Error 500: Internal Server Error); retrying in 5s
[08-12 10:38:47] claim failed (HTTP Error 500: Internal Server Error); retrying in 5s
[08-12 10:38:52] claim failed (HTTP Error 500: Internal Server Error); retrying in 5s
[08-12 10:38:57] claim failed (HTTP Error 500: Internal Server Error); retrying in 5s
[08-12 10:39:03] claim failed (HTTP Error 500: Internal Server Error); retrying in 5s
[08-12 10:39:08] claim failed (HTTP Error 500: Internal Server Error); retrying in 5s
[08-12 10:39:13] claim failed (HTTP Error 500: Internal Server Error); retrying in 5s
[08-12 10:39:18] claim failed (HTTP Error 500: Internal Server Error); retrying in 5s
[08-12 10:39:24] claim failed (HTTP Error 500: Internal Server Error); retrying in 5s
[08-12 10:39:29] claim failed (HTTP Error 500: Internal Server Error); retrying in 5s
[08-12 10:39:34] claim failed (HTTP Error 500: Internal Server Error); retrying in 5s
[08-12 10:39:39] claim failed (HTTP Error 500: Internal Server Error); retrying in 5s
[08-12 10:39:45] claim failed (HTTP Error 500: Internal Server Error); retrying in 5s
[08-12 10:39:50] claim failed (HTTP Error 500: Internal Server Error); retrying in 5s
[08-12 10:39:55] claim failed (HTTP Error 500: Internal Server Error); retrying in 5s
[08-12 10:40:00] claim failed (HTTP Error 500: Internal Server Error); retrying in 5s
[08-12 10:40:06] claim failed (HTTP Error 500: Internal Server Error); retrying in 5s
[08-12 10:40:11] claim failed (HTTP Error 500: Internal Server Error); retrying in 5s
[08-12 10:40:16] claim failed (HTTP Error 500: Internal Server Error); retrying in 5s
[08-12 10:40:21] claim failed (HTTP Error 500: Internal Server Error); retrying in 5s
[08-12 10:40:27] claim failed (HTTP Error 500: Internal Server Error); retrying in 5s
[08-12 10:40:32] claim failed (HTTP Error 500: Internal Server Error); retrying in 5s
[08-12 10:40:37] claim failed (HTTP Error 500: Internal Server Error); retrying in 5s
[08-12 10:40:42] claim failed (HTTP Error 500: Internal Server Error); retrying in 5s
[08-12 10:40:48] claim failed (HTTP Error 500: Internal Server Error); retrying in 5s
[08-12 10:40:53] claim failed (HTTP Error 500: Internal Server Error); retrying in 5s
[08-12 10:40:58] claim failed (HTTP Error 500: Internal Server Error); retrying in 5s
[08-12 10:41:03] claim failed (HTTP Error 500: Internal Server Error); retrying in 5s
[08-12 10:41:09] claim failed (HTTP Error 500: Internal Server Error); retrying in 5s
[08-12 10:41:14] claim failed (HTTP Error 500: Internal Server Error); retrying in 5s
[08-12 10:41:19] claim failed (HTTP Error 500: Internal Server Error); retrying in 5s
[08-12 10:41:24] claim failed (HTTP Error 500: Internal Server Error); retrying in 5s
[08-12 10:41:30] claim failed (HTTP Error 500: Internal Server Error); retrying in 5s
[08-12 10:41:35] claim failed (HTTP Error 500: Internal Server Error); retrying in 5s
[08-12 10:41:40] claim failed (HTTP Error 500: Internal Server Error); retrying in 5s
[08-12 10:41:45] claim failed (HTTP Error 500: Internal Server Error); retrying in 5s
[08-12 10:41:51] claim failed (HTTP Error 500: Internal Server Error); retrying in 5s
[08-12 10:41:56] claim failed (HTTP Error 500: Internal Server Error); retrying in 5s
[08-12 10:42:01] claim failed (HTTP Error 500: Internal Server Error); retrying in 5s
[08-12 10:42:06] claim failed (HTTP Error 500: Internal Server Error); retrying in 5s
[08-12 10:42:12] claim failed (HTTP Error 500: Internal Server Error); retrying in 5s
[08-12 10:42:17] claim failed (HTTP Error 500: Internal Server Error); retrying in 5s
[08-12 10:42:22] claim failed (HTTP Error 500: Internal Server Error); retrying in 5s
[08-12 10:42:27] claim failed (HTTP Error 500: Internal Server Error); retrying in 5s
[08-12 10:42:32] claim failed (HTTP Error 500: Internal Server Error); retrying in 5s
[08-12 10:42:38] claim failed (HTTP Error 500: Internal Server Error); retrying in 5s
[08-12 10:42:43] claim failed (HTTP Error 500: Internal Server Error); retrying in 5s
[08-12 10:42:48] claim failed (HTTP Error 500: Internal Server Error); retrying in 5s
[08-12 10:42:53] claim failed (HTTP Error 500: Internal Server Error); retrying in 5s
[08-12 10:42:59] claim failed (HTTP Error 500: Internal Server Error); retrying in 5s
[08-12 10:43:04] claim failed (HTTP Error 500: Internal Server Error); retrying in 5s
[08-12 10:43:09] claim failed (HTTP Error 500: Internal Server Error); retrying in 5s
[08-12 10:43:14] claim failed (HTTP Error 500: Internal Server Error); retrying in 5s
[08-12 10:43:20] claim failed (HTTP Error 500: Internal Server Error); retrying in 5s
[08-12 10:43:25] claim failed (HTTP Error 500: Internal Server Error); retrying in 5s
[08-12 10:43:30] claim failed (HTTP Error 500: Internal Server Error); retrying in 5s
[08-12 10:43:35] claim failed (HTTP Error 500: Internal Server Error); retrying in 5s
[08-12 10:43:41] claim failed (HTTP Error 500: Internal Server Error); retrying in 5s
[08-12 10:43:46] claim failed (HTTP Error 500: Internal Server Error); retrying in 5s
[08-12 10:43:51] claim failed (HTTP Error 500: Internal Server Error); retrying in 5s
[08-12 10:43:56] claim failed (HTTP Error 500: Internal Server Error); retrying in 5s
[08-12 10:44:02] claim failed (HTTP Error 500: Internal Server Error); retrying in 5s
[08-12 10:44:07] claim failed (HTTP Error 500: Internal Server Error); retrying in 5s
[08-12 10:44:12] claim failed (HTTP Error 500: Internal Server Error); retrying in 5s
[08-12 10:44:17] claim failed (HTTP Error 500: Internal Server Error); retrying in 5s
[08-12 10:44:23] claim failed (HTTP Error 500: Internal Server Error); retrying in 5s
[08-12 10:44:28] claim failed (HTTP Error 500: Internal Server Error); retrying in 5s
[08-12 10:44:33] claim failed (HTTP Error 500: Internal Server Error); retrying in 5s
[08-12 10:44:38] claim failed (HTTP Error 500: Internal Server Error); retrying in 5s
[08-12 10:44:44] claim failed (HTTP Error 500: Internal Server Error); retrying in 5s
[08-12 10:44:49] claim failed (HTTP Error 500: Internal Server Error); retrying in 5s
[08-12 10:44:54] claim failed (HTTP Error 500: Internal Server Error); retrying in 5s
[08-12 10:44:59] claim failed (HTTP Error 500: Internal Server Error); retrying in 5s
[08-12 10:45:05] claim failed (HTTP Error 500: Internal Server Error); retrying in 5s
[08-12 10:45:10] claim failed (HTTP Error 500: Internal Server Error); retrying in 5s
[08-12 10:45:15] claim failed (HTTP Error 500: Internal Server Error); retrying in 5s
[08-12 10:45:20] claim failed (HTTP Error 500: Internal Server Error); retrying in 5s
[08-12 10:45:26] claim failed (HTTP Error 500: Internal Server Error); retrying in 5s
[08-12 10:45:31] claim failed (HTTP Error 500: Internal Server Error); retrying in 5s
[08-12 10:45:36] claim failed (HTTP Error 500: Internal Server Error); retrying in 5s
[08-12 10:45:41] claim failed (HTTP Error 500: Internal Server Error); retrying in 5s
[08-12 10:45:47] claim failed (HTTP Error 500: Internal Server Error); retrying in 5s
[08-12 10:45:52] claim failed (HTTP Error 500: Internal Server Error); retrying in 5s
[08-12 10:45:57] claim failed (HTTP Error 500: Internal Server Error); retrying in 5s
[08-12 10:46:03] claim failed (HTTP Error 500: Internal Server Error); retrying in 5s
[08-12 10:46:08] claim failed (HTTP Error 500: Internal Server Error); retrying in 5s
[08-12 10:46:13] claim failed (HTTP Error 500: Internal Server Error); retrying in 5s
[08-12 10:46:18] claim failed (HTTP Error 500: Internal Server Error); retrying in 5s
[08-12 10:46:24] claim failed (HTTP Error 500: Internal Server Error); retrying in 5s
[08-12 10:46:29] claim failed (HTTP Error 500: Internal Server Error); retrying in 5s
[08-12 10:46:34] claim failed (HTTP Error 500: Internal Server Error); retrying in 5s
[08-12 10:46:39] claim failed (HTTP Error 500: Internal Server Error); retrying in 5s
[08-12 10:46:44] claim failed (HTTP Error 500: Internal Server Error); retrying in 5s
[08-12 10:46:50] claim failed (HTTP Error 500: Internal Server Error); retrying in 5s
[08-12 10:46:55] claim failed (HTTP Error 500: Internal Server Error); retrying in 5s
[08-12 10:47:00] claim failed (HTTP Error 500: Internal Server Error); retrying in 5s
[08-12 10:47:05] claim failed (HTTP Error 500: Internal Server Error); retrying in 5s
[08-12 10:47:11] claim failed (HTTP Error 500: Internal Server Error); retrying in 5s
[08-12 10:47:16] claim failed (HTTP Error 500: Internal Server Error); retrying in 5s
[08-12 10:47:21] claim failed (HTTP Error 500: Internal Server Error); retrying in 5s
[08-12 10:47:26] claim failed (HTTP Error 500: Internal Server Error); retrying in 5s
[08-12 10:47:32] claim failed (HTTP Error 500: Internal Server Error); retrying in 5s
[08-12 10:47:37] claim failed (HTTP Error 500: Internal Server Error); retrying in 5s
[08-12 10:47:42] claim failed (HTTP Error 500: Internal Server Error); retrying in 5s
[08-12 10:47:47] claim failed (HTTP Error 500: Internal Server Error); retrying in 5s
[08-12 10:47:53] claim failed (HTTP Error 500: Internal Server Error); retrying in 5s
[08-12 10:47:58] claim failed (HTTP Error 500: Internal Server Error); retrying in 5s
[08-12 10:48:03] claim failed (HTTP Error 500: Internal Server Error); retrying in 5s
[08-12 10:48:08] claim failed (HTTP Error 500: Internal Server Error); retrying in 5s
[08-12 10:48:14] claim failed (HTTP Error 500: Internal Server Error); retrying in 5s
[08-12 10:48:19] claim failed (HTTP Error 500: Internal Server Error); retrying in 5s
[08-12 10:48:24] claim failed (HTTP Error 500: Internal Server Error); retrying in 5s
[08-12 10:48:29] claim failed (HTTP Error 500: Internal Server Error); retrying in 5s
[08-12 10:48:35] claim failed (HTTP Error 500: Internal Server Error); retrying in 5s
[08-12 10:48:40] claim failed (HTTP Error 500: Internal Server Error); retrying in 5s
[08-12 10:48:45] claim failed (HTTP Error 500: Internal Server Error); retrying in 5s
[08-12 10:48:50] claim failed (HTTP Error 500: Internal Server Error); retrying in 5s
[08-12 10:48:56] claim failed (HTTP Error 500: Internal Server Error); retrying in 5s
[08-12 10:49:01] claim failed (HTTP Error 500: Internal Server Error); retrying in 5s
[08-12 10:49:06] claim failed (HTTP Error 500: Internal Server Error); retrying in 5s
[08-12 10:49:11] claim failed (HTTP Error 500: Internal Server Error); retrying in 5s
[08-12 10:49:17] claim failed (HTTP Error 500: Internal Server Error); retrying in 5s
[08-12 10:49:22] claim failed (HTTP Error 500: Internal Server Error); retrying in 5s
[08-12 10:49:27] claim failed (HTTP Error 500: Internal Server Error); retrying in 5s
[08-12 10:49:32] claim failed (HTTP Error 500: Internal Server Error); retrying in 5s
[08-12 10:49:37] claim failed (HTTP Error 500: Internal Server Error); retrying in 5s
[08-12 10:49:43] claim failed (HTTP Error 500: Internal Server Error); retrying in 5s
[08-12 10:49:48] claim failed (HTTP Error 500: Internal Server Error); retrying in 5s
[08-12 10:49:53] claim failed (HTTP Error 500: Internal Server Error); retrying in 5s
[08-12 10:49:58] claim failed (HTTP Error 500: Internal Server Error); retrying in 5s
[08-12 10:50:04] claim failed (HTTP Error 500: Internal Server Error); retrying in 5s
[08-12 10:50:09] claim failed (HTTP Error 500: Internal Server Error); retrying in 5s
[08-12 10:50:14] claim failed (HTTP Error 500: Internal Server Error); retrying in 5s
[08-12 10:50:19] claim failed (HTTP Error 500: Internal Server Error); retrying in 5s
[08-12 10:50:25] claim failed (HTTP Error 500: Internal Server Error); retrying in 5s
[08-12 10:50:30] claim failed (HTTP Error 500: Internal Server Error); retrying in 5s
[08-12 10:50:35] claim failed (HTTP Error 500: Internal Server Error); retrying in 5s
[08-12 10:50:40] claim failed (HTTP Error 500: Internal Server Error); retrying in 5s
[08-12 10:50:46] claim failed (HTTP Error 500: Internal Server Error); retrying in 5s
[08-12 10:50:51] claim failed (HTTP Error 500: Internal Server Error); retrying in 5s
[08-12 10:50:56] claim failed (HTTP Error 500: Internal Server Error); retrying in 5s
[08-12 10:51:01] claim failed (HTTP Error 500: Internal Server Error); retrying in 5s
[08-12 10:51:07] claim failed (HTTP Error 500: Internal Server Error); retrying in 5s
[08-12 10:51:12] claim failed (HTTP Error 500: Internal Server Error); retrying in 5s
[08-12 10:51:17] claim failed (HTTP Error 500: Internal Server Error); retrying in 5s
[08-12 10:51:22] claim failed (HTTP Error 500: Internal Server Error); retrying in 5s
[08-12 10:51:28] claim failed (HTTP Error 500: Internal Server Error); retrying in 5s
[08-12 10:51:33] claim failed (HTTP Error 500: Internal Server Error); retrying in 5s
[08-12 10:51:38] claim failed (HTTP Error 500: Internal Server Error); retrying in 5s
[08-12 10:51:43] claim failed (HTTP Error 500: Internal Server Error); retrying in 5s
[08-12 10:51:49] claim failed (HTTP Error 500: Internal Server Error); retrying in 5s
[08-12 10:51:54] claim failed (HTTP Error 500: Internal Server Error); retrying in 5s
[08-12 10:51:59] claim failed (HTTP Error 500: Internal Server Error); retrying in 5s
[08-12 10:52:04] claim failed (HTTP Error 500: Internal Server Error); retrying in 5s
[08-12 10:52:10] claim failed (HTTP Error 500: Internal Server Error); retrying in 5s
[08-12 10:52:15] claim failed (HTTP Error 500: Internal Server Error); retrying in 5s
[08-12 10:52:20] claim failed (HTTP Error 500: Internal Server Error); retrying in 5s
[08-12 10:52:26] claim failed (HTTP Error 500: Internal Server Error); retrying in 5s
[08-12 10:52:31] claim failed (HTTP Error 500: Internal Server Error); retrying in 5s
[08-12 10:52:36] claim failed (HTTP Error 500: Internal Server Error); retrying in 5s
[08-12 10:52:41] claim failed (HTTP Error 500: Internal Server Error); retrying in 5s
[08-12 10:52:47] claim failed (HTTP Error 500: Internal Server Error); retrying in 5s
[08-12 10:52:52] claim failed (HTTP Error 500: Internal Server Error); retrying in 5s
[08-12 10:52:57] claim failed (HTTP Error 500: Internal Server Error); retrying in 5s
[08-12 10:53:02] claim failed (HTTP Error 500: Internal Server Error); retrying in 5s
[08-12 10:53:08] claim failed (HTTP Error 500: Internal Server Error); retrying in 5s
[08-12 10:53:13] claim failed (HTTP Error 500: Internal Server Error); retrying in 5s
[08-12 10:53:18] claim failed (HTTP Error 500: Internal Server Error); retrying in 5s
[08-12 10:53:23] claim failed (HTTP Error 500: Internal Server Error); retrying in 5s
[08-12 10:53:29] claim failed (HTTP Error 500: Internal Server Error); retrying in 5s
[08-12 10:53:34] claim failed (HTTP Error 500: Internal Server Error); retrying in 5s
[08-12 10:53:39] claim failed (HTTP Error 500: Internal Server Error); retrying in 5s
[08-12 10:53:44] claim failed (HTTP Error 500: Internal Server Error); retrying in 5s
[08-12 10:53:50] claim failed (HTTP Error 500: Internal Server Error); retrying in 5s
[08-12 10:53:55] claim failed (HTTP Error 500: Internal Server Error); retrying in 5s
[08-12 10:54:00] claim failed (HTTP Error 500: Internal Server Error); retrying in 5s
[08-12 10:54:05] claim failed (HTTP Error 500: Internal Server Error); retrying in 5s
[08-12 10:54:11] claim failed (HTTP Error 500: Internal Server Error); retrying in 5s
[08-12 10:54:16] claim failed (HTTP Error 500: Internal Server Error); retrying in 5s
[08-12 10:54:21] claim failed (HTTP Error 500: Internal Server Error); retrying in 5s
[08-12 10:54:26] claim failed (HTTP Error 500: Internal Server Error); retrying in 5s
[08-12 10:54:32] claim failed (HTTP Error 500: Internal Server Error); retrying in 5s
[08-12 10:54:37] claim failed (HTTP Error 500: Internal Server Error); retrying in 5s
[08-12 10:54:42] claim failed (HTTP Error 500: Internal Server Error); retrying in 5s
[08-12 10:54:47] claim failed (HTTP Error 500: Internal Server Error); retrying in 5s
[08-12 10:54:53] claim failed (HTTP Error 500: Internal Server Error); retrying in 5s
[08-12 10:54:58] claim failed (HTTP Error 500: Internal Server Error); retrying in 5s
[08-12 10:55:03] claim failed (HTTP Error 500: Internal Server Error); retrying in 5s
[08-12 10:55:08] claim failed (HTTP Error 500: Internal Server Error); retrying in 5s
[08-12 10:55:14] claim failed (HTTP Error 500: Internal Server Error); retrying in 5s
[08-12 10:55:19] claim failed (HTTP Error 500: Internal Server Error); retrying in 5s
[08-12 10:55:24] claim failed (HTTP Error 500: Internal Server Error); retrying in 5s
[08-12 10:55:29] claim failed (HTTP Error 500: Internal Server Error); retrying in 5s
[08-12 10:55:35] claim failed (HTTP Error 500: Internal Server Error); retrying in 5s
[08-12 10:55:40] claim failed (HTTP Error 500: Internal Server Error); retrying in 5s
[08-12 10:55:45] claim failed (HTTP Error 500: Internal Server Error); retrying in 5s
[08-12 10:55:50] claim failed (HTTP Error 500: Internal Server Error); retrying in 5s
[08-12 10:55:56] claim failed (HTTP Error 500: Internal Server Error); retrying in 5s
[08-12 10:56:01] claim failed (HTTP Error 500: Internal Server Error); retrying in 5s
[08-12 10:56:06] claim failed (HTTP Error 500: Internal Server Error); retrying in 5s
[08-12 10:56:11] claim failed (HTTP Error 500: Internal Server Error); retrying in 5s
[08-12 10:56:16] claim failed (HTTP Error 500: Internal Server Error); retrying in 5s
[08-12 10:56:22] claim failed (HTTP Error 500: Internal Server Error); retrying in 5s
[08-12 10:56:27] claim failed (HTTP Error 500: Internal Server Error); retrying in 5s
[08-12 10:56:32] claim failed (HTTP Error 500: Internal Server Error); retrying in 5s
[08-12 10:56:38] claim failed (HTTP Error 500: Internal Server Error); retrying in 5s
[08-12 10:56:43] claim failed (HTTP Error 500: Internal Server Error); retrying in 5s
[08-12 10:56:48] claim failed (HTTP Error 500: Internal Server Error); retrying in 5s
[08-12 10:56:53] claim failed (HTTP Error 500: Internal Server Error); retrying in 5s
[08-12 10:56:59] claim failed (HTTP Error 500: Internal Server Error); retrying in 5s
[08-12 10:57:04] claim failed (HTTP Error 500: Internal Server Error); retrying in 5s
[08-12 10:57:09] claim failed (HTTP Error 500: Internal Server Error); retrying in 5s
[08-12 10:57:14] claim failed (HTTP Error 500: Internal Server Error); retrying in 5s
[08-12 10:57:20] claim failed (HTTP Error 500: Internal Server Error); retrying in 5s
[08-12 10:57:25] claim failed (HTTP Error 500: Internal Server Error); retrying in 5s
[08-12 10:57:30] claim failed (HTTP Error 500: Internal Server Error); retrying in 5s
[08-12 10:57:35] claim failed (HTTP Error 500: Internal Server Error); retrying in 5s
[08-12 10:57:41] claim failed (HTTP Error 500: Internal Server Error); retrying in 5s
[08-12 10:57:46] claim failed (HTTP Error 500: Internal Server Error); retrying in 5s
[08-12 10:57:51] claim failed (HTTP Error 500: Internal Server Error); retrying in 5s
[08-12 10:57:56] claim failed (HTTP Error 500: Internal Server Error); retrying in 5s
[08-12 10:58:01] claim failed (HTTP Error 500: Internal Server Error); retrying in 5s
[08-12 10:58:07] claim failed (HTTP Error 500: Internal Server Error); retrying in 5s
[08-12 10:58:12] claim failed (HTTP Error 500: Internal Server Error); retrying in 5s
[08-12 10:58:17] claim failed (HTTP Error 500: Internal Server Error); retrying in 5s
[08-12 10:58:22] claim failed (HTTP Error 500: Internal Server Error); retrying in 5s
[08-12 10:58:28] claim failed (HTTP Error 500: Internal Server Error); retrying in 5s
[08-12 10:58:33] claim failed (HTTP Error 500: Internal Server Error); retrying in 5s
[08-12 10:58:38] claim failed (HTTP Error 500: Internal Server Error); retrying in 5s
[08-12 10:58:43] claim failed (HTTP Error 500: Internal Server Error); retrying in 5s
[08-12 10:58:49] claim failed (HTTP Error 500: Internal Server Error); retrying in 5s
[08-12 10:58:54] claim failed (HTTP Error 500: Internal Server Error); retrying in 5s
[08-12 10:58:59] claim failed (HTTP Error 500: Internal Server Error); retrying in 5s
[08-12 10:59:04] claim failed (HTTP Error 500: Internal Server Error); retrying in 5s
[08-12 10:59:10] claim failed (HTTP Error 500: Internal Server Error); retrying in 5s
[08-12 10:59:15] claim failed (HTTP Error 500: Internal Server Error); retrying in 5s
[08-12 10:59:20] claim failed (HTTP Error 500: Internal Server Error); retrying in 5s
[08-12 10:59:25] claim failed (HTTP Error 500: Internal Server Error); retrying in 5s
[08-12 10:59:31] claim failed (HTTP Error 500: Internal Server Error); retrying in 5s
[08-12 10:59:36] claim failed (HTTP Error 500: Internal Server Error); retrying in 5s
[08-12 10:59:41] claim failed (HTTP Error 500: Internal Server Error); retrying in 5s
[08-12 10:59:46] claim failed (HTTP Error 500: Internal Server Error); retrying in 5s
[08-12 10:59:51] claim failed (HTTP Error 500: Internal Server Error); retrying in 5s
[08-12 10:59:57] claim failed (HTTP Error 500: Internal Server Error); retrying in 5s
[08-12 11:00:02] claim failed (HTTP Error 500: Internal Server Error); retrying in 5s
[08-12 11:00:07] claim failed (HTTP Error 500: Internal Server Error); retrying in 5s
[08-12 11:00:13] claim failed (HTTP Error 500: Internal Server Error); retrying in 5s
[08-12 11:00:18] claim failed (HTTP Error 500: Internal Server Error); retrying in 5s
[08-12 11:00:23] claim failed (HTTP Error 500: Internal Server Error); retrying in 5s
[08-12 11:00:28] claim failed (HTTP Error 500: Internal Server Error); retrying in 5s
[08-12 11:00:34] claim failed (HTTP Error 500: Internal Server Error); retrying in 5s
[08-12 11:00:39] claim failed (HTTP Error 500: Internal Server Error); retrying in 5s
[08-12 11:00:44] claim failed (HTTP Error 500: Internal Server Error); retrying in 5s
[08-12 11:00:49] claim failed (HTTP Error 500: Internal Server Error); retrying in 5s
[08-12 11:00:55] claim failed (HTTP Error 500: Internal Server Error); retrying in 5s
[08-12 11:01:00] claim failed (HTTP Error 500: Internal Server Error); retrying in 5s
[08-12 11:01:05] claim failed (HTTP Error 500: Internal Server Error); retrying in 5s
[08-12 11:01:10] claim failed (HTTP Error 500: Internal Server Error); retrying in 5s
[08-12 11:01:15] claim failed (HTTP Error 500: Internal Server Error); retrying in 5s
[08-12 11:01:21] claim failed (HTTP Error 500: Internal Server Error); retrying in 5s
[08-12 11:01:26] claim failed (HTTP Error 500: Internal Server Error); retrying in 5s
[08-12 11:01:31] claim failed (HTTP Error 500: Internal Server Error); retrying in 5s
[08-12 11:01:36] claim failed (HTTP Error 500: Internal Server Error); retrying in 5s
[08-12 11:01:42] claim failed (HTTP Error 500: Internal Server Error); retrying in 5s
[08-12 11:01:47] claim failed (HTTP Error 500: Internal Server Error); retrying in 5s
[08-12 11:01:52] claim failed (HTTP Error 500: Internal Server Error); retrying in 5s
[08-12 11:01:57] claim failed (HTTP Error 500: Internal Server Error); retrying in 5s
[08-12 11:02:03] claim failed (HTTP Error 500: Internal Server Error); retrying in 5s
[08-12 11:02:08] claim failed (HTTP Error 500: Internal Server Error); retrying in 5s
[08-12 11:02:13] claim failed (HTTP Error 500: Internal Server Error); retrying in 5s
[08-12 11:02:18] claim failed (HTTP Error 500: Internal Server Error); retrying in 5s
[08-12 11:02:24] claim failed (HTTP Error 500: Internal Server Error); retrying in 5s
[08-12 11:02:29] claim failed (HTTP Error 500: Internal Server Error); retrying in 5s
[08-12 11:02:34] claim failed (HTTP Error 500: Internal Server Error); retrying in 5s
[08-12 11:02:40] claim failed (HTTP Error 500: Internal Server Error); retrying in 5s
[08-12 11:02:45] claim failed (HTTP Error 500: Internal Server Error); retrying in 5s
[08-12 11:02:50] claim failed (HTTP Error 500: Internal Server Error); retrying in 5s
[08-12 11:02:55] claim failed (HTTP Error 500: Internal Server Error); retrying in 5s
[08-12 11:03:01] claim failed (HTTP Error 500: Internal Server Error); retrying in 5s
[08-12 11:03:06] claim failed (HTTP Error 500: Internal Server Error); retrying in 5s
[08-12 11:03:11] claim failed (HTTP Error 500: Internal Server Error); retrying in 5s
[08-12 11:03:16] claim failed (HTTP Error 500: Internal Server Error); retrying in 5s
[08-12 11:03:22] claim failed (HTTP Error 500: Internal Server Error); retrying in 5s
[08-12 11:03:27] claim failed (HTTP Error 500: Internal Server Error); retrying in 5s
[08-12 11:03:32] claim failed (HTTP Error 500: Internal Server Error); retrying in 5s
[08-12 11:03:37] claim failed (HTTP Error 500: Internal Server Error); retrying in 5s
[08-12 11:03:43] claim failed (HTTP Error 500: Internal Server Error); retrying in 5s
[08-12 11:03:48] claim failed (HTTP Error 500: Internal Server Error); retrying in 5s
[08-12 11:03:53] claim failed (HTTP Error 500: Internal Server Error); retrying in 5s
[08-12 11:03:58] claim failed (HTTP Error 500: Internal Server Error); retrying in 5s
[08-12 11:04:04] claim failed (HTTP Error 500: Internal Server Error); retrying in 5s
[08-12 11:04:09] claim failed (HTTP Error 500: Internal Server Error); retrying in 5s
[08-12 11:04:14] claim failed (HTTP Error 500: Internal Server Error); retrying in 5s
[08-12 11:04:19] claim failed (HTTP Error 500: Internal Server Error); retrying in 5s
[08-12 11:04:25] claim failed (HTTP Error 500: Internal Server Error); retrying in 5s
[08-12 11:04:30] claim failed (HTTP Error 500: Internal Server Error); retrying in 5s
[08-12 11:04:35] claim failed (HTTP Error 500: Internal Server Error); retrying in 5s
[08-12 11:04:40] claim failed (HTTP Error 500: Internal Server Error); retrying in 5s
[08-12 11:04:46] claim failed (HTTP Error 500: Internal Server Error); retrying in 5s
[08-12 11:04:51] claim failed (HTTP Error 500: Internal Server Error); retrying in 5s
[08-12 11:04:56] claim failed (HTTP Error 500: Internal Server Error); retrying in 5s
[08-12 11:05:02] claim failed (HTTP Error 500: Internal Server Error); retrying in 5s
[08-12 11:05:07] claim failed (HTTP Error 500: Internal Server Error); retrying in 5s
[08-12 11:05:12] claim failed (HTTP Error 500: Internal Server Error); retrying in 5s
[08-12 11:05:17] claim failed (HTTP Error 500: Internal Server Error); retrying in 5s
[08-12 11:05:23] claim failed (HTTP Error 500: Internal Server Error); retrying in 5s
[08-12 11:05:28] claim failed (HTTP Error 500: Internal Server Error); retrying in 5s
[08-12 11:05:33] claim failed (HTTP Error 500: Internal Server Error); retrying in 5s
[08-12 11:05:38] claim failed (HTTP Error 500: Internal Server Error); retrying in 5s
[08-12 11:05:44] claim failed (HTTP Error 500: Internal Server Error); retrying in 5s
[08-12 11:05:49] claim failed (HTTP Error 500: Internal Server Error); retrying in 5s
[08-12 11:05:54] claim failed (HTTP Error 500: Internal Server Error); retrying in 5s
[08-12 11:05:59] claim failed (HTTP Error 500: Internal Server Error); retrying in 5s
[08-12 11:06:04] claim failed (HTTP Error 500: Internal Server Error); retrying in 5s
[08-12 11:06:10] claim failed (HTTP Error 500: Internal Server Error); retrying in 5s
[08-12 11:06:15] claim failed (HTTP Error 500: Internal Server Error); retrying in 5s
[08-12 11:06:20] claim failed (HTTP Error 500: Internal Server Error); retrying in 5s
[08-12 11:06:26] claim failed (HTTP Error 500: Internal Server Error); retrying in 5s
[08-12 11:06:31] claim failed (HTTP Error 500: Internal Server Error); retrying in 5s
[08-12 11:06:36] claim failed (HTTP Error 500: Internal Server Error); retrying in 5s
[08-12 11:06:41] claim failed (HTTP Error 500: Internal Server Error); retrying in 5s
[08-12 11:06:46] claim failed (HTTP Error 500: Internal Server Error); retrying in 5s
[08-12 11:06:52] claim failed (HTTP Error 500: Internal Server Error); retrying in 5s
[08-12 11:06:57] claim failed (HTTP Error 500: Internal Server Error); retrying in 5s
[08-12 11:07:02] claim failed (HTTP Error 500: Internal Server Error); retrying in 5s
[08-12 11:07:07] claim failed (HTTP Error 500: Internal Server Error); retrying in 5s
[08-12 11:07:13] claim failed (HTTP Error 500: Internal Server Error); retrying in 5s
[08-12 11:07:18] claim failed (HTTP Error 500: Internal Server Error); retrying in 5s
[08-12 11:07:23] claim failed (HTTP Error 500: Internal Server Error); retrying in 5s
[08-12 11:07:28] claim failed (HTTP Error 500: Internal Server Error); retrying in 5s
[08-12 11:07:34] claim failed (HTTP Error 500: Internal Server Error); retrying in 5s
[08-12 11:07:39] claim failed (HTTP Error 500: Internal Server Error); retrying in 5s
[08-12 11:07:44] claim failed (HTTP Error 500: Internal Server Error); retrying in 5s
[08-12 11:07:49] claim failed (HTTP Error 500: Internal Server Error); retrying in 5s
[08-12 11:07:55] claim failed (HTTP Error 500: Internal Server Error); retrying in 5s
[08-12 11:08:00] claim failed (HTTP Error 500: Internal Server Error); retrying in 5s
[08-12 11:08:05] claim failed (HTTP Error 500: Internal Server Error); retrying in 5s
[08-12 11:08:10] claim failed (HTTP Error 500: Internal Server Error); retrying in 5s
[08-12 11:08:16] claim failed (HTTP Error 500: Internal Server Error); retrying in 5s
[08-12 11:08:21] claim failed (HTTP Error 500: Internal Server Error); retrying in 5s
[08-12 11:08:26] claim failed (HTTP Error 500: Internal Server Error); retrying in 5s
[08-12 11:08:31] claim failed (HTTP Error 500: Internal Server Error); retrying in 5s
[08-12 11:08:36] claim failed (HTTP Error 500: Internal Server Error); retrying in 5s
[08-12 11:08:42] claim failed (HTTP Error 500: Internal Server Error); retrying in 5s
[08-12 11:08:47] claim failed (HTTP Error 500: Internal Server Error); retrying in 5s
[08-12 11:08:52] claim failed (HTTP Error 500: Internal Server Error); retrying in 5s
[08-12 11:08:57] claim failed (HTTP Error 500: Internal Server Error); retrying in 5s
[08-12 11:09:03] claim failed (HTTP Error 500: Internal Server Error); retrying in 5s
[08-12 11:09:08] claim failed (HTTP Error 500: Internal Server Error); retrying in 5s
[08-12 11:09:13] claim failed (HTTP Error 500: Internal Server Error); retrying in 5s
[08-12 11:09:18] claim failed (HTTP Error 500: Internal Server Error); retrying in 5s
[08-12 11:09:24] claim failed (HTTP Error 500: Internal Server Error); retrying in 5s
[08-12 11:09:29] claim failed (HTTP Error 500: Internal Server Error); retrying in 5s
[08-12 11:09:34] claim failed (HTTP Error 500: Internal Server Error); retrying in 5s
[08-12 11:09:39] claim failed (HTTP Error 500: Internal Server Error); retrying in 5s
[08-12 11:09:45] claim failed (HTTP Error 500: Internal Server Error); retrying in 5s
[08-12 11:09:50] claim failed (HTTP Error 500: Internal Server Error); retrying in 5s
[08-12 11:09:55] claim failed (HTTP Error 500: Internal Server Error); retrying in 5s
[08-12 11:10:00] claim failed (HTTP Error 500: Internal Server Error); retrying in 5s
[08-12 11:10:05] claim failed (HTTP Error 500: Internal Server Error); retrying in 5s
[08-12 11:10:11] claim failed (HTTP Error 500: Internal Server Error); retrying in 5s
[08-12 11:10:16] claim failed (HTTP Error 500: Internal Server Error); retrying in 5s
[08-12 11:10:21] claim failed (HTTP Error 500: Internal Server Error); retrying in 5s
[08-12 11:10:26] claim failed (HTTP Error 500: Internal Server Error); retrying in 5s
[08-12 11:10:32] claim failed (HTTP Error 500: Internal Server Error); retrying in 5s
[08-12 11:10:37] claim failed (HTTP Error 500: Internal Server Error); retrying in 5s
[08-12 11:10:42] claim failed (HTTP Error 500: Internal Server Error); retrying in 5s
[08-12 11:10:47] claim failed (HTTP Error 500: Internal Server Error); retrying in 5s
[08-12 11:10:52] claim failed (HTTP Error 500: Internal Server Error); retrying in 5s
[08-12 11:10:58] claim failed (HTTP Error 500: Internal Server Error); retrying in 5s
[08-12 11:11:03] claim failed (HTTP Error 500: Internal Server Error); retrying in 5s
[08-12 11:11:08] claim failed (HTTP Error 500: Internal Server Error); retrying in 5s
[08-12 11:11:13] claim failed (HTTP Error 500: Internal Server Error); retrying in 5s
[08-12 11:11:19] claim failed (HTTP Error 500: Internal Server Error); retrying in 5s
[08-12 11:11:24] claim failed (HTTP Error 500: Internal Server Error); retrying in 5s
[08-12 11:11:29] claim failed (HTTP Error 500: Internal Server Error); retrying in 5s
[08-12 11:11:34] claim failed (HTTP Error 500: Internal Server Error); retrying in 5s
[08-12 11:11:40] claim failed (HTTP Error 500: Internal Server Error); retrying in 5s
[08-12 11:11:45] claim failed (HTTP Error 500: Internal Server Error); retrying in 5s
[08-12 11:11:50] claim failed (HTTP Error 500: Internal Server Error); retrying in 5s
[08-12 11:11:55] claim failed (HTTP Error 500: Internal Server Error); retrying in 5s
[08-12 11:12:01] claim failed (HTTP Error 500: Internal Server Error); retrying in 5s
[08-12 11:12:06] claim failed (HTTP Error 500: Internal Server Error); retrying in 5s
[08-12 11:12:11] claim failed (HTTP Error 500: Internal Server Error); retrying in 5s
[08-12 11:12:16] claim failed (HTTP Error 500: Internal Server Error); retrying in 5s
[08-12 11:12:22] claim failed (HTTP Error 500: Internal Server Error); retrying in 5s
[08-12 11:12:27] claim failed (HTTP Error 500: Internal Server Error); retrying in 5s
[08-12 11:12:32] claim failed (HTTP Error 500: Internal Server Error); retrying in 5s
[08-12 11:12:37] claim failed (HTTP Error 500: Internal Server Error); retrying in 5s
[08-12 11:12:43] claim failed (HTTP Error 500: Internal Server Error); retrying in 5s
[08-12 11:12:48] claim failed (HTTP Error 500: Internal Server Error); retrying in 5s
[08-12 11:12:53] claim failed (HTTP Error 500: Internal Server Error); retrying in 5s
[08-12 11:12:58] claim failed (HTTP Error 500: Internal Server Error); retrying in 5s
[08-12 11:13:04] claim failed (HTTP Error 500: Internal Server Error); retrying in 5s
[08-12 11:13:09] claim failed (HTTP Error 500: Internal Server Error); retrying in 5s
[08-12 11:13:14] claim failed (HTTP Error 500: Internal Server Error); retrying in 5s
[08-12 11:13:19] claim failed (HTTP Error 500: Internal Server Error); retrying in 5s
[08-12 11:13:25] claim failed (HTTP Error 500: Internal Server Error); retrying in 5s
[08-12 11:13:30] claim failed (HTTP Error 500: Internal Server Error); retrying in 5s
[08-12 11:13:35] claim failed (HTTP Error 500: Internal Server Error); retrying in 5s
[08-12 11:13:40] claim failed (HTTP Error 500: Internal Server Error); retrying in 5s
[08-12 11:13:46] claim failed (HTTP Error 500: Internal Server Error); retrying in 5s
[08-12 11:13:51] claim failed (HTTP Error 500: Internal Server Error); retrying in 5s
[08-12 11:13:56] claim failed (HTTP Error 500: Internal Server Error); retrying in 5s
[08-12 11:14:01] claim failed (HTTP Error 500: Internal Server Error); retrying in 5s
[08-12 11:14:07] claim failed (HTTP Error 500: Internal Server Error); retrying in 5s
[08-12 11:14:12] claim failed (HTTP Error 500: Internal Server Error); retrying in 5s
[08-12 11:14:17] claim failed (HTTP Error 500: Internal Server Error); retrying in 5s
[08-12 11:14:22] claim failed (HTTP Error 500: Internal Server Error); retrying in 5s
[08-12 11:14:28] claim failed (HTTP Error 500: Internal Server Error); retrying in 5s
[08-12 11:14:33] claim failed (HTTP Error 500: Internal Server Error); retrying in 5s
[08-12 11:14:38] claim failed (HTTP Error 500: Internal Server Error); retrying in 5s
[08-12 11:14:43] claim failed (HTTP Error 500: Internal Server Error); retrying in 5s
[08-12 11:14:48] claim failed (HTTP Error 500: Internal Server Error); retrying in 5s
[08-12 11:14:54] claim failed (HTTP Error 500: Internal Server Error); retrying in 5s
[08-12 11:14:59] claim failed (HTTP Error 500: Internal Server Error); retrying in 5s
[08-12 11:15:04] claim failed (HTTP Error 500: Internal Server Error); retrying in 5s
[08-12 11:15:09] claim failed (HTTP Error 500: Internal Server Error); retrying in 5s
[08-12 11:15:15] claim failed (HTTP Error 500: Internal Server Error); retrying in 5s
[08-12 11:15:20] claim failed (HTTP Error 500: Internal Server Error); retrying in 5s
[08-12 11:15:25] claim failed (HTTP Error 500: Internal Server Error); retrying in 5s
[08-12 11:15:30] claim failed (HTTP Error 500: Internal Server Error); retrying in 5s
[08-12 11:15:36] claim failed (HTTP Error 500: Internal Server Error); retrying in 5s
[08-12 11:15:41] claim failed (HTTP Error 500: Internal Server Error); retrying in 5s
[08-12 11:15:46] claim failed (HTTP Error 500: Internal Server Error); retrying in 5s
[08-12 11:15:51] claim failed (HTTP Error 500: Internal Server Error); retrying in 5s
[08-12 11:15:57] claim failed (HTTP Error 500: Internal Server Error); retrying in 5s
[08-12 11:16:02] claim failed (HTTP Error 500: Internal Server Error); retrying in 5s
[08-12 11:16:07] claim failed (HTTP Error 500: Internal Server Error); retrying in 5s
[08-12 11:16:12] claim failed (HTTP Error 500: Internal Server Error); retrying in 5s
[08-12 11:16:18] claim failed (HTTP Error 500: Internal Server Error); retrying in 5s
[08-12 11:16:23] claim failed (HTTP Error 500: Internal Server Error); retrying in 5s
[08-12 11:16:28] claim failed (HTTP Error 500: Internal Server Error); retrying in 5s
[08-12 11:16:33] claim failed (HTTP Error 500: Internal Server Error); retrying in 5s
[08-12 11:16:39] claim failed (HTTP Error 500: Internal Server Error); retrying in 5s
[08-12 11:16:44] claim failed (HTTP Error 500: Internal Server Error); retrying in 5s
[08-12 11:16:49] claim failed (HTTP Error 500: Internal Server Error); retrying in 5s
[08-12 11:16:54] claim failed (HTTP Error 500: Internal Server Error); retrying in 5s
[08-12 11:17:00] claim failed (HTTP Error 500: Internal Server Error); retrying in 5s
[08-12 11:17:05] claim failed (HTTP Error 500: Internal Server Error); retrying in 5s
[08-12 11:17:10] claim failed (HTTP Error 500: Internal Server Error); retrying in 5s
[08-12 11:17:15] claim failed (HTTP Error 500: Internal Server Error); retrying in 5s
[08-12 11:17:21] claim failed (HTTP Error 500: Internal Server Error); retrying in 5s
[08-12 11:17:26] claim failed (HTTP Error 500: Internal Server Error); retrying in 5s
[08-12 11:17:31] claim failed (HTTP Error 500: Internal Server Error); retrying in 5s
[08-12 11:17:36] claim failed (HTTP Error 500: Internal Server Error); retrying in 5s
[08-12 11:17:42] claim failed (HTTP Error 500: Internal Server Error); retrying in 5s
[08-12 11:17:47] claim failed (HTTP Error 500: Internal Server Error); retrying in 5s
[08-12 11:17:52] claim failed (HTTP Error 500: Internal Server Error); retrying in 5s
[08-12 11:17:57] claim failed (HTTP Error 500: Internal Server Error); retrying in 5s
[08-12 11:18:03] claim failed (HTTP Error 500: Internal Server Error); retrying in 5s
[08-12 11:18:08] claim failed (HTTP Error 500: Internal Server Error); retrying in 5s
[08-12 11:18:13] claim failed (HTTP Error 500: Internal Server Error); retrying in 5s
[08-12 11:18:18] claim failed (HTTP Error 500: Internal Server Error); retrying in 5s
[08-12 11:18:23] claim failed (HTTP Error 500: Internal Server Error); retrying in 5s
[08-12 11:18:29] claim failed (HTTP Error 500: Internal Server Error); retrying in 5s
[08-12 11:18:34] claim failed (HTTP Error 500: Internal Server Error); retrying in 5s
[08-12 11:18:39] claim failed (HTTP Error 500: Internal Server Error); retrying in 5s
[08-12 11:18:44] claim failed (HTTP Error 500: Internal Server Error); retrying in 5s
[08-12 11:18:50] claim failed (HTTP Error 500: Internal Server Error); retrying in 5s
[08-12 11:18:55] claim failed (HTTP Error 500: Internal Server Error); retrying in 5s
[08-12 11:19:00] claim failed (HTTP Error 500: Internal Server Error); retrying in 5s
[08-12 11:19:05] claim failed (HTTP Error 500: Internal Server Error); retrying in 5s
[08-12 11:19:11] claim failed (HTTP Error 500: Internal Server Error); retrying in 5s
[08-12 11:19:16] claim failed (HTTP Error 500: Internal Server Error); retrying in 5s
[08-12 11:19:21] claim failed (HTTP Error 500: Internal Server Error); retrying in 5s
[08-12 11:19:26] claim failed (HTTP Error 500: Internal Server Error); retrying in 5s
[08-12 11:19:32] claim failed (HTTP Error 500: Internal Server Error); retrying in 5s
[08-12 11:19:37] claim failed (HTTP Error 500: Internal Server Error); retrying in 5s
[08-12 11:19:42] claim failed (HTTP Error 500: Internal Server Error); retrying in 5s
[08-12 11:19:47] claim failed (HTTP Error 500: Internal Server Error); retrying in 5s
[08-12 11:19:53] claim failed (HTTP Error 500: Internal Server Error); retrying in 5s
[08-12 11:19:58] claim failed (HTTP Error 500: Internal Server Error); retrying in 5s
[08-12 11:20:03] claim failed (HTTP Error 500: Internal Server Error); retrying in 5s
[08-12 11:20:08] claim failed (HTTP Error 500: Internal Server Error); retrying in 5s
[08-12 11:20:14] claim failed (HTTP Error 500: Internal Server Error); retrying in 5s
[08-12 11:20:19] claim failed (HTTP Error 500: Internal Server Error); retrying in 5s
[08-12 11:20:24] claim failed (HTTP Error 500: Internal Server Error); retrying in 5s
[08-12 11:20:29] claim failed (HTTP Error 500: Internal Server Error); retrying in 5s
[08-12 11:20:35] claim failed (HTTP Error 500: Internal Server Error); retrying in 5s
[08-12 11:20:40] claim failed (HTTP Error 500: Internal Server Error); retrying in 5s
[08-12 11:20:45] claim failed (HTTP Error 500: Internal Server Error); retrying in 5s
[08-12 11:20:50] claim failed (HTTP Error 500: Internal Server Error); retrying in 5s
[08-12 11:20:56] claim failed (HTTP Error 500: Internal Server Error); retrying in 5s
[08-12 11:21:01] claim failed (HTTP Error 500: Internal Server Error); retrying in 5s
[08-12 11:21:06] claim failed (HTTP Error 500: Internal Server Error); retrying in 5s
[08-12 11:21:11] claim failed (HTTP Error 500: Internal Server Error); retrying in 5s
[08-12 11:21:17] claim failed (HTTP Error 500: Internal Server Error); retrying in 5s
[08-12 11:21:22] claim failed (HTTP Error 500: Internal Server Error); retrying in 5s
[08-12 11:21:27] claim failed (HTTP Error 500: Internal Server Error); retrying in 5s
[08-12 11:21:32] claim failed (HTTP Error 500: Internal Server Error); retrying in 5s
[08-12 11:21:38] claim failed (HTTP Error 500: Internal Server Error); retrying in 5s
[08-12 11:21:43] claim failed (HTTP Error 500: Internal Server Error); retrying in 5s
[08-12 11:21:48] claim failed (HTTP Error 500: Internal Server Error); retrying in 5s
[08-12 11:21:53] claim failed (HTTP Error 500: Internal Server Error); retrying in 5s
[08-12 11:21:59] claim failed (HTTP Error 500: Internal Server Error); retrying in 5s
[08-12 11:22:04] claim failed (HTTP Error 500: Internal Server Error); retrying in 5s
[08-12 11:22:09] claim failed (HTTP Error 500: Internal Server Error); retrying in 5s
[08-12 11:22:14] claim failed (HTTP Error 500: Internal Server Error); retrying in 5s
[08-12 11:22:20] claim failed (HTTP Error 500: Internal Server Error); retrying in 5s
[08-12 11:22:25] claim failed (HTTP Error 500: Internal Server Error); retrying in 5s
[08-12 11:22:30] claim failed (HTTP Error 500: Internal Server Error); retrying in 5s
[08-12 11:22:35] claim failed (HTTP Error 500: Internal Server Error); retrying in 5s
[08-12 11:22:41] claim failed (HTTP Error 500: Internal Server Error); retrying in 5s
[08-12 11:22:46] claim failed (HTTP Error 500: Internal Server Error); retrying in 5s
[08-12 11:22:51] claim failed (HTTP Error 500: Internal Server Error); retrying in 5s
[08-12 11:22:56] claim failed (HTTP Error 500: Internal Server Error); retrying in 5s
[08-12 11:23:01] claim failed (HTTP Error 500: Internal Server Error); retrying in 5s
[08-12 11:23:07] claim failed (HTTP Error 500: Internal Server Error); retrying in 5s
[08-12 11:23:12] claim failed (HTTP Error 500: Internal Server Error); retrying in 5s
[08-12 11:23:17] claim failed (HTTP Error 500: Internal Server Error); retrying in 5s
[08-12 11:23:22] claim failed (HTTP Error 500: Internal Server Error); retrying in 5s
[08-12 11:23:28] claim failed (HTTP Error 500: Internal Server Error); retrying in 5s
[08-12 11:23:33] claim failed (HTTP Error 500: Internal Server Error); retrying in 5s
[08-12 11:23:38] claim failed (HTTP Error 500: Internal Server Error); retrying in 5s
[08-12 11:23:43] claim failed (HTTP Error 500: Internal Server Error); retrying in 5s
[08-12 11:23:49] claim failed (HTTP Error 500: Internal Server Error); retrying in 5s
[08-12 11:23:54] claim failed (HTTP Error 500: Internal Server Error); retrying in 5s
[08-12 11:23:59] claim failed (HTTP Error 500: Internal Server Error); retrying in 5s
[08-12 11:24:04] claim failed (HTTP Error 500: Internal Server Error); retrying in 5s
[08-12 11:24:10] claim failed (HTTP Error 500: Internal Server Error); retrying in 5s
[08-12 11:24:15] claim failed (HTTP Error 500: Internal Server Error); retrying in 5s
[08-12 11:24:20] claim failed (HTTP Error 500: Internal Server Error); retrying in 5s
[08-12 11:24:25] claim failed (HTTP Error 500: Internal Server Error); retrying in 5s
[08-12 11:24:31] claim failed (HTTP Error 500: Internal Server Error); retrying in 5s
[08-12 11:24:36] claim failed (HTTP Error 500: Internal Server Error); retrying in 5s
[08-12 11:24:41] claim failed (HTTP Error 500: Internal Server Error); retrying in 5s
[08-12 11:24:46] claim failed (HTTP Error 500: Internal Server Error); retrying in 5s
[08-12 11:24:52] claim failed (HTTP Error 500: Internal Server Error); retrying in 5s
[08-12 11:24:57] claim failed (HTTP Error 500: Internal Server Error); retrying in 5s
[08-12 11:25:02] claim failed (HTTP Error 500: Internal Server Error); retrying in 5s
[08-12 11:25:07] claim failed (HTTP Error 500: Internal Server Error); retrying in 5s
[08-12 11:25:13] claim failed (HTTP Error 500: Internal Server Error); retrying in 5s
[08-12 11:25:18] claim failed (HTTP Error 500: Internal Server Error); retrying in 5s
[08-12 11:25:23] claim failed (HTTP Error 500: Internal Server Error); retrying in 5s
[08-12 11:25:28] claim failed (HTTP Error 500: Internal Server Error); retrying in 5s
[08-12 11:25:34] claim failed (HTTP Error 500: Internal Server Error); retrying in 5s
[08-12 11:25:39] claim failed (HTTP Error 500: Internal Server Error); retrying in 5s
[08-12 11:30:37] claim failed (HTTP Error 500: Internal Server Error); retrying in 5s
[08-12 11:30:42] claim failed (HTTP Error 500: Internal Server Error); retrying in 5s
[08-12 11:30:48] claim failed (HTTP Error 500: Internal Server Error); retrying in 5s
[08-12 11:30:53] claim failed (HTTP Error 500: Internal Server Error); retrying in 5s
[08-12 11:30:58] claim failed (HTTP Error 500: Internal Server Error); retrying in 5s
[08-12 11:31:04] claim failed (HTTP Error 500: Internal Server Error); retrying in 5s
[08-12 11:31:09] claim failed (HTTP Error 500: Internal Server Error); retrying in 5s
[08-12 11:31:14] claim failed (HTTP Error 500: Internal Server Error); retrying in 5s
[08-12 11:31:19] claim failed (HTTP Error 500: Internal Server Error); retrying in 5s
[08-12 11:31:25] claim failed (HTTP Error 500: Internal Server Error); retrying in 5s
[08-12 11:31:30] claim failed (HTTP Error 500: Internal Server Error); retrying in 5s
[08-12 11:31:35] claim failed (HTTP Error 500: Internal Server Error); retrying in 5s
[08-12 11:31:40] claim failed (HTTP Error 500: Internal Server Error); retrying in 5s
[08-12 11:31:46] claim failed (HTTP Error 500: Internal Server Error); retrying in 5s
[08-12 11:31:51] claim failed (HTTP Error 500: Internal Server Error); retrying in 5s
[08-12 11:31:57] claim failed (HTTP Error 500: Internal Server Error); retrying in 5s
[08-12 11:32:02] claim failed (HTTP Error 500: Internal Server Error); retrying in 5s
[08-12 11:32:07] claim failed (HTTP Error 500: Internal Server Error); retrying in 5s
[08-12 11:32:12] claim failed (HTTP Error 500: Internal Server Error); retrying in 5s
[08-12 11:32:18] claim failed (HTTP Error 500: Internal Server Error); retrying in 5s
[08-12 11:32:23] claim failed (HTTP Error 500: Internal Server Error); retrying in 5s
[08-12 11:32:29] claim failed (HTTP Error 500: Internal Server Error); retrying in 5s
[08-12 11:32:34] claim failed (HTTP Error 500: Internal Server Error); retrying in 5s
[08-12 11:32:39] claim failed (HTTP Error 500: Internal Server Error); retrying in 5s
[08-12 11:32:44] claim failed (HTTP Error 500: Internal Server Error); retrying in 5s
[08-12 11:32:50] claim failed (HTTP Error 500: Internal Server Error); retrying in 5s
[08-12 11:32:55] claim failed (HTTP Error 500: Internal Server Error); retrying in 5s
[08-12 11:33:00] claim failed (HTTP Error 500: Internal Server Error); retrying in 5s
[08-12 11:33:05] claim failed (HTTP Error 500: Internal Server Error); retrying in 5s
[08-12 11:33:10] claim failed (HTTP Error 500: Internal Server Error); retrying in 5s
[08-12 11:33:16] claim failed (HTTP Error 500: Internal Server Error); retrying in 5s
[08-12 11:33:21] claim failed (HTTP Error 500: Internal Server Error); retrying in 5s
[08-12 11:33:26] claim failed (HTTP Error 500: Internal Server Error); retrying in 5s
[08-12 11:33:31] claim failed (HTTP Error 500: Internal Server Error); retrying in 5s
[08-12 11:33:37] claim failed (HTTP Error 500: Internal Server Error); retrying in 5s
[08-12 11:33:42] claim failed (HTTP Error 500: Internal Server Error); retrying in 5s
[08-12 11:33:47] claim failed (HTTP Error 500: Internal Server Error); retrying in 5s
[08-12 11:33:52] claim failed (HTTP Error 500: Internal Server Error); retrying in 5s
[08-12 11:33:57] claim failed (HTTP Error 500: Internal Server Error); retrying in 5s
[08-12 11:34:03] claim failed (HTTP Error 500: Internal Server Error); retrying in 5s
[08-12 11:34:08] claim failed (HTTP Error 500: Internal Server Error); retrying in 5s
[08-12 11:34:13] claim failed (HTTP Error 500: Internal Server Error); retrying in 5s
[08-12 11:34:18] claim failed (HTTP Error 500: Internal Server Error); retrying in 5s
[08-12 11:34:24] claim failed (HTTP Error 500: Internal Server Error); retrying in 5s
[08-12 11:34:29] claim failed (HTTP Error 500: Internal Server Error); retrying in 5s
[08-12 11:34:34] claim failed (HTTP Error 500: Internal Server Error); retrying in 5s
[08-12 11:34:39] claim failed (HTTP Error 500: Internal Server Error); retrying in 5s
[08-12 11:34:45] claim failed (HTTP Error 500: Internal Server Error); retrying in 5s
[08-12 11:34:50] claim failed (HTTP Error 500: Internal Server Error); retrying in 5s
[08-12 11:34:55] claim failed (HTTP Error 500: Internal Server Error); retrying in 5s
[08-12 11:35:00] claim failed (HTTP Error 500: Internal Server Error); retrying in 5s
[08-12 11:35:05] claim failed (HTTP Error 500: Internal Server Error); retrying in 5s
[08-12 11:35:11] claim failed (HTTP Error 500: Internal Server Error); retrying in 5s
[08-12 11:35:16] claim failed (HTTP Error 500: Internal Server Error); retrying in 5s
[08-12 11:35:21] claim failed (HTTP Error 500: Internal Server Error); retrying in 5s
[08-12 11:35:26] claim failed (HTTP Error 500: Internal Server Error); retrying in 5s
[08-12 11:35:42] claim failed (HTTP Error 500: Internal Server Error); retrying in 5s
[08-12 11:35:47] claim failed (HTTP Error 500: Internal Server Error); retrying in 5s
[08-12 11:35:53] claim failed (HTTP Error 500: Internal Server Error); retrying in 5s
[08-12 11:35:58] claim failed (HTTP Error 500: Internal Server Error); retrying in 5s
[08-12 11:36:03] claim failed (HTTP Error 500: Internal Server Error); retrying in 5s
[08-12 11:36:08] claim failed (HTTP Error 500: Internal Server Error); retrying in 5s
[08-12 11:36:13] claim failed (HTTP Error 500: Internal Server Error); retrying in 5s
[08-12 11:36:19] claim failed (HTTP Error 500: Internal Server Error); retrying in 5s
[08-12 11:36:24] claim failed (HTTP Error 500: Internal Server Error); retrying in 5s
[08-12 11:36:29] claim failed (HTTP Error 500: Internal Server Error); retrying in 5s
[08-12 11:36:34] claim failed (HTTP Error 500: Internal Server Error); retrying in 5s
[08-12 11:36:40] claim failed (HTTP Error 500: Internal Server Error); retrying in 5s
[08-12 11:36:45] claim failed (HTTP Error 500: Internal Server Error); retrying in 5s
[08-12 11:37:00] claim failed (HTTP Error 500: Internal Server Error); retrying in 5s
[08-12 11:37:06] claim failed (HTTP Error 500: Internal Server Error); retrying in 5s
[08-12 11:37:11] claim failed (HTTP Error 500: Internal Server Error); retrying in 5s
[08-12 11:37:16] claim failed (HTTP Error 500: Internal Server Error); retrying in 5s
[08-12 11:37:21] claim failed (HTTP Error 500: Internal Server Error); retrying in 5s
[08-12 11:37:27] claim failed (HTTP Error 500: Internal Server Error); retrying in 5s
[08-12 11:37:32] claim failed (HTTP Error 500: Internal Server Error); retrying in 5s
[08-12 11:37:37] claim failed (HTTP Error 500: Internal Server Error); retrying in 5s
[08-12 11:37:42] claim failed (HTTP Error 500: Internal Server Error); retrying in 5s
[08-12 11:37:48] claim failed (HTTP Error 500: Internal Server Error); retrying in 5s
[08-12 11:37:53] claim failed (HTTP Error 500: Internal Server Error); retrying in 5s
[08-12 11:37:58] claim failed (HTTP Error 500: Internal Server Error); retrying in 5s
[08-12 11:38:03] claim failed (HTTP Error 500: Internal Server Error); retrying in 5s
[08-12 11:38:09] claim failed (HTTP Error 500: Internal Server Error); retrying in 5s
[08-12 11:38:14] claim failed (HTTP Error 500: Internal Server Error); retrying in 5s
[08-12 11:38:19] claim failed (HTTP Error 500: Internal Server Error); retrying in 5s
[08-12 11:38:24] claim failed (HTTP Error 500: Internal Server Error); retrying in 5s
[08-12 11:38:29] claim failed (HTTP Error 500: Internal Server Error); retrying in 5s
[08-12 11:38:35] claim failed (HTTP Error 500: Internal Server Error); retrying in 5s
[08-12 11:38:40] claim failed (HTTP Error 500: Internal Server Error); retrying in 5s
[08-12 11:38:45] claim failed (HTTP Error 500: Internal Server Error); retrying in 5s
[08-12 11:38:50] claim failed (HTTP Error 500: Internal Server Error); retrying in 5s
[08-12 11:38:56] claim failed (HTTP Error 500: Internal Server Error); retrying in 5s
[08-12 11:39:01] claim failed (HTTP Error 500: Internal Server Error); retrying in 5s
[08-12 11:39:06] claim failed (HTTP Error 500: Internal Server Error); retrying in 5s
[08-12 11:39:11] claim failed (HTTP Error 500: Internal Server Error); retrying in 5s
[08-12 11:39:16] claim failed (HTTP Error 500: Internal Server Error); retrying in 5s
[08-12 11:39:22] claim failed (HTTP Error 500: Internal Server Error); retrying in 5s
[08-12 11:39:27] claim failed (HTTP Error 500: Internal Server Error); retrying in 5s
[08-12 11:39:32] claim failed (HTTP Error 500: Internal Server Error); retrying in 5s
[08-12 11:39:37] claim failed (HTTP Error 500: Internal Server Error); retrying in 5s
[08-12 11:39:43] claim failed (HTTP Error 500: Internal Server Error); retrying in 5s
[08-12 11:39:48] claim failed (HTTP Error 500: Internal Server Error); retrying in 5s
[08-12 11:39:53] claim failed (HTTP Error 500: Internal Server Error); retrying in 5s
[08-12 11:39:58] claim failed (HTTP Error 500: Internal Server Error); retrying in 5s
[08-12 11:40:03] claim failed (HTTP Error 500: Internal Server Error); retrying in 5s
[08-12 11:40:09] claim failed (HTTP Error 500: Internal Server Error); retrying in 5s
[08-12 11:40:14] claim failed (HTTP Error 500: Internal Server Error); retrying in 5s
[08-12 11:40:19] claim failed (HTTP Error 500: Internal Server Error); retrying in 5s
[08-12 11:40:24] claim failed (HTTP Error 500: Internal Server Error); retrying in 5s
[08-12 11:40:30] claim failed (HTTP Error 500: Internal Server Error); retrying in 5s
[08-12 11:40:35] claim failed (HTTP Error 500: Internal Server Error); retrying in 5s
[08-12 11:40:40] claim failed (HTTP Error 500: Internal Server Error); retrying in 5s
[08-12 11:40:45] claim failed (HTTP Error 500: Internal Server Error); retrying in 5s
[08-12 11:40:50] claim failed (HTTP Error 500: Internal Server Error); retrying in 5s
[08-12 11:40:56] claim failed (HTTP Error 500: Internal Server Error); retrying in 5s
[08-12 11:41:01] claim failed (HTTP Error 500: Internal Server Error); retrying in 5s
[08-12 11:41:06] claim failed (HTTP Error 500: Internal Server Error); retrying in 5s
[08-12 11:41:11] claim failed (HTTP Error 500: Internal Server Error); retrying in 5s
[08-12 11:41:16] claim failed (HTTP Error 500: Internal Server Error); retrying in 5s
[08-12 11:41:22] claim failed (HTTP Error 500: Internal Server Error); retrying in 5s
[08-12 11:41:27] claim failed (HTTP Error 500: Internal Server Error); retrying in 5s
[08-12 11:41:32] claim failed (HTTP Error 500: Internal Server Error); retrying in 5s
[08-12 11:41:37] claim failed (HTTP Error 500: Internal Server Error); retrying in 5s
[08-12 11:41:43] claim failed (HTTP Error 500: Internal Server Error); retrying in 5s
[08-12 11:41:48] claim failed (HTTP Error 500: Internal Server Error); retrying in 5s
[08-12 11:41:53] claim failed (HTTP Error 500: Internal Server Error); retrying in 5s
[08-12 11:41:58] claim failed (HTTP Error 500: Internal Server Error); retrying in 5s
[08-12 11:42:03] claim failed (HTTP Error 500: Internal Server Error); retrying in 5s
[08-12 11:42:09] claim failed (HTTP Error 500: Internal Server Error); retrying in 5s
[08-12 11:42:14] claim failed (HTTP Error 500: Internal Server Error); retrying in 5s
[08-12 11:42:19] claim failed (HTTP Error 500: Internal Server Error); retrying in 5s
[08-12 11:42:24] claim failed (HTTP Error 500: Internal Server Error); retrying in 5s
[08-12 11:42:29] claim failed (HTTP Error 500: Internal Server Error); retrying in 5s
[08-12 11:42:35] claim failed (HTTP Error 500: Internal Server Error); retrying in 5s
[08-12 11:42:40] claim failed (HTTP Error 500: Internal Server Error); retrying in 5s
[08-12 11:42:45] claim failed (HTTP Error 500: Internal Server Error); retrying in 5s
[08-12 11:42:50] claim failed (HTTP Error 500: Internal Server Error); retrying in 5s
[08-12 11:42:56] claim failed (HTTP Error 500: Internal Server Error); retrying in 5s
[08-12 11:43:01] claim failed (HTTP Error 500: Internal Server Error); retrying in 5s
[08-12 11:43:06] claim failed (HTTP Error 500: Internal Server Error); retrying in 5s
[08-12 11:43:11] claim failed (HTTP Error 500: Internal Server Error); retrying in 5s
[08-12 11:43:17] claim failed (HTTP Error 500: Internal Server Error); retrying in 5s
[08-12 11:43:22] claim failed (HTTP Error 500: Internal Server Error); retrying in 5s
[08-12 11:43:27] claim failed (HTTP Error 500: Internal Server Error); retrying in 5s
[08-12 11:43:32] claim failed (HTTP Error 500: Internal Server Error); retrying in 5s
[08-12 11:43:38] claim failed (HTTP Error 500: Internal Server Error); retrying in 5s
[08-12 11:43:43] claim failed (HTTP Error 500: Internal Server Error); retrying in 5s
[08-12 11:43:48] claim failed (HTTP Error 500: Internal Server Error); retrying in 5s
[08-12 11:43:53] claim failed (HTTP Error 500: Internal Server Error); retrying in 5s
[08-12 11:43:59] claim failed (HTTP Error 500: Internal Server Error); retrying in 5s
[08-12 11:44:04] claim failed (HTTP Error 500: Internal Server Error); retrying in 5s
[08-12 11:44:09] claim failed (HTTP Error 500: Internal Server Error); retrying in 5s
[08-12 11:44:15] claim failed (HTTP Error 500: Internal Server Error); retrying in 5s
[08-12 11:44:20] claim failed (HTTP Error 500: Internal Server Error); retrying in 5s
[08-12 11:44:25] claim failed (HTTP Error 500: Internal Server Error); retrying in 5s
[08-12 11:44:30] claim failed (HTTP Error 500: Internal Server Error); retrying in 5s
[08-12 11:44:35] claim failed (HTTP Error 500: Internal Server Error); retrying in 5s
[08-12 11:44:41] claim failed (HTTP Error 500: Internal Server Error); retrying in 5s
[08-12 11:44:46] claim failed (HTTP Error 500: Internal Server Error); retrying in 5s
[08-12 11:44:51] claim failed (HTTP Error 500: Internal Server Error); retrying in 5s
[08-12 11:44:56] claim failed (HTTP Error 500: Internal Server Error); retrying in 5s
[08-12 11:45:02] claim failed (HTTP Error 500: Internal Server Error); retrying in 5s
[08-12 11:45:07] claim failed (HTTP Error 500: Internal Server Error); retrying in 5s
[08-12 11:45:12] claim failed (HTTP Error 500: Internal Server Error); retrying in 5s
[08-12 11:45:17] claim failed (HTTP Error 500: Internal Server Error); retrying in 5s
[08-12 11:45:23] claim failed (HTTP Error 500: Internal Server Error); retrying in 5s
[08-12 11:45:28] claim failed (HTTP Error 500: Internal Server Error); retrying in 5s
[08-12 11:45:33] claim failed (HTTP Error 500: Internal Server Error); retrying in 5s
[08-12 11:45:38] claim failed (HTTP Error 500: Internal Server Error); retrying in 5s
[08-12 11:45:43] claim failed (HTTP Error 500: Internal Server Error); retrying in 5s
[08-12 11:45:49] claim failed (HTTP Error 500: Internal Server Error); retrying in 5s
[08-12 11:45:54] claim failed (HTTP Error 500: Internal Server Error); retrying in 5s
[08-12 12:24:25] claim failed (HTTP Error 500: Internal Server Error); retrying in 5s
[08-12 12:24:30] claim failed (HTTP Error 500: Internal Server Error); retrying in 5s
[08-12 12:24:35] claim failed (HTTP Error 500: Internal Server Error); retrying in 5s
[08-12 12:24:41] claim failed (HTTP Error 500: Internal Server Error); retrying in 5s
[08-12 12:24:46] claim failed (HTTP Error 500: Internal Server Error); retrying in 5s
[08-12 12:24:51] claim failed (HTTP Error 500: Internal Server Error); retrying in 5s
[08-12 12:24:56] claim failed (HTTP Error 500: Internal Server Error); retrying in 5s
[08-12 12:25:02] claim failed (HTTP Error 500: Internal Server Error); retrying in 5s
[08-12 12:25:07] claim failed (HTTP Error 500: Internal Server Error); retrying in 5s
[08-12 12:25:12] claim failed (HTTP Error 500: Internal Server Error); retrying in 5s
[08-12 12:25:17] claim failed (HTTP Error 500: Internal Server Error); retrying in 5s
[08-12 12:25:23] claim failed (HTTP Error 500: Internal Server Error); retrying in 5s
[08-12 12:25:28] claim failed (HTTP Error 500: Internal Server Error); retrying in 5s
[08-12 12:25:33] claim failed (HTTP Error 500: Internal Server Error); retrying in 5s
[08-12 12:25:38] claim failed (HTTP Error 500: Internal Server Error); retrying in 5s
[08-12 12:25:43] claim failed (HTTP Error 500: Internal Server Error); retrying in 5s
[08-12 12:25:49] claim failed (HTTP Error 500: Internal Server Error); retrying in 5s
[08-12 12:25:54] claim failed (HTTP Error 500: Internal Server Error); retrying in 5s
[08-12 12:25:59] claim failed (HTTP Error 500: Internal Server Error); retrying in 5s
[08-12 12:26:04] claim failed (HTTP Error 500: Internal Server Error); retrying in 5s
[08-12 12:26:10] claim failed (HTTP Error 500: Internal Server Error); retrying in 5s
[08-12 12:26:15] claim failed (HTTP Error 500: Internal Server Error); retrying in 5s
[08-12 12:26:20] claim failed (HTTP Error 500: Internal Server Error); retrying in 5s
[08-12 12:26:25] claim failed (HTTP Error 500: Internal Server Error); retrying in 5s
[08-12 12:26:30] claim failed (HTTP Error 500: Internal Server Error); retrying in 5s
[08-12 12:26:36] claim failed (HTTP Error 500: Internal Server Error); retrying in 5s
[08-12 12:26:41] claim failed (HTTP Error 500: Internal Server Error); retrying in 5s
[08-12 12:26:46] claim failed (HTTP Error 500: Internal Server Error); retrying in 5s
[08-12 12:26:51] claim failed (HTTP Error 500: Internal Server Error); retrying in 5s
[08-12 12:26:57] claim failed (HTTP Error 500: Internal Server Error); retrying in 5s
[08-12 12:27:02] claim failed (HTTP Error 500: Internal Server Error); retrying in 5s
[08-12 12:27:07] claim failed (HTTP Error 500: Internal Server Error); retrying in 5s
[08-12 12:27:12] claim failed (HTTP Error 500: Internal Server Error); retrying in 5s
[08-12 12:27:18] claim failed (HTTP Error 500: Internal Server Error); retrying in 5s
[08-12 12:27:23] claim failed (HTTP Error 500: Internal Server Error); retrying in 5s
[08-12 12:27:28] claim failed (HTTP Error 500: Internal Server Error); retrying in 5s
[08-12 12:27:33] claim failed (HTTP Error 500: Internal Server Error); retrying in 5s
[08-12 12:27:38] claim failed (HTTP Error 500: Internal Server Error); retrying in 5s
[08-12 12:27:44] claim failed (HTTP Error 500: Internal Server Error); retrying in 5s
[08-12 12:27:49] claim failed (HTTP Error 500: Internal Server Error); retrying in 5s
[08-12 12:27:54] claim failed (HTTP Error 500: Internal Server Error); retrying in 5s
[08-12 12:27:59] claim failed (HTTP Error 500: Internal Server Error); retrying in 5s
[08-12 12:28:05] claim failed (HTTP Error 500: Internal Server Error); retrying in 5s
[08-12 12:28:10] claim failed (HTTP Error 500: Internal Server Error); retrying in 5s
[08-12 12:28:15] claim failed (HTTP Error 500: Internal Server Error); retrying in 5s
[08-12 12:28:20] claim failed (HTTP Error 500: Internal Server Error); retrying in 5s
[08-12 12:28:25] claim failed (HTTP Error 500: Internal Server Error); retrying in 5s
[08-12 12:28:31] claim failed (HTTP Error 500: Internal Server Error); retrying in 5s
[08-12 12:28:36] claim failed (HTTP Error 500: Internal Server Error); retrying in 5s
[08-12 12:28:41] claim failed (HTTP Error 500: Internal Server Error); retrying in 5s
[08-12 12:28:46] claim failed (HTTP Error 500: Internal Server Error); retrying in 5s
[08-12 12:28:52] claim failed (HTTP Error 500: Internal Server Error); retrying in 5s
[08-12 12:28:57] claim failed (HTTP Error 500: Internal Server Error); retrying in 5s
[08-12 12:29:02] claim failed (HTTP Error 500: Internal Server Error); retrying in 5s
[08-12 12:29:07] claim failed (HTTP Error 500: Internal Server Error); retrying in 5s
[08-12 12:29:12] claim failed (HTTP Error 500: Internal Server Error); retrying in 5s
[08-12 12:29:18] claim failed (HTTP Error 500: Internal Server Error); retrying in 5s
[08-12 12:29:23] claim failed (HTTP Error 500: Internal Server Error); retrying in 5s
[08-12 12:29:28] claim failed (HTTP Error 500: Internal Server Error); retrying in 5s
[08-12 12:29:33] claim failed (HTTP Error 500: Internal Server Error); retrying in 5s
[08-12 12:29:39] claim failed (HTTP Error 500: Internal Server Error); retrying in 5s
[08-12 12:29:44] claim failed (HTTP Error 500: Internal Server Error); retrying in 5s
[08-12 12:29:49] claim failed (HTTP Error 500: Internal Server Error); retrying in 5s
[08-12 12:29:54] claim failed (HTTP Error 500: Internal Server Error); retrying in 5s
[08-12 12:30:00] claim failed (HTTP Error 500: Internal Server Error); retrying in 5s
[08-12 12:30:05] claim failed (HTTP Error 500: Internal Server Error); retrying in 5s
[08-12 12:30:10] claim failed (HTTP Error 500: Internal Server Error); retrying in 5s
[08-12 12:30:15] claim failed (HTTP Error 500: Internal Server Error); retrying in 5s
[08-12 12:30:21] claim failed (HTTP Error 500: Internal Server Error); retrying in 5s
[08-12 12:30:26] claim failed (HTTP Error 500: Internal Server Error); retrying in 5s
[08-12 12:30:31] claim failed (HTTP Error 500: Internal Server Error); retrying in 5s
[08-12 12:30:36] claim failed (HTTP Error 500: Internal Server Error); retrying in 5s
[08-12 12:30:41] claim failed (HTTP Error 500: Internal Server Error); retrying in 5s
[08-12 12:30:47] claim failed (HTTP Error 500: Internal Server Error); retrying in 5s
[08-12 12:30:52] claim failed (HTTP Error 500: Internal Server Error); retrying in 5s
[08-12 12:30:57] claim failed (HTTP Error 500: Internal Server Error); retrying in 5s
[08-12 12:31:03] claim failed (HTTP Error 500: Internal Server Error); retrying in 5s
[08-12 12:31:08] claim failed (HTTP Error 500: Internal Server Error); retrying in 5s
[08-12 12:31:13] claim failed (HTTP Error 500: Internal Server Error); retrying in 5s
[08-12 12:31:18] claim failed (HTTP Error 500: Internal Server Error); retrying in 5s
[08-12 12:31:23] claim failed (HTTP Error 500: Internal Server Error); retrying in 5s
[08-12 12:31:29] claim failed (HTTP Error 500: Internal Server Error); retrying in 5s
[08-12 12:31:34] claim failed (HTTP Error 500: Internal Server Error); retrying in 5s
[08-12 12:31:39] claim failed (HTTP Error 500: Internal Server Error); retrying in 5s
[08-12 12:31:44] claim failed (HTTP Error 500: Internal Server Error); retrying in 5s
[08-12 12:31:50] claim failed (HTTP Error 500: Internal Server Error); retrying in 5s
[08-12 12:31:55] claim failed (HTTP Error 500: Internal Server Error); retrying in 5s
[08-12 12:32:00] claim failed (HTTP Error 500: Internal Server Error); retrying in 5s
[08-12 12:32:05] claim failed (HTTP Error 500: Internal Server Error); retrying in 5s
[08-12 12:32:10] claim failed (HTTP Error 500: Internal Server Error); retrying in 5s
[08-12 12:32:16] claim failed (HTTP Error 500: Internal Server Error); retrying in 5s
[08-12 12:32:21] claim failed (HTTP Error 500: Internal Server Error); retrying in 5s
[08-12 12:32:26] claim failed (HTTP Error 500: Internal Server Error); retrying in 5s
[08-12 12:32:31] claim failed (HTTP Error 500: Internal Server Error); retrying in 5s
[08-12 12:32:37] claim failed (HTTP Error 500: Internal Server Error); retrying in 5s
[08-12 12:32:42] claim failed (HTTP Error 500: Internal Server Error); retrying in 5s
[08-12 12:32:47] claim failed (HTTP Error 500: Internal Server Error); retrying in 5s
[08-12 12:32:52] claim failed (HTTP Error 500: Internal Server Error); retrying in 5s
[08-12 12:32:58] claim failed (HTTP Error 500: Internal Server Error); retrying in 5s
[08-12 12:33:03] claim failed (HTTP Error 500: Internal Server Error); retrying in 5s
[08-12 12:33:08] claim failed (HTTP Error 500: Internal Server Error); retrying in 5s
[08-12 12:33:13] claim failed (HTTP Error 500: Internal Server Error); retrying in 5s
[08-12 12:33:18] claim failed (HTTP Error 500: Internal Server Error); retrying in 5s
[08-12 12:33:24] claim failed (HTTP Error 500: Internal Server Error); retrying in 5s
[08-12 12:33:29] claim failed (HTTP Error 500: Internal Server Error); retrying in 5s
[08-12 12:33:34] claim failed (HTTP Error 500: Internal Server Error); retrying in 5s
[08-12 12:33:39] claim failed (HTTP Error 500: Internal Server Error); retrying in 5s
[08-12 12:33:45] claim failed (HTTP Error 500: Internal Server Error); retrying in 5s
[08-12 12:33:50] claim failed (HTTP Error 500: Internal Server Error); retrying in 5s
[08-12 12:33:55] claim failed (HTTP Error 500: Internal Server Error); retrying in 5s
[08-12 12:34:01] claim failed (HTTP Error 500: Internal Server Error); retrying in 5s
[08-12 12:34:06] claim failed (HTTP Error 500: Internal Server Error); retrying in 5s
[08-12 12:34:11] claim failed (HTTP Error 500: Internal Server Error); retrying in 5s
[08-12 12:34:16] claim failed (HTTP Error 500: Internal Server Error); retrying in 5s
[08-12 12:34:21] claim failed (HTTP Error 500: Internal Server Error); retrying in 5s
[08-12 12:34:27] claim failed (HTTP Error 500: Internal Server Error); retrying in 5s
[08-12 12:34:32] claim failed (HTTP Error 500: Internal Server Error); retrying in 5s
[08-12 12:34:37] claim failed (HTTP Error 500: Internal Server Error); retrying in 5s
[08-12 12:34:42] claim failed (HTTP Error 500: Internal Server Error); retrying in 5s
[08-12 12:34:48] claim failed (HTTP Error 500: Internal Server Error); retrying in 5s
[08-12 12:34:53] claim failed (HTTP Error 500: Internal Server Error); retrying in 5s
[08-12 12:34:58] claim failed (HTTP Error 500: Internal Server Error); retrying in 5s
[08-12 12:35:03] claim failed (HTTP Error 500: Internal Server Error); retrying in 5s
[08-12 12:35:08] claim failed (HTTP Error 500: Internal Server Error); retrying in 5s
[08-12 12:35:14] claim failed (HTTP Error 500: Internal Server Error); retrying in 5s
[08-12 12:35:19] claim failed (HTTP Error 500: Internal Server Error); retrying in 5s
[08-12 12:35:24] claim failed (HTTP Error 500: Internal Server Error); retrying in 5s
[08-12 12:35:29] claim failed (HTTP Error 500: Internal Server Error); retrying in 5s
[08-12 12:35:35] claim failed (HTTP Error 500: Internal Server Error); retrying in 5s
[08-12 12:35:40] claim failed (HTTP Error 500: Internal Server Error); retrying in 5s
[08-12 12:35:45] claim failed (HTTP Error 500: Internal Server Error); retrying in 5s
[08-12 12:35:50] claim failed (HTTP Error 500: Internal Server Error); retrying in 5s
[08-12 12:35:56] claim failed (HTTP Error 500: Internal Server Error); retrying in 5s
[08-12 12:36:01] claim failed (HTTP Error 500: Internal Server Error); retrying in 5s
[08-12 12:36:06] claim failed (HTTP Error 500: Internal Server Error); retrying in 5s
[08-12 12:36:11] claim failed (HTTP Error 500: Internal Server Error); retrying in 5s
[08-12 12:36:17] claim failed (HTTP Error 500: Internal Server Error); retrying in 5s
[08-12 12:36:22] claim failed (HTTP Error 500: Internal Server Error); retrying in 5s
[08-12 12:36:27] claim failed (HTTP Error 500: Internal Server Error); retrying in 5s
[08-12 12:36:32] claim failed (HTTP Error 500: Internal Server Error); retrying in 5s
[08-12 12:36:37] claim failed (HTTP Error 500: Internal Server Error); retrying in 5s
[08-12 12:36:43] claim failed (HTTP Error 500: Internal Server Error); retrying in 5s
[08-12 12:36:48] claim failed (HTTP Error 500: Internal Server Error); retrying in 5s
[08-12 12:36:53] claim failed (HTTP Error 500: Internal Server Error); retrying in 5s
[08-12 12:36:58] claim failed (HTTP Error 500: Internal Server Error); retrying in 5s
[08-12 12:37:04] claim failed (HTTP Error 500: Internal Server Error); retrying in 5s
[08-12 12:37:09] claim failed (HTTP Error 500: Internal Server Error); retrying in 5s
[08-12 12:37:14] claim failed (HTTP Error 500: Internal Server Error); retrying in 5s
[08-12 12:37:19] claim failed (HTTP Error 500: Internal Server Error); retrying in 5s
[08-12 12:37:25] claim failed (HTTP Error 500: Internal Server Error); retrying in 5s
[08-12 12:37:30] claim failed (HTTP Error 500: Internal Server Error); retrying in 5s
[08-12 12:37:35] claim failed (HTTP Error 500: Internal Server Error); retrying in 5s
[08-12 12:37:40] claim failed (HTTP Error 500: Internal Server Error); retrying in 5s
[08-12 12:37:45] claim failed (HTTP Error 500: Internal Server Error); retrying in 5s
[08-12 12:37:51] claim failed (HTTP Error 500: Internal Server Error); retrying in 5s
[08-12 12:37:56] claim failed (HTTP Error 500: Internal Server Error); retrying in 5s
[08-12 12:38:01] claim failed (HTTP Error 500: Internal Server Error); retrying in 5s
[08-12 12:38:07] claim failed (HTTP Error 500: Internal Server Error); retrying in 5s
[08-12 12:38:12] claim failed (HTTP Error 500: Internal Server Error); retrying in 5s
[08-12 12:38:17] claim failed (HTTP Error 500: Internal Server Error); retrying in 5s
[08-12 12:38:22] claim failed (HTTP Error 500: Internal Server Error); retrying in 5s
[08-12 12:38:28] claim failed (HTTP Error 500: Internal Server Error); retrying in 5s
[08-12 12:38:33] claim failed (HTTP Error 500: Internal Server Error); retrying in 5s
[08-12 12:38:38] claim failed (HTTP Error 500: Internal Server Error); retrying in 5s
[08-12 12:38:43] claim failed (HTTP Error 500: Internal Server Error); retrying in 5s
[08-12 12:38:49] claim failed (HTTP Error 500: Internal Server Error); retrying in 5s
[08-12 12:38:54] claim failed (HTTP Error 500: Internal Server Error); retrying in 5s
[08-12 12:38:59] claim failed (HTTP Error 500: Internal Server Error); retrying in 5s
[08-12 12:39:04] claim failed (HTTP Error 500: Internal Server Error); retrying in 5s
[08-12 12:39:09] claim failed (HTTP Error 500: Internal Server Error); retrying in 5s
[08-12 12:39:15] claim failed (HTTP Error 500: Internal Server Error); retrying in 5s
[08-12 12:39:20] claim failed (HTTP Error 500: Internal Server Error); retrying in 5s
[08-12 12:39:25] claim failed (HTTP Error 500: Internal Server Error); retrying in 5s
[08-12 12:39:30] claim failed (HTTP Error 500: Internal Server Error); retrying in 5s
[08-12 12:39:36] claim failed (HTTP Error 500: Internal Server Error); retrying in 5s
[08-12 12:39:41] claim failed (HTTP Error 500: Internal Server Error); retrying in 5s
[08-12 12:39:46] claim failed (HTTP Error 500: Internal Server Error); retrying in 5s
[08-12 12:39:51] claim failed (HTTP Error 500: Internal Server Error); retrying in 5s
[08-12 12:39:57] claim failed (HTTP Error 500: Internal Server Error); retrying in 5s
[08-12 12:40:02] claim failed (HTTP Error 500: Internal Server Error); retrying in 5s
[08-12 12:40:07] claim failed (HTTP Error 500: Internal Server Error); retrying in 5s
[08-12 12:40:12] claim failed (HTTP Error 500: Internal Server Error); retrying in 5s
[08-12 12:40:17] claim failed (HTTP Error 500: Internal Server Error); retrying in 5s
[08-12 12:40:23] claim failed (HTTP Error 500: Internal Server Error); retrying in 5s
[08-12 12:40:28] claim failed (HTTP Error 500: Internal Server Error); retrying in 5s
[08-12 12:40:33] claim failed (HTTP Error 500: Internal Server Error); retrying in 5s
[08-12 12:40:38] claim failed (HTTP Error 500: Internal Server Error); retrying in 5s
[08-12 12:40:44] claim failed (HTTP Error 500: Internal Server Error); retrying in 5s
[08-12 12:40:49] claim failed (HTTP Error 500: Internal Server Error); retrying in 5s
[08-12 12:40:54] claim failed (HTTP Error 500: Internal Server Error); retrying in 5s
[08-12 12:40:59] claim failed (HTTP Error 500: Internal Server Error); retrying in 5s
[08-12 12:41:04] claim failed (HTTP Error 500: Internal Server Error); retrying in 5s
[08-12 12:41:10] claim failed (HTTP Error 500: Internal Server Error); retrying in 5s
[08-12 12:41:15] claim failed (HTTP Error 500: Internal Server Error); retrying in 5s
[08-12 12:41:20] claim failed (HTTP Error 500: Internal Server Error); retrying in 5s
[08-12 12:41:25] claim failed (HTTP Error 500: Internal Server Error); retrying in 5s
[08-12 12:41:31] claim failed (HTTP Error 500: Internal Server Error); retrying in 5s
[08-12 12:41:36] claim failed (HTTP Error 500: Internal Server Error); retrying in 5s
[08-12 12:41:41] claim failed (HTTP Error 500: Internal Server Error); retrying in 5s
[08-12 12:41:46] claim failed (HTTP Error 500: Internal Server Error); retrying in 5s
[08-12 12:41:51] claim failed (HTTP Error 500: Internal Server Error); retrying in 5s
[08-12 12:41:57] claim failed (HTTP Error 500: Internal Server Error); retrying in 5s
[08-12 12:42:02] claim failed (HTTP Error 500: Internal Server Error); retrying in 5s
[08-12 12:42:07] claim failed (HTTP Error 500: Internal Server Error); retrying in 5s
[08-12 12:42:12] claim failed (HTTP Error 500: Internal Server Error); retrying in 5s
[08-12 12:42:18] claim failed (HTTP Error 500: Internal Server Error); retrying in 5s
[08-12 12:42:23] claim failed (HTTP Error 500: Internal Server Error); retrying in 5s
[08-13 07:50:52] claim failed (<urlopen error [Errno 11001] getaddrinfo failed>); retrying in 5s
[08-13 20:02:30] claim failed (<urlopen error [WinError 10065] A socket operation was attempted to an unreachable host>); retrying in 5s
